"province","raw_locality","school_count","sample_emis","normalized_suggestion","reviewer_decision"
"EC","UMTATA","149","200400014","Umtata","Umtata"
"EC","BIZANA","139","200500012","Bizana","Bizana"
"EC","MOUNT FRERE","131","200500004","Mount Frere","Mount Frere"
"EC","TABANKULU","123","200500009","Tabankulu","Tabankulu"
"EC","WILLOWVALE","123","200300008","Willowvale","Willowvale"
"EC","UNALLOCATED","117","200100386","Unallocated","Unallocated"
"EC","IDUTYWA","114","200300001","Idutywa","Idutywa"
"EC","NGQELENI","111","200400017","Ngqeleni","Ngqeleni"
"EC","MQANDULI","108","200400006","Mqanduli","Mqanduli"
"EC","ENGCOBO","99","200400030","Engcobo","Engcobo"
"EC","FLAGSTAFF","98","200500036","Flagstaff","Flagstaff"
"EC","NQAMAKWE","95","200300022","Nqamakwe","Nqamakwe"
"EC","QUMBU","92","200400002","Qumbu","Qumbu"
"EC","COFIMVABA","84","200300148","Cofimvaba","Cofimvaba"
"EC","TSOLO","81","200400022","Tsolo","Tsolo"
"EC","PORT ST JOHNS","80","200400029","Port St Johns","Port St Johns"
"EC","ELLIOTDALE","77","200400009","Elliotdale","Elliotdale"
"EC","TSOMO","76","200300020","Tsomo","Tsomo"
"EC","BUTTERWORTH","74","200300018","Butterworth","Butterworth"
"EC","MOUNT AYLIFF","67","200500005","Mount Ayliff","Mount Ayliff"
"EC","KING WILLIAM'S TOWN","61","200200001","King William's Town","King William's Town"
"EC","LUSIKISIKI","56","200404035","Lusikisiki","Lusikisiki"
"EC","MDANTSANE","56","200200060","Mdantsane","Mdantsane"
"EC","LIBODE","55","200400036","Libode","Libode"
"EC","KENTANI","52","200300006","Kentani","Kentani"
"EC","MT FLETCHER","46","200500020","Mt Fletcher","Mt Fletcher"
"EC","CALA","39","200600003","Cala","Cala"
"EC","MOTHERWELL","30","200100103","Motherwell","Motherwell"
"EC","LADY FRERE","30","200600029","Lady Frere","Lady Frere"
"EC","KWANOBUHLE","27","200100020","Kwanobuhle","Kwanobuhle"
"EC","MTFLETCHER","24","200400898","Mtfletcher","Mtfletcher"
"EC","ALICE","23","200200006","Alice","Alice"
"EC","MTHATHA","21","200400007","Mthatha","Mthatha"
"EC","KWAZAKHELE","21","200100002","Kwazakhele","Kwazakhele"
"EC","MATATIELE","21","200500274","Matatiele","Matatiele"
"EC","ZWIDE","20","200100149","Zwide","Zwide"
"EC","STERKSPRUIT","19","200600037","Sterkspruit","Sterkspruit"
"EC","PEDDIE","18","200200017","Peddie","Peddie"
"EC","QUEENSTOWN","18","200600053","Queenstown","Queenstown"
"EC","SIBI A/A","18","200500029","Sibi A/A","Sibi A/A"
"EC","NEW BRIGHTON","17","200100058","New Brighton","New Brighton"
"EC","EASTLONDON","17","200200095","Eastlondon","Eastlondon"
"EC","CENTRAL","15","200100090","Central","Central"
"EC","MIDDLEDRIFT","14","200200124","Middledrift","Middledrift"
"EC","WALMER","14","200100120","Walmer","Walmer"
"EC","GRAAFF-REINET","14","200100015","Graaff Reinet","Graaff Reinet"
"EC","FORT BEAUFORT","13","200100022","Fort Beaufort","Fort Beaufort"
"EC","ZWELITSHA","13","200200240","Zwelitsha","Zwelitsha"
"EC","HLALANI VILLA","12","200100038","Hlalani Villa","Hlalani Villa"
"EC","LINGELIHLE","12","200600001","Lingelihle","Lingelihle"
"EC","LADYFRERE","11","200600006","Ladyfrere","Ladyfrere"
"EC","SCHAUDERVILLE","11","200100006","Schauderville","Schauderville"
"EC","SOMERSET EAST","10","200100087","Somerset East","Somerset East"
"EC","GELVANDALE","10","200100025","Gelvandale","Gelvandale"
"EC","EAST LONDON","10","200200066","East London","East London"
"EC","LUDIDI A/A","9","200500170","Ludidi A/A","Ludidi A/A"
"EC","DIMBAZA","9","200200014","Dimbaza","Dimbaza"
"EC","ALIWAL NORTH","9","200501611","Aliwal North","Aliwal North"
"EC","KEISKAMMAHOEK","9","200200133","Keiskammahoek","Keiskammahoek"
"EC","BERLIN","9","200100320","Berlin","Berlin"
"EC","RHINI","8","200100100","Rhini","Rhini"
"EC","WOODBROOK","8","200200313","Woodbrook","Woodbrook"
"EC","MOOIPLAAS","8","200200342","Mooiplaas","Mooiplaas"
"EC","STUTTERHEIM","8","200200157","Stutterheim","Stutterheim"
"EC","KIRKWOOD","8","200100077","Kirkwood","Kirkwood"
"EC","NEWTON PARK","8","200100021","Newton Park","Newton Park"
"EC","EZIBELENI","8","200600076","Ezibeleni","Ezibeleni"
"EC","RAMOHLAKOANA A/A","8","200500551","Ramohlakoana A/A","Ramohlakoana A/A"
"EC","ALEXANDRIA","7","200100023","Alexandria","Alexandria"
"EC","NDABAKAZI","7","200300046","Ndabakazi","Ndabakazi"
"EC","WHITTLESEA","7","200600004","Whittlesea","Whittlesea"
"EC","BOMVINI A/A","7","200500008","Bomvini A/A","Bomvini A/A"
"EC","GRAHAMSTOWN","7","200100171","Grahamstown","Grahamstown"
"EC","BENGU A/A","6","200600398","Bengu A/A","Bengu A/A"
"EC","LINGELETHU","6","200100012","Lingelethu","Lingelethu"
"EC","ARCADIA","6","200100036","Arcadia","Arcadia"
"EC","LUTSHAYA A/A","6","200500467","Lutshaya A/A","Lutshaya A/A"
"EC","PORT ALFRED","6","200100172","Port Alfred","Port Alfred"
"EC","MLUNGISI","6","200200764","Mlungisi","Mlungisi"
"EC","MZONGWANA A/A","6","200500092","Mzongwana A/A","Mzongwana A/A"
"EC","MTAMBALALA A/A","6","200500109","Mtambalala A/A","Mtambalala A/A"
"EC","TSHONYA A/A","6","200500111","Tshonya A/A","Tshonya A/A"
"EC","NCERA VILLAGE","6","200200238","Ncera","Ncera"
"EC","KWELERHA","6","200200227","Kwelerha","Kwelerha"
"EC","SOUTHERNWOOD","6","200200088","Southernwood","Southernwood"
"EC","SYDENHAM","6","200100063","Sydenham","Sydenham"
"EC","CEDARVILLE","6","200500493","Cedarville","Cedarville"
"EC","MVENYANE A/A","6","200500281","Mvenyane A/A","Mvenyane A/A"
"EC","MARUBENI A/A","5","200400078","Marubeni A/A","Marubeni A/A"
"EC","MACLEAR","5","200400076","Maclear","Maclear"
"EC","LAMBASI A/A","5","200500358","Lambasi A/A","Lambasi A/A"
"EC","MAGADLA A/A","5","200500304","Magadla A/A","Magadla A/A"
"EC","ELUXOLWENI","5","200100246","Eluxolweni","Eluxolweni"
"EC","UMTATA CENTRAL","5","200400347","Umtata Central","Umtata Central"
"EC","PATENSIE","5","200100116","Patensie","Patensie"
"EC","MAKHOBA A/A","5","200500394","Makhoba A/A","Makhoba A/A"
"EC","CHATTY","5","200100065","Chatty","Chatty"
"EC","THABA-CHICHA A/A","5","200500397","Thaba Chicha A/A","Thaba Chicha A/A"
"EC","THORNHILL","5","200100784","Thornhill","Thornhill"
"EC","JEFFREYS BAY","5","200100294","Jeffreys Bay","Jeffreys Bay"
"EC","BARKLY EAST","5","200400633","Barkly East","Barkly East"
"EC","KABEGA PARK","5","200100200","Kabega Park","Kabega Park"
"EC","NDONGA FARMS","5","200600226","Ndonga Farms","Ndonga Farms"
"EC","NGXAZA A/A","5","200400781","Ngxaza A/A","Ngxaza A/A"
"EC","KOMGA","5","200200251","Komga","Komga"
"EC","ALGOA PARK","5","200100167","Algoa Park","Algoa Park"
"EC","CATHCART","5","200600094","Cathcart","Cathcart"
"EC","BISHO","5","200200044","Bisho","Bisho"
"EC","PABALLONG A/A","5","200500406","Paballong A/A","Paballong A/A"
"EC","CHALUMNA","5","200200293","Chalumna","Chalumna"
"EC","LOWER NTAFUFU A/A","5","200500576","Lower Ntafufu A/A","Lower Ntafufu A/A"
"EC","ELLIOT","5","200400262","Elliot","Elliot"
"EC","DUNCAN VILLAGE","5","200200333","Duncan","Duncan"
"EC","KIDD`S BEACH","4","200200307","Kidd`s Beach","Kidd`s Beach"
"EC","DEBE NEK","4","200200330","Debe Nek","Debe Nek"
"EC","AMANTSHANGASE A/A","4","200500052","Amantshangase A/A","Amantshangase A/A"
"EC","PUMLO A/A","4","200500089","Pumlo A/A","Pumlo A/A"
"EC","INDWE","4","200600296","Indwe","Indwe"
"EC","MALUTI","4","200500031","Maluti","Maluti"
"EC","TSEMBEYI A/A","4","200600286","Tsembeyi A/A","Tsembeyi A/A"
"EC","NEWLANDS","4","200200407","Newlands","Newlands"
"EC","HUMANSDORP","4","200100316","Humansdorp","Humansdorp"
"EC","EKUPHUMLENI","4","200100375","Ekuphumleni","Ekuphumleni"
"EC","GCUDA A/A","4","200500459","Gcuda A/A","Gcuda A/A"
"EC","SADA TOWNSHIP","4","200600401","Sada Township","Sada Township"
"EC","NYANISO A/A","4","200500137","Nyaniso A/A","Nyaniso A/A"
"EC","NORTH END","4","200100011","North End","North End"
"EC","TARKASTAD","4","200600052","Tarkastad","Tarkastad"
"EC","BEREA","4","200200260","Berea","Berea"
"EC","WITTENBERG","4","200600045","Wittenberg","Wittenberg"
"EC","SUMMERSTRAND","4","200100619","Summerstrand","Summerstrand"
"EC","PARKSIDE","4","200100615","Parkside","Parkside"
"EC","DUBANA A/A","4","200500602","Dubana A/A","Dubana A/A"
"EC","CRADOCK","4","200600032","Cradock","Cradock"
"EC","MALABAR","4","200100019","Malabar","Malabar"
"EC","LUPINDO A/A","4","200500185","Lupindo A/A","Lupindo A/A"
"EC","NYATHI A/A","4","200500231","Nyathi A/A","Nyathi A/A"
"EC","MHLOPEKAZI","4","200400537","Mhlopekazi","Mhlopekazi"
"EC","DORDRECHT","4","200600019","Dordrecht","Dordrecht"
"EC","ROSEDALE","4","200100106","Rosedale","Rosedale"
"EC","GOQWANA A/A","4","200500379","Goqwana A/A","Goqwana A/A"
"EC","NKUNZIMBINI A/A","4","200500663","Nkunzimbini A/A","Nkunzimbini A/A"
"EC","NGQAYI A/A","4","200400049","Ngqayi A/A","Ngqayi A/A"
"EC","MHLUMBA A/A","4","200500366","Mhlumba A/A","Mhlumba A/A"
"EC","DEBENEK","4","200200113","Debenek","Debenek"
"EC","UGIE","4","200400273","Ugie","Ugie"
"EC","MKAPUSI A/A","4","200600149","Mkapusi A/A","Mkapusi A/A"
"EC","ZITATELE A/A","4","200400255","Zitatele A/A","Zitatele A/A"
"EC","SELBORNE","4","200200089","Selborne","Selborne"
"EC","MAQHINGENI A/A","4","200400099","Maqhingeni A/A","Maqhingeni A/A"
"EC","MTOMBE A/A","4","200400103","Mtombe A/A","Mtombe A/A"
"EC","MBOBELENI A/A","4","200400121","Mbobeleni A/A","Mbobeleni A/A"
"EC","MNGAZI A/A","3","200400117","Mngazi A/A","Mngazi A/A"
"EC","MHLANGANISWENI A/A","3","200400133","Mhlanganisweni A/A","Mhlanganisweni A/A"
"EC","NDAKENI LOCATION","3","200400163","Ndakeni Location","Ndakeni Location"
"EC","MVUMELWANO LOCATION","3","200400208","Mvumelwano Location","Mvumelwano Location"
"EC","NGCELE A/A","3","200400282","Ngcele A/A","Ngcele A/A"
"EC","MANZANA","3","200400070","Manzana","Manzana"
"EC","LUCINGWENI A/A","3","200400051","Lucingweni A/A","Lucingweni A/A"
"EC","QUMBO","3","200400362","Qumbo","Qumbo"
"EC","MFINIZO A/A","3","200500614","Mfinizo A/A","Mfinizo A/A"
"EC","KHAYAMNANDI","3","200100579","Khayamnandi","Khayamnandi"
"EC","MAFINI A/A","3","200400388","Mafini A/A","Mafini A/A"
"EC","BHONGWENI","3","200100442","Bhongweni","Bhongweni"
"EC","BEDFORD","3","200100586","Bedford","Bedford"
"EC","GOVAN MBEKI TOWNSHIP","3","200100109","Govan Mbeki Township","Govan Mbeki Township"
"EC","BITYI","3","200400438","Bityi","Bityi"
"EC","MDLANKOMO A/A","3","200400470","Mdlankomo A/A","Mdlankomo A/A"
"EC","NKANUNU A/A","3","200400882","Nkanunu A/A","Nkanunu A/A"
"EC","NYANDENI A/A","3","200400892","Nyandeni A/A","Nyandeni A/A"
"EC","MGAQWENI A/A","3","200401021","Mgaqweni A/A","Mgaqweni A/A"
"EC","QAMATA","3","200600531","Qamata","Qamata"
"EC","MDENI LOCATION","3","200401373","Mdeni Location","Mdeni Location"
"EC","JANSENSDAL","3","200100130","Jansensdal","Jansensdal"
"EC","GOBE A/A","3","200300541","Gobe A/A","Gobe A/A"
"EC","CEBE A/A","3","200300249","Cebe A/A","Cebe A/A"
"EC","MZAMOMHLE","3","200600516","Mzamomhle","Mzamomhle"
"EC","QOMBOLO A/A","3","200300145","Qombolo A/A","Qombolo A/A"
"EC","GQUNQE A/A","3","200300117","Gqunqe A/A","Gqunqe A/A"
"EC","NXAXO A/A","3","200300105","Nxaxo A/A","Nxaxo A/A"
"EC","QOLORA A/A","3","200300048","Qolora A/A","Qolora A/A"
"EC","TENTERGATE VILLAGE","3","200600433","Tentergate","Tentergate"
"EC","PARSONS HILL","3","200100131","Parsons Hill","Parsons Hill"
"EC","MIDDELBURG","3","200600619","Middelburg","Middelburg"
"EC","SANCTOR","3","200100678","Sanctor","Sanctor"
"EC","DUKATHOLE","3","200600425","Dukathole","Dukathole"
"EC","ABERDEEN","3","200100003","Aberdeen","Aberdeen"
"EC","BOOYSEN PARK","3","200100078","Booysen Park","Booysen Park"
"EC","ROCKLANDS VILLAGE","3","200600125","Rocklands","Rocklands"
"EC","GONUBIE","3","200201017","Gonubie","Gonubie"
"EC","KAREEDOUW","3","200100371","Kareedouw","Kareedouw"
"EC","KWAMAGXAKI","3","200100705","Kwamagxaki","Kwamagxaki"
"EC","PHAKAMISA","3","200200635","Phakamisa","Phakamisa"
"EC","KING WILLIAMS TOWN","3","200200536","King Williams Town","King Williams Town"
"EC","NU 16","3","200200495","Nu 16","Nu 16"
"EC","CUMAKALA","3","200200486","Cumakala","Cumakala"
"EC","GEORGE MOSHESH A/A","3","200500581","George Moshesh A/A","George Moshesh A/A"
"EC","HOMBE A/A","3","200500035","Hombe A/A","Hombe A/A"
"EC","MFINIZWENI A/A","3","200500563","Mfinizweni A/A","Mfinizweni A/A"
"EC","PHUMLO A/A","3","200500057","Phumlo A/A","Phumlo A/A"
"EC","MOLTENO","3","200600156","Molteno","Molteno"
"EC","KARIEGA","3","200100349","Kariega","Kariega"
"EC","GXWALENI A/A","3","200500548","Gxwaleni A/A","Gxwaleni A/A"
"EC","SEYMOUR","3","200200288","Seymour","Seymour"
"EC","NTONTELA A/A","3","200500543","Ntontela A/A","Ntontela A/A"
"EC","MOSEL","3","200100312","Mosel","Mosel"
"EC","MZINTLAVA A/A","3","200500201","Mzintlava A/A","Mzintlava A/A"
"EC","PELLSRUS","3","200100307","Pellsrus","Pellsrus"
"EC","TANTJI","3","200100770","Tantji","Tantji"
"EC","HANKEY","3","200100290","Hankey","Hankey"
"EC","MTFRERE","3","200500262","Mtfrere","Mtfrere"
"EC","BERLIN GENERAL","3","200200190","Berlin General","Berlin General"
"EC","GINSBERG","3","200200183","Ginsberg","Ginsberg"
"EC","MILL PARK","3","200100277","Mill Park","Mill Park"
"EC","SALT LAKE","3","200100064","Salt Lake","Salt Lake"
"EC","UPPER NTAFUFU A/A","3","200500263","Upper Ntafufu A/A","Upper Ntafufu A/A"
"EC","JUBILEE PARK","3","200100238","Jubilee Park","Jubilee Park"
"EC","AMALINDA","3","200200096","Amalinda","Amalinda"
"EC","HOFMEYER","3","200600269","Hofmeyer","Hofmeyer"
"EC","NGOBOZANA A/A","3","200500361","Ngobozana A/A","Ngobozana A/A"
"EC","FORTBEAUFORT","3","200100214","Fortbeaufort","Fortbeaufort"
"EC","CISIRA LOCATION","3","200200087","Cisira Location","Cisira Location"
"EC","WILLOWMORE","3","200100195","Willowmore","Willowmore"
"EC","KWADWESI","3","200100186","Kwadwesi","Kwadwesi"
"EC","LIKHETLANE A/A","3","200500408","Likhetlane A/A","Likhetlane A/A"
"EC","SHESHEGU LOCATION","3","200200032","Sheshegu Location","Sheshegu Location"
"EC","FAIRVIEW","3","200100870","Fairview","Fairview"
"EC","MIDDELDRIFT","3","200200019","Middeldrift","Middeldrift"
"EC","THEESCOMBE","3","200100166","Theescombe","Theescombe"
"EC","BATHURST","3","200100049","Bathurst","Bathurst"
"EC","BLOEMENDAL","3","200100043","Bloemendal","Bloemendal"
"EC","NOMATHAMSANQA","3","200100001","Nomathamsanqa","Nomathamsanqa"
"EC","NGCOBO","2","200601198","Ngcobo","Ngcobo"
"EC","MBEKWENI VILLAGE","2","200600837","Mbekweni","Mbekweni"
"EC","QUEENSTOWN 5320","2","200600826","Queenstown 5320","Queenstown 5320"
"EC","WHITTLESEA EASTERN CAPE","2","200600724","Whittlesea Eastern Cape","Whittlesea Eastern Cape"
"EC","LADY GREY","2","200600708","Lady Grey","Lady Grey"
"EC","BALMORAL","2","200600690","Balmoral","Balmoral"
"EC","KOMANI","2","200600674","Komani","Komani"
"EC","ADDO","2","200100009","Addo","Addo"
"EC","RWANTSANA A/A","2","200600615","Rwantsana A/A","Rwantsana A/A"
"EC","MACUBENI A/A","2","200600614","Macubeni A/A","Macubeni A/A"
"EC","NOMONDE TOWNSHIP","2","200600603","Nomonde Township","Nomonde Township"
"EC","NGQOKO A/A","2","200600593","Ngqoko A/A","Ngqoko A/A"
"EC","ZOLA TOWNSHIP","2","200600584","Zola Township","Zola Township"
"EC","HILLCREST","2","200200007","Hillcrest","Hillcrest"
"EC","BUFFALO FLATS EXT 2-7","2","200200009","Buffalo Flats Ext 2 7","Buffalo Flats Ext 2 7"
"EC","NKOPANE VILLAGE","2","200600583","Nkopane","Nkopane"
"EC","ZINGQUTU A/A","2","200600581","Zingqutu A/A","Zingqutu A/A"
"EC","HERSCHEL","2","200600559","Herschel","Herschel"
"EC","MTWAKAZI VILLAGE","2","200600529","Mtwakazi","Mtwakazi"
"EC","DAWN","2","200200021","Dawn","Dawn"
"EC","MIDDELBURG CAPE","2","200600483","Middelburg Cape","Middelburg Cape"
"EC","CRADOCK 5880","2","200600481","Cradock 5880","Cradock 5880"
"EC","BALFOUR","2","200200030","Balfour","Balfour"
"EC","MBONISWENI VILLAGE","2","200600466","Mbonisweni","Mbonisweni"
"EC","BEACONBAY","2","200200035","Beaconbay","Beaconbay"
"EC","MACACUMA VILLAGE","2","200600461","Macacuma","Macacuma"
"EC","MANXEBA VILLAGE","2","200600430","Manxeba","Manxeba"
"EC","MOKHESI VILLAGE","2","200600422","Mokhesi","Mokhesi"
"EC","HELENVALE","2","200100050","Helenvale","Helenvale"
"EC","LOWER DIDIMANA","2","200600382","Lower Didimana","Lower Didimana"
"EC","UNIT 1","2","200600379","Unit 1","Unit 1"
"EC","ILINGE TOWNSHIP","2","200600375","Ilinge Township","Ilinge Township"
"EC","LESSEYTON VILLAGE","2","200600370","Lesseyton","Lesseyton"
"EC","VENTERSTAD","2","200600330","Venterstad","Venterstad"
"EC","NOMONDE","2","200600307","Nomonde","Nomonde"
"EC","NEWTOWN","2","200100051","Newtown","Newtown"
"EC","TOPTOWN","2","200600267","Toptown","Toptown"
"EC","WHO CAN TELL LOCATION","2","200600230","Who Can Tell Location","Who Can Tell Location"
"EC","CUMAKALA A/A","2","200600211","Cumakala A/A","Cumakala A/A"
"EC","MAVUYA TOWNSHIP","2","200600184","Mavuya Township","Mavuya Township"
"EC","ZWIDE LOCATION","2","200600182","Zwide Location","Zwide Location"
"EC","MIDDELBURG EC","2","200600162","Middelburg Ec","Middelburg Ec"
"EC","NU 1","2","200200067","Nu 1","Nu 1"
"EC","BURNSHILL LOCATION","2","200200069","Burnshill Location","Burnshill Location"
"EC","BLUEWATER BAY","2","200100071","Bluewater Bay","Bluewater Bay"
"EC","BLUE GUMS VILLAGE","2","200600152","Blue Gums","Blue Gums"
"EC","CINTSA EAST","2","200200072","Cintsa East","Cintsa East"
"EC","MOSES MABIDA LOCATION","2","200100076","Moses Mabida Location","Moses Mabida Location"
"EC","CHISELHURST","2","200200075","Chiselhurst","Chiselhurst"
"EC","CAMBRIDGE","2","200200076","Cambridge","Cambridge"
"EC","SINAKO","2","200600102","Sinako","Sinako"
"EC","BOOYSENS PARK","2","200100079","Booysens Park","Booysens Park"
"EC","BURGERSDORP","2","200600078","Burgersdorp","Burgersdorp"
"EC","UPPER VAALBANK","2","200600074","Upper Vaalbank","Upper Vaalbank"
"EC","VAALBANK","2","200600062","Vaalbank","Vaalbank"
"EC","WESTERING","2","200100846","Westering","Westering"
"EC","EKUPUMLENI","2","200600057","Ekupumleni","Ekupumleni"
"EC","NGQANDA A/A","2","200600055","Ngqanda A/A","Ngqanda A/A"
"EC","TAMBO VILLAGE","2","200600054","Tambo","Tambo"
"EC","BENSONVALE VILLAGE","2","200600041","Bensonvale","Bensonvale"
"EC","MOUNTAIN VIEW","2","200100101","Mountain View","Mountain View"
"EC","MGWALI VILLAGE","2","200200097","Mgwali","Mgwali"
"EC","CACADU A/A","2","200600023","Cacadu A/A","Cacadu A/A"
"EC","STEYTLERVILLE","2","200100105","Steytlerville","Steytlerville"
"EC","HILTON","2","200600011","Hilton","Hilton"
"EC","CHARLO","2","200100113","Charlo","Charlo"
"EC","MCBRIDGE","2","200600002","Mcbridge","Mcbridge"
"EC","SIDAKENI A/A","2","200501074","Sidakeni A/A","Sidakeni A/A"
"EC","RAMAFOLE","2","200501058","Ramafole","Ramafole"
"EC","XURANA A/A","2","200501044","Xurana A/A","Xurana A/A"
"EC","DIKIDIKANA LOCATION","2","200200119","Dikidikana Location","Dikidikana Location"
"EC","MOUNT FLETCHER","2","200501032","Mount Fletcher","Mount Fletcher"
"EC","QHOBOSHEANENG A/A","2","200501021","Qhobosheaneng A/A","Qhobosheaneng A/A"
"EC","SEQHOBONG A/A","2","200500970","Seqhobong A/A","Seqhobong A/A"
"EC","ZALU HEIGHTS A/A","2","200500801","Zalu Heights A/A","Zalu Heights A/A"
"EC","MGUBO A/A","2","200500748","Mgubo A/A","Mgubo A/A"
"EC","KOKSTAD","2","200500694","Kokstad","Kokstad"
"EC","PEPENI","2","200500685","Pepeni","Pepeni"
"EC","MARIAZEL MISSION","2","200500582","Mariazel Mission","Mariazel Mission"
"EC","LINKSIDE","2","200100133","Linkside","Linkside"
"EC","BRAELYN","2","200200139","Braelyn","Braelyn"
"EC","GOMPO","2","200200141","Gompo","Gompo"
"EC","NDEVANA","2","200200146","Ndevana","Ndevana"
"EC","KLEIN JONAS A/A","2","200500574","Klein Jonas A/A","Klein Jonas A/A"
"EC","MSOBOMVU VILLAGE","2","200200150","Msobomvu","Msobomvu"
"EC","KING FLATS","2","200100144","King Flats","King Flats"
"EC","MABHELENI LOCATION","2","200100148","Mabheleni Location","Mabheleni Location"
"EC","BOTHASRUS","2","200100162","Bothasrus","Bothasrus"
"EC","TSOLOBENG","2","200500525","Tsolobeng","Tsolobeng"
"EC","RABULA LOCATION","2","200200158","Rabula Location","Rabula Location"
"EC","LOWER NTAFUFU","2","200500515","Lower Ntafufu","Lower Ntafufu"
"EC","NKOSANA A/A","2","200500509","Nkosana A/A","Nkosana A/A"
"EC","MOUNT PLEASANT","2","200100197","Mount Pleasant","Mount Pleasant"
"EC","MOSHESH A/A","2","200500405","Moshesh A/A","Moshesh A/A"
"EC","GOXE A/A","2","200500393","Goxe A/A","Goxe A/A"
"EC","MONTI","2","200500360","Monti","Monti"
"EC","FENI LOCATION","2","200200174","Feni Location","Feni Location"
"EC","KETEKETE A/A","2","200500350","Ketekete A/A","Ketekete A/A"
"EC","XURA A/A","2","200500341","Xura A/A","Xura A/A"
"EC","KHAMBASHE","2","200200178","Khambashe","Khambashe"
"EC","PALMERTON","2","200500294","Palmerton","Palmerton"
"EC","EMANTLANENI A/A","2","200500291","Emantlaneni A/A","Emantlaneni A/A"
"EC","UPPER TSITSANA","2","200500290","Upper Tsitsana","Upper Tsitsana"
"EC","GREENFIELDS","2","200200184","Greenfields","Greenfields"
"EC","GOSO FOREST A/A","2","200500284","Goso Forest A/A","Goso Forest A/A"
"EC","KWANONZWAKAZI","2","200100247","Kwanonzwakazi","Kwanonzwakazi"
"EC","NYOSANA A/A","2","200500277","Nyosana A/A","Nyosana A/A"
"EC","ZALU A/A","2","200500256","Zalu A/A","Zalu A/A"
"EC","LOWER HLABATHI","2","200500251","Lower Hlabathi","Lower Hlabathi"
"EC","DLIBONASIPHAQENI AA","2","200500233","Dlibonasiphaqeni Aa","Dlibonasiphaqeni Aa"
"EC","WINDVOGEL","2","200100308","Windvogel","Windvogel"
"EC","GQUBENI A/A","2","200500179","Gqubeni A/A","Gqubeni A/A"
"EC","JANSENVILLE","2","200100314","Jansenville","Jansenville"
"EC","TSWELENI A/A","2","200500161","Tsweleni A/A","Tsweleni A/A"
"EC","LANGA LOCATION","2","200100348","Langa Location","Langa Location"
"EC","MFUNDISWENI A/A","2","200500088","Mfundisweni A/A","Mfundisweni A/A"
"EC","MWACA A/A","2","200500087","Mwaca A/A","Mwaca A/A"
"EC","MATOLWENI LOCATION","2","200200218","Matolweni Location","Matolweni Location"
"EC","NDEVANA LOCATION","2","200200224","Ndevana Location","Ndevana Location"
"EC","GERALD SMITH","2","200100363","Gerald Smith","Gerald Smith"
"EC","HAMBURG VILLAGE","2","200200235","Hamburg","Hamburg"
"EC","TO BE UPDATED","2","200404039","To Be Updated","To Be Updated"
"EC","SONWABILE TOWNSHIP","2","200401317","Sonwabile Township","Sonwabile Township"
"EC","SUNRIDGE PARK","2","200100757","Sunridge Park","Sunridge Park"
"EC","VULINDLELA HEIGHTS","2","200401079","Vulindlela Heights","Vulindlela Heights"
"EC","TSOLO VILLAGE","2","200401071","Tsolo","Tsolo"
"EC","UPPER GQOBONCO","2","200401009","Upper Gqobonco","Upper Gqobonco"
"EC","MISTY MOUNT A/A","2","200400780","Misty Mount A/A","Misty Mount A/A"
"EC","NKWENKWANA","2","200400661","Nkwenkwana","Nkwenkwana"
"EC","YONDA VILLAGE","2","200600932","Yonda","Yonda"
"EC","MKANKATO A/A","2","200400608","Mkankato A/A","Mkankato A/A"
"EC","MHLANGA A/A","2","200400579","Mhlanga A/A","Mhlanga A/A"
"EC","NDANYA A/A","2","200400553","Ndanya A/A","Ndanya A/A"
"EC","MADOTYENI","2","200400439","Madotyeni","Madotyeni"
"EC","MASAMENI A/A","2","200400422","Masameni A/A","Masameni A/A"
"EC","DIMBAZA WEST","2","200200268","Dimbaza West","Dimbaza West"
"EC","LOWER MNYOLO","2","200400382","Lower Mnyolo","Lower Mnyolo"
"EC","LUQOLWENI LOCATION","2","200400318","Luqolweni Location","Luqolweni Location"
"EC","LOERIE","2","200100460","Loerie","Loerie"
"EC","MNYOLO","2","200400281","Mnyolo","Mnyolo"
"EC","NTSELAMANZI LOCATION","2","200200283","Ntselamanzi Location","Ntselamanzi Location"
"EC","UPPER GQAGA","2","200400269","Upper Gqaga","Upper Gqaga"
"EC","LORRAINE","2","200100463","Lorraine","Lorraine"
"EC","FAIRBRIDGE HEIGHTS","2","200100750","Fairbridge Heights","Fairbridge Heights"
"EC","EGOSO","2","200400260","Egoso","Egoso"
"EC","TYUTYU VILLAGE","2","200200291","Tyutyu","Tyutyu"
"EC","ZANDUKWANA A/A","2","200400244","Zandukwana A/A","Zandukwana A/A"
"EC","ZINDUNENI A/A","2","200400165","Zinduneni A/A","Zinduneni A/A"
"EC","ELUHEWINI","2","200400154","Eluhewini","Eluhewini"
"EC","ELUCWECWE","2","200400152","Elucwecwe","Elucwecwe"
"EC","ZINKUMBINI A/A","2","200400131","Zinkumbini A/A","Zinkumbini A/A"
"EC","CORANA A/A","2","200400129","Corana A/A","Corana A/A"
"EC","KWANOMZAMO","2","200100473","Kwanomzamo","Kwanomzamo"
"EC","KEI ROAD","2","200200308","Kei Road","Kei Road"
"EC","TSHOXA LOCATION","2","200200311","Tshoxa Location","Tshoxa Location"
"EC","POTSDAM VILLAGE","2","200200312","Potsdam","Potsdam"
"EC","MISSIONVALE","2","200100517","Missionvale","Missionvale"
"EC","NU 2","2","200200314","Nu 2","Nu 2"
"EC","KIWANE","2","200200319","Kiwane","Kiwane"
"EC","BONGWENI LOCATION","2","200100595","Bongweni Location","Bongweni Location"
"EC","RAMAPHOSA VILLAGE","2","200100617","Ramaphosa","Ramaphosa"
"EC","ALL SAINTS","2","200400004","All Saints","All Saints"
"EC","SINQUMENI A/A","2","200300749","Sinqumeni A/A","Sinqumeni A/A"
"EC","ZINGCUKA A/A","2","200300651","Zingcuka A/A","Zingcuka A/A"
"EC","NOBANDA A/A","2","200300521","Nobanda A/A","Nobanda A/A"
"EC","MAWUSHE VILLAGE","2","200300299","Mawushe","Mawushe"
"EC","NEW REST","2","200100640","New Rest","New Rest"
"EC","CENTANE","2","200300099","Centane","Centane"
"EC","NU 4","2","200200347","Nu 4","Nu 4"
"EC","MISSION LOCATION","2","200300062","Mission Location","Mission Location"
"EC","NQAMAKWE VILLAGE","2","200300024","Nqamakwe","Nqamakwe"
"EC","VICTORIA PARK","2","200201096","Victoria Park","Victoria Park"
"EC","REESTON NORTH,SCENARY & HAVEN HILLS SOUTH","2","200200881","Reeston North,Scenary & Haven Hills South","Reeston North,Scenary & Haven Hills South"
"EC","TYUTYU NORTH","2","200200869","Tyutyu North","Tyutyu North"
"EC","MU 14","2","200200850","Mu 14","Mu 14"
"EC","STIRLING","2","200200822","Stirling","Stirling"
"EC","MTHWAKU LOCATION","2","200200817","Mthwaku Location","Mthwaku Location"
"EC","ILITHA","2","200200809","Ilitha","Ilitha"
"EC","ZONE 9","2","200200641","Zone 9","Zone 9"
"EC","EUREKA","2","200200636","Eureka","Eureka"
"EC","NONCAMPA LOCATION","2","200200616","Noncampa Location","Noncampa Location"
"EC","ZIHLAHLENI VILLAGE","2","200200377","Zihlahleni","Zihlahleni"
"EC","EKUPHUMLENI LOCATION","2","200200597","Ekuphumleni Location","Ekuphumleni Location"
"EC","ZONE TWO","2","200200590","Zone Two","Zone Two"
"EC","NJWAXA LOCATION","2","200200584","Njwaxa Location","Njwaxa Location"
"EC","ZIGODLO VILLAGE","2","200200560","Zigodlo","Zigodlo"
"EC","NGCABASA LOCATION","2","200200547","Ngcabasa Location","Ngcabasa Location"
"EC","GLENMORE LOCATION","2","200200529","Glenmore Location","Glenmore Location"
"EC","MZANTSI LOCATION","2","200200522","Mzantsi Location","Mzantsi Location"
"EC","KING WM'S TOWN","2","200200515","King Wm's Town","King Wm's Town"
"EC","KWELERA","2","200200513","Kwelera","Kwelera"
"EC","BEACON BAY","2","200200485","Beacon Bay","Beacon Bay"
"EC","PIKOLI LOCATION","2","200200446","Pikoli Location","Pikoli Location"
"EC","NDAKANA","2","200200429","Ndakana","Ndakana"
"EC","ZONE 1","2","200200412","Zone 1","Zone 1"
"EC","WHITTLSEA","1","200200411","Whittlsea","Whittlsea"
"EC","NU 17","1","200200415","Nu 17","Nu 17"
"EC","NGQUSHWA","1","200200421","Ngqushwa","Ngqushwa"
"EC","MGABABA LOCATION","1","200200423","Mgababa Location","Mgababa Location"
"EC","MAMATA LOCATION","1","200200408","Mamata Location","Mamata Location"
"EC","KOLOMANA","1","200200431","Kolomana","Kolomana"
"EC","MGQUBA LOCATION","1","200200435","Mgquba Location","Mgquba Location"
"EC","GXWEDERA LOCATION","1","200200436","Gxwedera Location","Gxwedera Location"
"EC","WESLEY","1","200200440","Wesley","Wesley"
"EC","MAVUSO LOCATION","1","200200444","Mavuso Location","Mavuso Location"
"EC","TYUSHA LOCATION","1","200200445","Tyusha Location","Tyusha Location"
"EC","ST ALBANS","1","200100729","St Albans","St Albans"
"EC","RAMNYIBA LOCATION","1","200200451","Ramnyiba Location","Ramnyiba Location"
"EC","MAIPASE VILLAGE","1","200200459","Maipase","Maipase"
"EC","MEMELA LOCATION","1","200200464","Memela Location","Memela Location"
"EC","MF LOCATION","1","200200466","Mf Location","Mf Location"
"EC","MPINTSHO VILLAGE","1","200200469","Mpintsho","Mpintsho"
"EC","TSHATSHU LOCATION","1","200200473","Tshatshu Location","Tshatshu Location"
"EC","MGXOTYENI LOCATION","1","200200476","Mgxotyeni Location","Mgxotyeni Location"
"EC","MIMOSA PARK","1","200200481","Mimosa Park","Mimosa Park"
"EC","MADLIKI LOCATION","1","200200401","Madliki Location","Madliki Location"
"EC","KROONVALE","1","200100722","Kroonvale","Kroonvale"
"EC","GWILIGWILI LOCATION","1","200200487","Gwiligwili Location","Gwiligwili Location"
"EC","MNQABA VILLAGE","1","200200489","Mnqaba","Mnqaba"
"EC","MONI LOCATION","1","200200492","Moni Location","Moni Location"
"EC","SOWETO -ON -SEA","1","200100721","Soweto  On  Sea","Soweto  On  Sea"
"EC","MAVUSO VILLAGE","1","200200496","Mavuso","Mavuso"
"EC","NGQUMA RURA LOCATION","1","200200498","Ngquma Rura Location","Ngquma Rura Location"
"EC","MACLEAN TOWN","1","200200499","Maclean Town","Maclean Town"
"EC","NDLVANA LOCATION","1","200200500","Ndlvana Location","Ndlvana Location"
"EC","MQWASHU","1","200200503","Mqwashu","Mqwashu"
"EC","QHURHU","1","200200505","Qhurhu","Qhurhu"
"EC","MTATI LOCATION","1","200200506","Mtati Location","Mtati Location"
"EC","RUNLETTS LOCATION","1","200200509","Runletts Location","Runletts Location"
"EC","ENDLOVINI VILLAGE","1","200200510","Endlovini","Endlovini"
"EC","MACIBI LOCATION","1","200200399","Macibi Location","Macibi Location"
"EC","MABHONGO LOCATION","1","200200395","Mabhongo Location","Mabhongo Location"
"EC","GONUBIE WEST","1","200200521","Gonubie West","Gonubie West"
"EC","KRWAKRWA LOCATION","1","200200394","Krwakrwa Location","Krwakrwa Location"
"EC","MZINTSHANE LOCATION","1","200200525","Mzintshane Location","Mzintshane Location"
"EC","MAASDORP","1","200200393","Maasdorp","Maasdorp"
"EC","NEWLANDS LOCATION","1","200200531","Newlands Location","Newlands Location"
"EC","PEDDIE EXTENSION","1","200200534","Peddie Extension","Peddie Extension"
"EC","RETIEF","1","200100715","Retief","Retief"
"EC","UPPER IZELI","1","200200537","Upper Izeli","Upper Izeli"
"EC","CROSS ROADS","1","200200542","Cross Roads","Cross Roads"
"EC","NCEREZANTSI LOCATION","1","200200546","Ncerezantsi Location","Ncerezantsi Location"
"EC","QUZINI VILLAGE","1","200200390","Quzini","Quzini"
"EC","NDLAMBE LOCATION","1","200200553","Ndlambe Location","Ndlambe Location"
"EC","NDLOVINI VILLAGE","1","200200554","Ndlovini","Ndlovini"
"EC","MIDDLEDRIFRT","1","200200555","Middledrifrt","Middledrifrt"
"EC","LUSHINGTON LOCATION","1","200200385","Lushington Location","Lushington Location"
"EC","NGELE LOCATION","1","200200562","Ngele Location","Ngele Location"
"EC","NGOBOZANA LOCATION","1","200200563","Ngobozana Location","Ngobozana Location"
"EC","NGQELE LOCATION","1","200200564","Ngqele Location","Ngqele Location"
"EC","NGQOLOWA LOCATION","1","200200566","Ngqolowa Location","Ngqolowa Location"
"EC","NGQOWA LOCATION","1","200200567","Ngqowa Location","Ngqowa Location"
"EC","NGQUMEYA LOCATION","1","200200568","Ngqumeya Location","Ngqumeya Location"
"EC","NGWABENI LOCATION","1","200200571","Ngwabeni Location","Ngwabeni Location"
"EC","GWIQI VILLAGE","1","200200574","Gwiqi","Gwiqi"
"EC","NGQANDA VILLAGE","1","200200578","Ngqanda","Ngqanda"
"EC","NGXWALANE","1","200200580","Ngxwalane","Ngxwalane"
"EC","OPENSHAW","1","200200383","Openshaw","Openshaw"
"EC","REESTON NORTH,SCENARY PARK& HAVEN HILLS SOUTH","1","200200585","Reeston North,Scenary Park& Haven Hills South","Reeston North,Scenary Park& Haven Hills South"
"EC","SUNRISE ON SEA","1","200200589","Sunrise On Sea","Sunrise On Sea"
"EC","KEIKSKAMMAHOEK","1","200200382","Keikskammahoek","Keikskammahoek"
"EC","NOBUMBA LOCATION","1","200200593","Nobumba Location","Nobumba Location"
"EC","TSHABO VILLAGE","1","200200595","Tshabo","Tshabo"
"EC","NEEDSCAMP","1","200200378","Needscamp","Needscamp"
"EC","NGQUDELA LOCATION","1","200200600","Ngqudela Location","Ngqudela Location"
"EC","NU 13","1","200200376","Nu 13","Nu 13"
"EC","THORN PEDDIE PARK","1","200200619","Thorn Peddie Park","Thorn Peddie Park"
"EC","BENTON LOCATION","1","200200620","Benton Location","Benton Location"
"EC","NONGWANE VILLAGE","1","200200621","Nongwane","Nongwane"
"EC","NONIBE LOCATION","1","200200622","Nonibe Location","Nonibe Location"
"EC","POLAR PARK","1","200200632","Polar Park","Polar Park"
"EC","NUWEPLAAS","1","200100714","Nuweplaas","Nuweplaas"
"EC","DUNCAN VILLAGE PROPER","1","200200375","Duncan Village Proper","Duncan Village Proper"
"EC","NOTHENGA LOCATION","1","200200638","Nothenga Location","Nothenga Location"
"EC","TSHABO LOCATION","1","200200639","Tshabo Location","Tshabo Location"
"EC","LUJIKO LOCATION","1","200200372","Lujiko Location","Lujiko Location"
"EC","XHUKWANA VILLAGE","1","200200642","Xhukwana","Xhukwana"
"EC","NQWENERANA VILLAGE","1","200200645","Nqwenerana","Nqwenerana"
"EC","MBIZANA LOCATION","1","200200648","Mbizana Location","Mbizana Location"
"EC","NTONGA VILLAGE","1","200200654","Ntonga","Ntonga"
"EC","KUNI VILLAGE","1","200200655","Kuni","Kuni"
"EC","NYANISO LOCATION","1","200200665","Nyaniso Location","Nyaniso Location"
"EC","NTSELAMANZI TOWNSHIP","1","200200670","Ntselamanzi Township","Ntselamanzi Township"
"EC","OAKDENE FARM","1","200200672","Oakdene Farm","Oakdene Farm"
"EC","PEFFERVILLE","1","200200677","Pefferville","Pefferville"
"EC","QUTUBENI LOCATION","1","200200680","Qutubeni Location","Qutubeni Location"
"EC","NOTENGA LOCATION","1","200200684","Notenga Location","Notenga Location"
"EC","PHOZI LOCATION","1","200200693","Phozi Location","Phozi Location"
"EC","NU 8","1","200200694","Nu 8","Nu 8"
"EC","PICRDY FARM","1","200200695","Picrdy Farm","Picrdy Farm"
"EC","PIRIE MISSION","1","200200696","Pirie Mission","Pirie Mission"
"EC","QAMDOBOWA VILLAGE","1","200200703","Qamdobowa","Qamdobowa"
"EC","QAUKENI LOCATION","1","200200711","Qaukeni Location","Qaukeni Location"
"EC","QIBIRA VILLAGE","1","200200717","Qibira","Qibira"
"EC","MAKHAHLANE","1","200200718","Makhahlane","Makhahlane"
"EC","QUGQWALA LOCATION","1","200200723","Qugqwala Location","Qugqwala Location"
"EC","RAYI LOCATION","1","200200727","Rayi Location","Rayi Location"
"EC","READSDALE FARM","1","200200728","Readsdale Farm","Readsdale Farm"
"EC","THEMBISA","1","200200730","Thembisa","Thembisa"
"EC","RIPPLEMEAD VILLAGE","1","200200731","Ripplemead","Ripplemead"
"EC","ROXENI VILLAGE","1","200200735","Roxeni","Roxeni"
"EC","WESLEY LOCATION","1","200200760","Wesley Location","Wesley Location"
"EC","WARTBURG","1","200200763","Wartburg","Wartburg"
"EC","SIDBURY","1","200100696","Sidbury","Sidbury"
"EC","NDEVANE","1","200200770","Ndevane","Ndevane"
"EC","BISHO PARK","1","200200771","Bisho Park","Bisho Park"
"EC","THEMBENI LOCATION","1","200200777","Thembeni Location","Thembeni Location"
"EC","PEFFER VILLAGE","1","200200778","Peffer","Peffer"
"EC","KHAYAMNANDI LOCATION","1","200200783","Khayamnandi Location","Khayamnandi Location"
"EC","SITYI LOCATION","1","200200785","Sityi Location","Sityi Location"
"EC","PHUMLANI LOCATION","1","200200788","Phumlani Location","Phumlani Location"
"EC","AUCKLAND LOCATION","1","200200790","Auckland Location","Auckland Location"
"EC","QUZINI LOCATION","1","200200793","Quzini Location","Quzini Location"
"EC","SKOBENI LOCATION","1","200200798","Skobeni Location","Skobeni Location"
"EC","QAGA LOCATION","1","200200801","Qaga Location","Qaga Location"
"EC","SOMPONDO LOCATION","1","200200803","Sompondo Location","Sompondo Location"
"EC","LOWER RABULA","1","200200805","Lower Rabula","Lower Rabula"
"EC","LOWER MGWALANA LOCATION","1","200200369","Lower Mgwalana Location","Lower Mgwalana Location"
"EC","HORTON LOCATION","1","200200810","Horton Location","Horton Location"
"EC","ST MATTHEWS","1","200200816","St Matthews","St Matthews"
"EC","LOWER GXULU LOCATION","1","200200368","Lower Gxulu Location","Lower Gxulu Location"
"EC","BELGRAVIA","1","200200364","Belgravia","Belgravia"
"EC","AMATOLA","1","200200825","Amatola","Amatola"
"EC","TAMARA LOCATION","1","200200827","Tamara Location","Tamara Location"
"EC","PEDDIE 5640","1","200200830","Peddie 5640","Peddie 5640"
"EC","KWAZANYOKWE LOCATION","1","200200831","Kwazanyokwe Location","Kwazanyokwe Location"
"EC","GUQUKA VILLAGE","1","200200833","Guquka","Guquka"
"EC","NU 9","1","200200841","Nu 9","Nu 9"
"EC","THORN PARK","1","200200844","Thorn Park","Thorn Park"
"EC","TOLOFIYENI LOCATION","1","200200849","Tolofiyeni Location","Tolofiyeni Location"
"EC","NEEDS CAMP","1","200200362","Needs Camp","Needs Camp"
"EC","TUKU ""B"" LOCATION","1","200200858","Tuku ""B"" Location","Tuku ""B"" Location"
"EC","BELL LOCATION","1","200200859","Bell Location","Bell Location"
"EC","TSHOLOMNQA","1","200200861","Tsholomnqa","Tsholomnqa"
"EC","TYATA LOCATION","1","200200864","Tyata Location","Tyata Location"
"EC","TYENI LOCATION","1","200200865","Tyeni Location","Tyeni Location"
"EC","TYITYABA LOCATION","1","200200866","Tyityaba Location","Tyityaba Location"
"EC","LOVEDALE","1","200200867","Lovedale","Lovedale"
"EC","BRAKFONTEIN","1","200200359","Brakfontein","Brakfontein"
"EC","TYUTYUZA LOCATION","1","200200870","Tyutyuza Location","Tyutyuza Location"
"EC","KLIPFONTEIN FARM","1","200200873","Klipfontein Farm","Klipfontein Farm"
"EC","SOTO VILLAGE","1","200200876","Soto","Soto"
"EC","UPPER CATA LOCATION","1","200200877","Upper Cata Location","Upper Cata Location"
"EC","UPPER GXULU LOCATION","1","200200879","Upper Gxulu Location","Upper Gxulu Location"
"EC","LENYE LOCATION","1","200200357","Lenye Location","Lenye Location"
"EC","BO66 THORNVLEIRDMEISIESHAL","1","200200882","Bo66 Thornvleirdmeisieshal","Bo66 Thornvleirdmeisieshal"
"EC","CAMBRIDGE WEST","1","200200883","Cambridge West","Cambridge West"
"EC","NOMPUMELELO LOCATION","1","200200890","Nompumelelo Location","Nompumelelo Location"
"EC","TOISE","1","200200895","Toise","Toise"
"EC","WASHINGTON FARM","1","200200896","Washington Farm","Washington Farm"
"EC","WEST BANK VILLAGE","1","200200901","West Bank","West Bank"
"EC","NGCAMNGENI LOCATION","1","200200902","Ngcamngeni Location","Ngcamngeni Location"
"EC","WILLOW PARK","1","200200903","Willow Park","Willow Park"
"EC","WOLF RIVER LOCATION","1","200200904","Wolf River Location","Wolf River Location"
"EC","WOODLANDS LOCATION","1","200200907","Woodlands Location","Woodlands Location"
"EC","XHAMA VILLAGE","1","200200910","Xhama","Xhama"
"EC","ZALARA LOCATION","1","200200916","Zalara Location","Zalara Location"
"EC","ZALAZE LOCATION","1","200200917","Zalaze Location","Zalaze Location"
"EC","MXAXO LOCATION","1","200200918","Mxaxo Location","Mxaxo Location"
"EC","MACHIBI LOCATION","1","200200924","Machibi Location","Machibi Location"
"EC","LOVER'S TWIST","1","200200927","Lover's Twist","Lover's Twist"
"EC","NU 7","1","200200929","Nu 7","Nu 7"
"EC","ZIKHALINI LOCATION","1","200200939","Zikhalini Location","Zikhalini Location"
"EC","ZIKHOVA LOCATION","1","200200940","Zikhova Location","Zikhova Location"
"EC","KOLOMANE VILLAGE","1","200200943","Kolomane","Kolomane"
"EC","ZIMBABA LOCATION","1","200200944","Zimbaba Location","Zimbaba Location"
"EC","ZONDEKA LOCATION","1","200200949","Zondeka Location","Zondeka Location"
"EC","TSHABO BLOCK","1","200200952","Tshabo Block","Tshabo Block"
"EC","LIEVELDT LOCATION","1","200200957","Lieveldt Location","Lieveldt Location"
"EC","OPPENSHAW VILLAGE","1","200200963","Oppenshaw","Oppenshaw"
"EC","DYAMALA VILLAGE","1","200200966","Dyamala","Dyamala"
"EC","MBAXA LOCATION","1","200200970","Mbaxa Location","Mbaxa Location"
"EC","RABULA","1","200200981","Rabula","Rabula"
"EC","SPOELKOP FARM","1","200200984","Spoelkop Farm","Spoelkop Farm"
"EC","GQODI ""A"" LOCATION","1","200200987","Gqodi ""A"" Location","Gqodi ""A"" Location"
"EC","GOOD HOPE","1","200200990","Good Hope","Good Hope"
"EC","REEMAR'S FARM","1","200200999","Reemar's Farm","Reemar's Farm"
"EC","CWILI LOCATION","1","200201002","Cwili Location","Cwili Location"
"EC","TRAPPES VALLEY","1","200100692","Trappes Valley","Trappes Valley"
"EC","CAMBRIDGE TOWNSHIP","1","200201047","Cambridge Township","Cambridge Township"
"EC","MZWENI VILLAGE","1","200201049","Mzweni","Mzweni"
"EC","REESTON","1","200201050","Reeston","Reeston"
"EC","ABBOTSFORD","1","200201058","Abbotsford","Abbotsford"
"EC","MILNER ESTATE LENNOX ESTATE & PAN","1","200201060","Milner Estate Lennox Estate & Pan","Milner Estate Lennox Estate & Pan"
"EC","SIVIWE LOCATION","1","200201063","Siviwe Location","Siviwe Location"
"EC","GREEN POINT","1","200201087","Green Point","Green Point"
"EC","NU 3","1","200200354","Nu 3","Nu 3"
"EC","FORT HILL","1","200201097","Fort Hill","Fort Hill"
"EC","FARM 1537","1","200201098","Farm 1537","Farm 1537"
"EC","RAILWAY COTTAGE","1","200100691","Railway Cottage","Railway Cottage"
"EC","EXT SEVEN","1","200300002","Ext Seven","Ext Seven"
"EC","DYOSINI LOCATION","1","200300003","Dyosini Location","Dyosini Location"
"EC","ST FRANCIS BAY","1","200100684","St Francis Bay","St Francis Bay"
"EC","GEODEHOOP","1","200100681","Geodehoop","Geodehoop"
"EC","BOLOTWA A/A","1","200300010","Bolotwa A/A","Bolotwa A/A"
"EC","BAWA VILLAGE","1","200300012","Bawa","Bawa"
"EC","DAZA LOCATION","1","200300014","Daza Location","Daza Location"
"EC","PATERSON","1","200100680","Paterson","Paterson"
"EC","QUENERA NORTH","1","200100672","Quenera North","Quenera North"
"EC","RWANTSANA LOCATION","1","200100668","Rwantsana Location","Rwantsana Location"
"EC","SOKAPASE","1","200300023","Sokapase","Sokapase"
"EC","MAJWARENI LOCATION","1","200200353","Majwareni Location","Majwareni Location"
"EC","CAFUTWENI VILLAGE","1","200300041","Cafutweni","Cafutweni"
"EC","ROWALLAN PARK","1","200100665","Rowallan Park","Rowallan Park"
"EC","CIKO LOCATION","1","200300047","Ciko Location","Ciko Location"
"EC","UITENHAGE","1","200100664","Uitenhage","Uitenhage"
"EC","SUNDWANE A/A","1","200300049","Sundwane A/A","Sundwane A/A"
"EC","CUNGCWINI LOCATION","1","200300052","Cungcwini Location","Cungcwini Location"
"EC","TOLENI LOCATION","1","200300053","Toleni Location","Toleni Location"
"EC","LOWER NDAKANA MAVI A/A","1","200300059","Lower Ndakana Mavi A/A","Lower Ndakana Mavi A/A"
"EC","QOKOLWENI LOCATION","1","200300061","Qokolweni Location","Qokolweni Location"
"EC","SUNNYRIDGE","1","200200349","Sunnyridge","Sunnyridge"
"EC","NYULULA A/A","1","200300066","Nyulula A/A","Nyulula A/A"
"EC","NQUSI LOCATION","1","200300071","Nqusi Location","Nqusi Location"
"EC","NTSITO A/A","1","200300076","Ntsito A/A","Ntsito A/A"
"EC","MKWINTI A/A","1","200300077","Mkwinti A/A","Mkwinti A/A"
"EC","NOMADAMBA A/A","1","200300079","Nomadamba A/A","Nomadamba A/A"
"EC","EBUNGENI FARM SQUATTERS","1","200300082","Ebungeni Farm Squatters","Ebungeni Farm Squatters"
"EC","MBEWULENI A/A","1","200300091","Mbewuleni A/A","Mbewuleni A/A"
"EC","EMGCWE","1","200300093","Emgcwe","Emgcwe"
"EC","KWEZANA","1","200200343","Kwezana","Kwezana"
"EC","UITENHAGE FARMS","1","200100657","Uitenhage Farms","Uitenhage Farms"
"EC","XUME LOCATION","1","200300111","Xume Location","Xume Location"
"EC","HILI-HILI LOCATION","1","200300114","Hili Hili Location","Hili Hili Location"
"EC","SONOP STREET","1","200100652","Sonop Street","Sonop Street"
"EC","GWADANA VILLAGE","1","200300122","Gwadana","Gwadana"
"EC","MTHINGWEVUA/A","1","200300134","Mthingwevua/A","Mthingwevua/A"
"EC","NXAXO ""A"" A/A","1","200300139","Nxaxo ""A"" A/A","Nxaxo ""A"" A/A"
"EC","RIEBEECK EAST","1","200100651","Riebeeck East","Riebeeck East"
"EC","MNYAMENI A/A","1","200300146","Mnyameni A/A","Mnyameni A/A"
"EC","REDHOUSE","1","200100645","Redhouse","Redhouse"
"EC","NCIZELE LOCATION","1","200300149","Ncizele Location","Ncizele Location"
"EC","ESINQUMENI A/A","1","200300161","Esinqumeni A/A","Esinqumeni A/A"
"EC","MZONDO","1","200300162","Mzondo","Mzondo"
"EC","MANQULO VILLAGE","1","200300169","Manqulo","Manqulo"
"EC","MACIBE A/A","1","200300178","Macibe A/A","Macibe A/A"
"EC","IBIKA TOWNSHIP","1","200300182","Ibika Township","Ibika Township"
"EC","NOMBANJANA","1","200300186","Nombanjana","Nombanjana"
"EC","NJAKAZI A/A","1","200300189","Njakazi A/A","Njakazi A/A"
"EC","TOBOYI A/A","1","200300193","Toboyi A/A","Toboyi A/A"
"EC","KWEBULANA LOCATION","1","200300200","Kwebulana Location","Kwebulana Location"
"EC","MGIDI'S WARD","1","200300203","Mgidi's Ward","Mgidi's Ward"
"EC","VULI VALLEY LOCATION","1","200300206","Vuli Valley Location","Vuli Valley Location"
"EC","NCERHANA A/A","1","200300212","Ncerhana A/A","Ncerhana A/A"
"EC","LOWER TSOJANA LOCATION","1","200300235","Lower Tsojana Location","Lower Tsojana Location"
"EC","DUDUMASHE A/A","1","200300238","Dudumashe A/A","Dudumashe A/A"
"EC","HERMITAGE","1","200100734","Hermitage","Hermitage"
"EC","EMAHLATINI LOCATION","1","200300267","Emahlatini Location","Emahlatini Location"
"EC","LOCATIONKENTANI","1","200300274","Locationkentani","Locationkentani"
"EC","IZINGCUKA A/A","1","200300277","Izingcuka A/A","Izingcuka A/A"
"EC","NCIZELE A/A","1","200300283","Ncizele A/A","Ncizele A/A"
"EC","TUTURA A/A","1","200300285","Tutura A/A","Tutura A/A"
"EC","HOLELA A/A","1","200300286","Holela A/A","Holela A/A"
"EC","QAYISO LOCATION","1","200300291","Qayiso Location","Qayiso Location"
"EC","KOBONQABA A/A","1","200300292","Kobonqaba A/A","Kobonqaba A/A"
"EC","GWADANA A/A","1","200300297","Gwadana A/A","Gwadana A/A"
"EC","NGERA","1","200200338","Ngera","Ngera"
"EC","NOBANDA","1","200300303","Nobanda","Nobanda"
"EC","MPOZOLO LOCATION","1","200300307","Mpozolo Location","Mpozolo Location"
"EC","NGXAKAXA A/A","1","200300313","Ngxakaxa A/A","Ngxakaxa A/A"
"EC","MENDWANA LOCATION","1","200300318","Mendwana Location","Mendwana Location"
"EC","MQONCI LOCATION","1","200300323","Mqonci Location","Mqonci Location"
"EC","MUNCU LOCATION","1","200300325","Muncu Location","Muncu Location"
"EC","NTLAHLANE LOCATION","1","200300332","Ntlahlane Location","Ntlahlane Location"
"EC","NGCEZA LOCATION","1","200300333","Ngceza Location","Ngceza Location"
"EC","BONKOLO A/A","1","200300334","Bonkolo A/A","Bonkolo A/A"
"EC","NTSHATSHONGO A/A","1","200300351","Ntshatshongo A/A","Ntshatshongo A/A"
"EC","MNTLA KOTANA VILLAGE","1","200300356","Mntla Kotana","Mntla Kotana"
"EC","MGOMANZI LOCATION R6","1","200300357","Mgomanzi Location R6","Mgomanzi Location R6"
"EC","TAKAZI ""B""","1","200300358","Takazi ""B""","Takazi ""B"""
"EC","NYHWARHA A/A","1","200300367","Nyhwarha A/A","Nyhwarha A/A"
"EC","KWAMKIVA A/A","1","200300369","Kwamkiva A/A","Kwamkiva A/A"
"EC","MQAMBELI VILLAGE","1","200300373","Mqambeli","Mqambeli"
"EC","CERU A/A","1","200300403","Ceru A/A","Ceru A/A"
"EC","MOBOMVU TOWNSHIP","1","200300411","Mobomvu Township","Mobomvu Township"
"EC","MGOMANZI R3","1","200300413","Mgomanzi R3","Mgomanzi R3"
"EC","TAKAZI A/A","1","200300414","Takazi A/A","Takazi A/A"
"EC","NCINCINIKWE","1","200300415","Ncincinikwe","Ncincinikwe"
"EC","NDAKANA LOCATION MAVUSO","1","200300421","Ndakana Location Mavuso","Ndakana Location Mavuso"
"EC","KWAMFULA A/A","1","200300422","Kwamfula A/A","Kwamfula A/A"
"EC","EZINGCUKA A/A","1","200300427","Ezingcuka A/A","Ezingcuka A/A"
"EC","BAWA","1","200300428","Bawa","Bawa"
"EC","NGADLA LOCATION","1","200300430","Ngadla Location","Ngadla Location"
"EC","GUIDO STREET","1","200300444","Guido Street","Guido Street"
"EC","MBANGENI A/A","1","200300447","Mbangeni A/A","Mbangeni A/A"
"EC","CENTULI A/A","1","200300450","Centuli A/A","Centuli A/A"
"EC","NJINGINI A/A","1","200300454","Njingini A/A","Njingini A/A"
"EC","NQUSI A/A","1","200300458","Nqusi A/A","Nqusi A/A"
"EC","NOBANDA LOCATION","1","200300466","Nobanda Location","Nobanda Location"
"EC","CUBA","1","200300472","Cuba","Cuba"
"EC","NOMAHEYA MISSION","1","200300475","Nomaheya Mission","Nomaheya Mission"
"EC","NQABANE  A/A","1","200300477","Nqabane  A/A","Nqabane  A/A"
"EC","QORA A/A","1","200300486","Qora A/A","Qora A/A"
"EC","ZANGWA AA","1","200300491","Zangwa Aa","Zangwa Aa"
"EC","TALENI A/A","1","200300494","Taleni A/A","Taleni A/A"
"EC","TAKAZI ""A"" A/A","1","200300508","Takazi ""A"" A/A","Takazi ""A"" A/A"
"EC","NTSUME LOCATION","1","200300519","Ntsume Location","Ntsume Location"
"EC","NEWTON","1","200100736","Newton","Newton"
"EC","IMIDUSHANE A/A","1","200300530","Imidushane A/A","Imidushane A/A"
"EC","IBIKA LOCATION","1","200300533","Ibika Location","Ibika Location"
"EC","KEI FARMS","1","200300540","Kei Farms","Kei Farms"
"EC","PEARSTON","1","200100621","Pearston","Pearston"
"EC","QOLORA ""C"" A/A","1","200300550","Qolora ""C"" A/A","Qolora ""C"" A/A"
"EC","QUMBULWANA LOCATION","1","200300552","Qumbulwana Location","Qumbulwana Location"
"EC","MSOBOMVU TOWNSHIP","1","200300557","Msobomvu Township","Msobomvu Township"
"EC","XILINXA A/A","1","200300570","Xilinxa A/A","Xilinxa A/A"
"EC","SIVANXA  LOCATION","1","200300573","Sivanxa  Location","Sivanxa  Location"
"EC","NGCISININDE A/A","1","200300574","Ngcisininde A/A","Ngcisininde A/A"
"EC","YAKO FARM SQUTERS","1","200300575","Yako Farm Squters","Yako Farm Squters"
"EC","NCISININDE","1","200300577","Ncisininde","Ncisininde"
"EC","DEBESE   LOC.","1","200300578","Debese   Loc.","Debese   Loc."
"EC","KOBONQABA ""F""","1","200300580","Kobonqaba ""F""","Kobonqaba ""F"""
"EC","TEKO FIHLA LOCATION","1","200300588","Teko Fihla Location","Teko Fihla Location"
"EC","KUZE LOCATION","1","200300591","Kuze Location","Kuze Location"
"EC","TOBOYI LOCATION","1","200300602","Toboyi Location","Toboyi Location"
"EC","MTULU LOCATION","1","200300606","Mtulu Location","Mtulu Location"
"EC","NONTSHINGA A/A","1","200300609","Nontshinga A/A","Nontshinga A/A"
"EC","TSOJANA A/A","1","200300610","Tsojana A/A","Tsojana A/A"
"EC","TSOMO MISSION","1","200300612","Tsomo Mission","Tsomo Mission"
"EC","FALAKAHLA VILLAGE","1","200300625","Falakahla","Falakahla"
"EC","VININDWA","1","200300643","Vinindwa","Vinindwa"
"EC","NKQANTOSI LOCATION","1","200200332","Nkqantosi Location","Nkqantosi Location"
"EC","KENTANI 4980","1","200300658","Kentani 4980","Kentani 4980"
"EC","QINA A/A","1","200300664","Qina A/A","Qina A/A"
"EC","NQANDU LOCATION","1","200300666","Nqandu Location","Nqandu Location"
"EC","KWAMGQUBUTHELI","1","200300679","Kwamgqubutheli","Kwamgqubutheli"
"EC","MBOZI LOCATION","1","200300681","Mbozi Location","Mbozi Location"
"EC","NGAKO LOCATION","1","200300685","Ngako Location","Ngako Location"
"EC","ZIBHITYOLO","1","200300686","Zibhityolo","Zibhityolo"
"EC","MBOZI A/A","1","200300688","Mbozi A/A","Mbozi A/A"
"EC","MAYEKISO FARM","1","200300712","Mayekiso Farm","Mayekiso Farm"
"EC","NKONDWANE FARM","1","200300715","Nkondwane Farm","Nkondwane Farm"
"EC","AMAMBALU LOCATION","1","200300717","Amambalu Location","Amambalu Location"
"EC","TEKO SPRINGS VILLAGE","1","200300718","Teko Springs","Teko Springs"
"EC","TUTURA LOCATION","1","200300721","Tutura Location","Tutura Location"
"EC","NCERANA A/A","1","200300725","Ncerana A/A","Ncerana A/A"
"EC","QOLORA ""E"" A/A","1","200300735","Qolora ""E"" A/A","Qolora ""E"" A/A"
"EC","TOLENI A/A","1","200300736","Toleni A/A","Toleni A/A"
"EC","ZAZELA A/A","1","200300737","Zazela A/A","Zazela A/A"
"EC","CANNON HILL","1","200100737","Cannon Hill","Cannon Hill"
"EC","XOLOBE A/A","1","200300753","Xolobe A/A","Xolobe A/A"
"EC","TEKO SPRINGS","1","200300757","Teko Springs","Teko Springs"
"EC","NGEDE A/A","1","200300786","Ngede A/A","Ngede A/A"
"EC","LUTHULI VILLAGE","1","200300804","Luthuli","Luthuli"
"EC","NXOKWANA A/A","1","200300814","Nxokwana A/A","Nxokwana A/A"
"EC","NONTSHINGA LOCATION","1","200300815","Nontshinga Location","Nontshinga Location"
"EC","UPPER GWADU LOCATION","1","200300844","Upper Gwadu Location","Upper Gwadu Location"
"EC","DWESA A/A","1","200300850","Dwesa A/A","Dwesa A/A"
"EC","LOWER MBANGCOLO","1","200300851","Lower Mbangcolo","Lower Mbangcolo"
"EC","DADAMBA LOCATION","1","200300854","Dadamba Location","Dadamba Location"
"EC","EXTENSION 2","1","200300863","Extension 2","Extension 2"
"EC","MSOBOMVU","1","200300869","Msobomvu","Msobomvu"
"EC","BUTTERWORTH X 7","1","200300873","Butterworth X 7","Butterworth X 7"
"EC","LENCANE LOCATION","1","200300884","Lencane Location","Lencane Location"
"EC","Tora Administrative Area","1","200300887","Tora Administrative Area","Tora Administrative Area"
"EC","KEI BRIDGE","1","200300889","Kei Bridge","Kei Bridge"
"EC","NELSIG","1","200100620","Nelsig","Nelsig"
"EC","KUBUSIE LOCATION","1","200200328","Kubusie Location","Kubusie Location"
"EC","ELUNDINI VILLAGE","1","200200327","Elundini","Elundini"
"EC","DIST UITENHAGE","1","200100613","Dist Uitenhage","Dist Uitenhage"
"EC","HUMEWOOD","1","200100611","Humewood","Humewood"
"EC","MASAMENIA A","1","200400010","Masamenia A","Masamenia A"
"EC","KOTISHINI LOCATION","1","200400012","Kotishini Location","Kotishini Location"
"EC","VILLAGE","1","200200323","Village","Village"
"EC","BITYI LOCATION","1","200400015","Bityi Location","Bityi Location"
"EC","MLALANDLE LOCATION","1","200100590","Mlalandle Location","Mlalandle Location"
"EC","NTIBANEAA","1","200400019","Ntibaneaa","Ntibaneaa"
"EC","NTABODULI LOCATION","1","200400020","Ntaboduli Location","Ntaboduli Location"
"EC","NOOITGEDAGHT","1","200100588","Nooitgedaght","Nooitgedaght"
"EC","QULUQU","1","200400023","Quluqu","Quluqu"
"EC","LOWER NGQUNGQU","1","200400024","Lower Ngqungqu","Lower Ngqungqu"
"EC","NEMATO","1","200100583","Nemato","Nemato"
"EC","BUSHMANS RIVER MOUTH","1","200100582","Bushmans River Mouth","Bushmans River Mouth"
"EC","MUNICIPAL AREA","1","200400032","Municipal Area","Municipal Area"
"EC","NTILINI LOCATION","1","200100568","Ntilini Location","Ntilini Location"
"EC","BEYELE","1","200400037","Beyele","Beyele"
"EC","BOJANE","1","200400044","Bojane","Bojane"
"EC","ENGXOGI","1","200400045","Engxogi","Engxogi"
"EC","VANES ESTATE","1","200100538","Vanes Estate","Vanes Estate"
"EC","MORESON","1","200100528","Moreson","Moreson"
"EC","BUNGU A/A","1","200400056","Bungu A/A","Bungu A/A"
"EC","Elliot","1","200400057","Elliot","Elliot"
"EC","KWAMHLONTLO","1","200400065","Kwamhlontlo","Kwamhlontlo"
"EC","COTSWOLD","1","200100527","Cotswold","Cotswold"
"EC","CEFANE HOEK","1","200400071","Cefane Hoek","Cefane Hoek"
"EC","NTSHONGWENI  LOCATION","1","200400073","Ntshongweni  Location","Ntshongweni  Location"
"EC","UPPER CENTULI","1","200400074","Upper Centuli","Upper Centuli"
"EC","MONDPLAAS","1","200100526","Mondplaas","Mondplaas"
"EC","GRASLAAGTE","1","200100740","Graslaagte","Graslaagte"
"EC","CINGCO LOCATION","1","200400081","Cingco Location","Cingco Location"
"EC","CLARKEBURY INSTITUTE","1","200400082","Clarkebury Institute","Clarkebury Institute"
"EC","MJANYANE","1","200400085","Mjanyane","Mjanyane"
"EC","MISGUND","1","200100516","Misgund","Misgund"
"EC","WHEATLANDS FARM","1","200100513","Wheatlands Farm","Wheatlands Farm"
"EC","MDENI","1","200100500","Mdeni","Mdeni"
"EC","DETYANA LOCATION","1","200400118","Detyana Location","Detyana Location"
"EC","DIDWAYO LOCATION","1","200400120","Didwayo Location","Didwayo Location"
"EC","WESBANK","1","200100742","Wesbank","Wesbank"
"EC","MBUTO FARM","1","200400128","Mbuto Farm","Mbuto Farm"
"EC","KATBERT FARM","1","200200305","Katbert Farm","Katbert Farm"
"EC","TUKUB VILLAGE","1","200200299","Tukub","Tukub"
"EC","KHANYISO LOCATION","1","200100471","Khanyiso Location","Khanyiso Location"
"EC","ST CUTHBERTS AA","1","200400140","St Cuthberts Aa","St Cuthberts Aa"
"EC","MAGCUMENI LOCATION","1","200200298","Magcumeni Location","Magcumeni Location"
"EC","DEBE MARELA LOCATION","1","200200297","Debe Marela Location","Debe Marela Location"
"EC","ELUNYAWENI AREA","1","200400155","Elunyaweni Area","Elunyaweni Area"
"EC","EMKANZI","1","200400161","Emkanzi","Emkanzi"
"EC","LOWER BLINKWATER","1","200100466","Lower Blinkwater","Lower Blinkwater"
"EC","MLUNGISI TOWNSHIP","1","200200295","Mlungisi Township","Mlungisi Township"
"EC","ESIKHOBENI","1","200400170","Esikhobeni","Esikhobeni"
"EC","ESIKINAYINI LOCATION","1","200400172","Esikinayini Location","Esikinayini Location"
"EC","ETHEMBENI LOCATION","1","200400175","Ethembeni Location","Ethembeni Location"
"EC","ETWA LOCATION","1","200400176","Etwa Location","Etwa Location"
"EC","KATKOP LOCATION","1","200400177","Katkop Location","Katkop Location"
"EC","MAYDERN FARM","1","200400181","Maydern Farm","Maydern Farm"
"EC","C/O MBINJA STORE","1","200400203","C/O Mbinja Store","C/O Mbinja Store"
"EC","LOVEMORE PARK","1","200100465","Lovemore Park","Lovemore Park"
"EC","GODZI LOCATION","1","200400218","Godzi Location","Godzi Location"
"EC","GOTYIBENI LOCATION","1","200400226","Gotyibeni Location","Gotyibeni Location"
"EC","GITYIBENI LOCATION","1","200400227","Gityibeni Location","Gityibeni Location"
"EC","GQAQHALA","1","200400228","Gqaqhala","Gqaqhala"
"EC","SIMANZI A/A","1","200400235","Simanzi A/A","Simanzi A/A"
"EC","MQHEKEZWENIAA","1","200400243","Mqhekezweniaa","Mqhekezweniaa"
"EC","STORMSRIVER","1","200100749","Stormsriver","Stormsriver"
"EC","EGQUTYINI LOCATION","1","200400248","Egqutyini Location","Egqutyini Location"
"EC","MADWALENI HOSPITAL","1","200400249","Madwaleni Hospital","Madwaleni Hospital"
"EC","XHORHA","1","200400250","Xhorha","Xhorha"
"EC","LOUTERWATER","1","200100464","Louterwater","Louterwater"
"EC","MCWASA AA","1","200400257","Mcwasa Aa","Mcwasa Aa"
"EC","TWECU LOCATION","1","200200290","Twecu Location","Twecu Location"
"EC","SIGINGQINI LOCATION","1","200200287","Sigingqini Location","Sigingqini Location"
"EC","HLANGANI LOCATION","1","200400267","Hlangani Location","Hlangani Location"
"EC","JAFTA LOCATION","1","200200284","Jafta Location","Jafta Location"
"EC","SOUTHRIDGE","1","200400272","Southridge","Southridge"
"EC","NOMZWAKHE LOCATION","1","200100462","Nomzwakhe Location","Nomzwakhe Location"
"EC","IKHWEZI","1","200400274","Ikhwezi","Ikhwezi"
"EC","I","1","200400276","I","I"
"EC","MILLER MISSION","1","200400280","Miller Mission","Miller Mission"
"EC","KWAZIDENGE VILLAGE","1","200200279","Kwazidenge","Kwazidenge"
"EC","SIKHUTSHWANA LOCATION","1","200200277","Sikhutshwana Location","Sikhutshwana Location"
"EC","OLD PAYNEA A","1","200400284","Old Paynea A","Old Paynea A"
"EC","MVEZO A/A","1","200400285","Mvezo A/A","Mvezo A/A"
"EC","KILLARNEY FARM","1","200400287","Killarney Farm","Killarney Farm"
"EC","NTABENI VILLAGE","1","200400296","Ntabeni","Ntabeni"
"EC","MAQUBINI","1","200400308","Maqubini","Maqubini"
"EC","MQEKEZWENI","1","200400309","Mqekezweni","Mqekezweni"
"EC","MBENTSALOCATION","1","200400317","Mbentsalocation","Mbentsalocation"
"EC","FORD & MSIMANGO","1","200200276","Ford & Msimango","Ford & Msimango"
"EC","RAINY LOCATION","1","200400322","Rainy Location","Rainy Location"
"EC","KRANCOLO A/A","1","200400334","Krancolo A/A","Krancolo A/A"
"EC","CABA A/A","1","200400342","Caba A/A","Caba A/A"
"EC","NTOLENI LOCATION","1","200100455","Ntoleni Location","Ntoleni Location"
"EC","LIBODE VILLAGE","1","200400358","Libode","Libode"
"EC","NIEUBETHESDA 6286","1","200100450","Nieubethesda 6286","Nieubethesda 6286"
"EC","LOWER CULUNCA","1","200400370","Lower Culunca","Lower Culunca"
"EC","LOWER ESINXAKU A/A","1","200400371","Lower Esinxaku A/A","Lower Esinxaku A/A"
"EC","LOWER GQAGA","1","200400374","Lower Gqaga","Lower Gqaga"
"EC","BASHEE","1","200400375","Bashee","Bashee"
"EC","NDUNYENI A/A","1","200400381","Ndunyeni A/A","Ndunyeni A/A"
"EC","NGWENYA LOCATION","1","200200274","Ngwenya Location","Ngwenya Location"
"EC","MILLARD GRANGE","1","200100449","Millard Grange","Millard Grange"
"EC","LOWER SITOLENI","1","200400392","Lower Sitoleni","Lower Sitoleni"
"EC","ZIBUNGU A/A","1","200400397","Zibungu A/A","Zibungu A/A"
"EC","LUKUNI LOCATION","1","200400402","Lukuni Location","Lukuni Location"
"EC","MASIBAMBANE LOCATION","1","200400406","Masibambane Location","Masibambane Location"
"EC","LUTHUBENI A/A","1","200400418","Luthubeni A/A","Luthubeni A/A"
"EC","NGQWELE LOCATION","1","200200267","Ngqwele Location","Ngqwele Location"
"EC","SIDWELL","1","200100438","Sidwell","Sidwell"
"EC","KEIMOUTH","1","200200264","Keimouth","Keimouth"
"EC","MANDULINI A/A","1","200400447","Mandulini A/A","Mandulini A/A"
"EC","MISTYMOUNT","1","200400449","Mistymount","Mistymount"
"EC","SIKWELENI LOCATION","1","200400450","Sikweleni Location","Sikweleni Location"
"EC","MAKAULA","1","200400461","Makaula","Makaula"
"EC","MAKUBENI A/A","1","200400462","Makubeni A/A","Makubeni A/A"
"EC","MATHAYI LOCATION","1","200400465","Mathayi Location","Mathayi Location"
"EC","UPPER MALEPE-LEPE A/A","1","200400467","Upper Malepe Lepe A/A","Upper Malepe Lepe A/A"
"EC","KENSINGTON","1","200100437","Kensington","Kensington"
"EC","MANCAM LOCATION","1","200400471","Mancam Location","Mancam Location"
"EC","MANDEBE LOCATION","1","200400472","Mandebe Location","Mandebe Location"
"EC","MANDLOVINI A/A","1","200400477","Mandlovini A/A","Mandlovini A/A"
"EC","MAQANDA","1","200400496","Maqanda","Maqanda"
"EC","EZINGONYAMENI A/A","1","200400502","Ezingonyameni A/A","Ezingonyameni A/A"
"EC","JOJWENI LOCATION","1","200400503","Jojweni Location","Jojweni Location"
"EC","MASIBAMBANE","1","200400504","Masibambane","Masibambane"
"EC","MASONWABENATHI","1","200400506","Masonwabenathi","Masonwabenathi"
"EC","CWELE A/A","1","200400519","Cwele A/A","Cwele A/A"
"EC","COZA A/A","1","200400525","Coza A/A","Coza A/A"
"EC","ESIHLABENI VILLAGE","1","200400529","Esihlabeni","Esihlabeni"
"EC","MBIDLANA ADMINISTRATIVE AREA","1","200400533","Mbidlana Administrative Area","Mbidlana Administrative Area"
"EC","MBILINI LOCATION","1","200400534","Mbilini Location","Mbilini Location"
"EC","DE MIST","1","200100436","De Mist","De Mist"
"EC","PO BOX TSOLOTSOL","1","200400541","Po Box Tsolotsol","Po Box Tsolotsol"
"EC","PO BOX 201","1","200400545","Po Box 201","Po Box 201"
"EC","CEFANE","1","200400552","Cefane","Cefane"
"EC","BRAELYN INDUSTRIA","1","200200263","Braelyn Industria","Braelyn Industria"
"EC","LOWER GQAGA LOATION","1","200400559","Lower Gqaga Loation","Lower Gqaga Loation"
"EC","KHALANDODA A/A","1","200400560","Khalandoda A/A","Khalandoda A/A"
"EC","MDUMAZULU LOCATION","1","200400571","Mdumazulu Location","Mdumazulu Location"
"EC","MPANTU","1","200400574","Mpantu","Mpantu"
"EC","VINCENT","1","200200261","Vincent","Vincent"
"EC","UPPER NDUNGUNYENI A/A","1","200400580","Upper Ndungunyeni A/A","Upper Ndungunyeni A/A"
"EC","LUNDINI LOCATION","1","200400590","Lundini Location","Lundini Location"
"EC","MHLONGWANA LOCATION","1","200400606","Mhlongwana Location","Mhlongwana Location"
"EC","BETHELSDORP","1","200100751","Bethelsdorp","Bethelsdorp"
"EC","NDIBELA VILLAGE","1","200400616","Ndibela","Ndibela"
"EC","MNTUNTLONI A/A","1","200400628","Mntuntloni A/A","Mntuntloni A/A"
"EC","KWATEKI","1","200400629","Kwateki","Kwateki"
"EC","BAYSVILLE","1","200200253","Baysville","Baysville"
"EC","QINGQANA SOUTH","1","200400635","Qingqana South","Qingqana South"
"EC","MPANGANA A/A","1","200400638","Mpangana A/A","Mpangana A/A"
"EC","MPIKWANA LOCATION","1","200400645","Mpikwana Location","Mpikwana Location"
"EC","MTFLECTHER","1","200400647","Mtflecther","Mtflecther"
"EC","MAKHUMSHENI LOCATION","1","200400653","Makhumsheni Location","Makhumsheni Location"
"EC","MTSHEKELWENI A/A","1","200400655","Mtshekelweni A/A","Mtshekelweni A/A"
"EC","MQOKOLWENI A/A","1","200400658","Mqokolweni A/A","Mqokolweni A/A"
"EC","SUNLANDS","1","200100754","Sunlands","Sunlands"
"EC","MSINTSANA","1","200400662","Msintsana","Msintsana"
"EC","MAMOLWENI A/A","1","200400668","Mamolweni A/A","Mamolweni A/A"
"EC","KWA-VETYU","1","200400670","Kwa Vetyu","Kwa Vetyu"
"EC","QANQU LOCATION","1","200400671","Qanqu Location","Qanqu Location"
"EC","TOMBO","1","200400676","Tombo","Tombo"
"EC","CHRIS HANI PACK","1","200400681","Chris Hani Pack","Chris Hani Pack"
"EC","ZAMUKULUNGISA","1","200400687","Zamukulungisa","Zamukulungisa"
"EC","NTLAZANGA AA","1","200400689","Ntlazanga Aa","Ntlazanga Aa"
"EC","MANGWANENI LOCATION","1","200400692","Mangwaneni Location","Mangwaneni Location"
"EC","NKONDLO","1","200400693","Nkondlo","Nkondlo"
"EC","ZITHATHELE A/A","1","200400694","Zithathele A/A","Zithathele A/A"
"EC","GQUNU FARM","1","200400695","Gqunu Farm","Gqunu Farm"
"EC","NDLUNKULU VILLAGE","1","200400700","Ndlunkulu","Ndlunkulu"
"EC","VIEDGESVILLE EXTENSION","1","200400703","Viedgesville Extension","Viedgesville Extension"
"EC","RARA A/A","1","200400706","Rara A/A","Rara A/A"
"EC","NCIHANA HEAD","1","200400709","Ncihana Head","Ncihana Head"
"EC","NDWANE LOCATION","1","200400728","Ndwane Location","Ndwane Location"
"EC","MGAQWENI AA/","1","200400730","Mgaqweni Aa/","Mgaqweni Aa/"
"EC","SULENKAMA","1","200400731","Sulenkama","Sulenkama"
"EC","NGCENGANE LOCATION","1","200400733","Ngcengane Location","Ngcengane Location"
"EC","CEGCUWANA LOCATION","1","200400740","Cegcuwana Location","Cegcuwana Location"
"EC","FAKU STORE","1","200400747","Faku Store","Faku Store"
"EC","QUAMANGO ENGCOBO","1","200400773","Quamango Engcobo","Quamango Engcobo"
"EC","SENTUBE A/A","1","200400774","Sentube A/A","Sentube A/A"
"EC","MBUQE EXTENTION","1","200400777","Mbuqe Extention","Mbuqe Extention"
"EC","NU 6","1","200200248","Nu 6","Nu 6"
"EC","RIEBEECK HEIGHTS","1","200100430","Riebeeck Heights","Riebeeck Heights"
"EC","NGQAVI A/A","1","200400787","Ngqavi A/A","Ngqavi A/A"
"EC","ZINKUMBINI LOCATION","1","200400798","Zinkumbini Location","Zinkumbini Location"
"EC","NGQAI A/A","1","200400799","Ngqai A/A","Ngqai A/A"
"EC","NKWALINI LOCATION","1","200400801","Nkwalini Location","Nkwalini Location"
"EC","NTSELEKANA VILLAGE","1","200400812","Ntselekana","Ntselekana"
"EC","DANGWANA STORE","1","200400817","Dangwana Store","Dangwana Store"
"EC","MDIBANISWENI A/A","1","200400819","Mdibanisweni A/A","Mdibanisweni A/A"
"EC","QUMBU EXTENSION 7","1","200400823","Qumbu Extension 7","Qumbu Extension 7"
"EC","NONTATYANA LOCATION","1","200400825","Nontatyana Location","Nontatyana Location"
"EC","NEW PAYNE","1","200400828","New Payne","New Payne"
"EC","NOTINTSI LOCATION","1","200400834","Notintsi Location","Notintsi Location"
"EC","SIXHOLOSINI","1","200400838","Sixholosini","Sixholosini"
"EC","NZULWINI A/A","1","200400856","Nzulwini A/A","Nzulwini A/A"
"EC","NTIBANE FARM","1","200400857","Ntibane Farm","Ntibane Farm"
"EC","MGWENYANE A/A","1","200400862","Mgwenyane A/A","Mgwenyane A/A"
"EC","NTLAZA","1","200400864","Ntlaza","Ntlaza"
"EC","NTSELENI LOCATION","1","200400867","Ntseleni Location","Ntseleni Location"
"EC","ENON","1","200100428","Enon","Enon"
"EC","DORRINGTON LOCATION","1","200100426","Dorrington Location","Dorrington Location"
"EC","NGOLO A/A","1","200400895","Ngolo A/A","Ngolo A/A"
"EC","KWANOXOLO","1","200100425","Kwanoxolo","Kwanoxolo"
"EC","KATINI A/A","1","200400902","Katini A/A","Katini A/A"
"EC","NTLANGAZA A/A","1","200400912","Ntlangaza A/A","Ntlangaza A/A"
"EC","DUMASI LOCATION","1","200400922","Dumasi Location","Dumasi Location"
"EC","MTHUMBANE LOCATION","1","200400923","Mthumbane Location","Mthumbane Location"
"EC","MNCWASA EAST","1","200400930","Mncwasa East","Mncwasa East"
"EC","MTHOMBE A/A","1","200400937","Mthombe A/A","Mthombe A/A"
"EC","QINQANA NORTH","1","200400946","Qinqana North","Qinqana North"
"EC","BUKWINI A/A","1","200400947","Bukwini A/A","Bukwini A/A"
"EC","QOLOMBANE LOCATION","1","200400951","Qolombane Location","Qolombane Location"
"EC","QOTA","1","200400952","Qota","Qota"
"EC","MUNICIPALITY","1","200400956","Municipality","Municipality"
"EC","QUMBU VILLAGE","1","200400958","Qumbu","Qumbu"
"EC","ROSEDALE LOCATION","1","200400969","Rosedale Location","Rosedale Location"
"EC","KRAKRA A/A","1","200400971","Krakra A/A","Krakra A/A"
"EC","SANGONI LOCATION","1","200400980","Sangoni Location","Sangoni Location"
"EC","ZITULELE LOCATION","1","200400985","Zitulele Location","Zitulele Location"
"EC","LAND CAMP LOCATION","1","200400993","Land Camp Location","Land Camp Location"
"EC","XUKA DRIFT","1","200401000","Xuka Drift","Xuka Drift"
"EC","SITOLENI A/A","1","200401008","Sitoleni A/A","Sitoleni A/A"
"EC","ESKOLWENI LOCATION","1","200200243","Eskolweni Location","Eskolweni Location"
"EC","KWANDIMA","1","200401010","Kwandima","Kwandima"
"EC","MNYAMENI LOCATION","1","200401015","Mnyameni Location","Mnyameni Location"
"EC","SKOBENIAA","1","200401016","Skobeniaa","Skobeniaa"
"EC","KRUISRIVIER","1","200100416","Kruisrivier","Kruisrivier"
"EC","GXULU A/A","1","200401032","Gxulu A/A","Gxulu A/A"
"EC","ZIMBANE LOCATION","1","200401040","Zimbane Location","Zimbane Location"
"EC","TAMBOEKIESVLEI","1","200200242","Tamboekiesvlei","Tamboekiesvlei"
"EC","HERTZOG VILLAGE","1","200200241","Hertzog","Hertzog"
"EC","TYALARA AA","1","200401080","Tyalara Aa","Tyalara Aa"
"EC","NORWOOD","1","200401089","Norwood","Norwood"
"EC","UPPER CULUNCA","1","200401093","Upper Culunca","Upper Culunca"
"EC","GOBOTI","1","200401094","Goboti","Goboti"
"EC","UPPER ESINXAKU A/A","1","200401095","Upper Esinxaku A/A","Upper Esinxaku A/A"
"EC","UPPER TABASE","1","200401109","Upper Tabase","Upper Tabase"
"EC","VOYIZANA","1","200401119","Voyizana","Voyizana"
"EC","GWALI LOCATION","1","200401121","Gwali Location","Gwali Location"
"EC","NEW BUNTINGVILLE","1","200401122","New Buntingville","New Buntingville"
"EC","MAGUBU LOCATION","1","200401123","Magubu Location","Magubu Location"
"EC","QELANE VILLAGE","1","200401124","Qelane","Qelane"
"EC","DABANE AA","1","200401131","Dabane Aa","Dabane Aa"
"EC","PRIVATE BAG X 520 MQAMDULI 50","1","200401132","Private Bag X 520 Mqamduli 50","Private Bag X 520 Mqamduli 50"
"EC","SANGWENIAA","1","200401150","Sangweniaa","Sangweniaa"
"EC","YAWA","1","200401158","Yawa","Yawa"
"EC","QUMANCO","1","200401162","Qumanco","Qumanco"
"EC","LUDALASI LOCATION","1","200401163","Ludalasi Location","Ludalasi Location"
"EC","NKWANKCA LOCATION","1","200401165","Nkwankca Location","Nkwankca Location"
"EC","QWEQWE LOCATION","1","200401166","Qweqwe Location","Qweqwe Location"
"EC","PO COGHLANE NGCOBO 5054","1","200401172","Po Coghlane Ngcobo 5054","Po Coghlane Ngcobo 5054"
"EC","KAPLAN VILLAGE","1","200401173","Kaplan","Kaplan"
"EC","NGOJINI LOCATION","1","200401176","Ngojini Location","Ngojini Location"
"EC","UMATA","1","200401191","Umata","Umata"
"EC","RAINY A/A","1","200401211","Rainy A/A","Rainy A/A"
"EC","LUHEWINI ENGCOBO","1","200401212","Luhewini Engcobo","Luhewini Engcobo"
"EC","NGXONGI A/A","1","200401218","Ngxongi A/A","Ngxongi A/A"
"EC","ZADUNGENI","1","200401223","Zadungeni","Zadungeni"
"EC","VIEDGEVILLE","1","200401225","Viedgeville","Viedgeville"
"EC","MAGUTYWA LOCATION","1","200401229","Magutywa Location","Magutywa Location"
"EC","LANGENIA A","1","200401242","Langenia A","Langenia A"
"EC","LUKHUNI A/A","1","200401256","Lukhuni A/A","Lukhuni A/A"
"EC","NKWENKWEZI","1","200401272","Nkwenkwezi","Nkwenkwezi"
"EC","MVEZO","1","200401277","Mvezo","Mvezo"
"EC","ST AUGUSTINES","1","200401284","St Augustines","St Augustines"
"EC","MCWANGELE A/A","1","200401285","Mcwangele A/A","Mcwangele A/A"
"EC","MPANDELA LOCATION","1","200401293","Mpandela Location","Mpandela Location"
"EC","CIBENI A/A","1","200401298","Cibeni A/A","Cibeni A/A"
"EC","TABASE","1","200401300","Tabase","Tabase"
"EC","NDUNGUNYENIA A","1","200401302","Ndungunyenia A","Ndungunyenia A"
"EC","KING SABATA DALINDYE RURAL","1","200401303","King Sabata Dalindye Rural","King Sabata Dalindye Rural"
"EC","NDIBELA LOCATION","1","200401314","Ndibela Location","Ndibela Location"
"EC","HECKEL VILLAGE","1","200200239","Heckel","Heckel"
"EC","NEW PAYNE LOCATION","1","200401324","New Payne Location","New Payne Location"
"EC","FAIRFIELD LOCATION","1","200401335","Fairfield Location","Fairfield Location"
"EC","NKW","1","200401336","Nkw","Nkw"
"EC","IKWEZI","1","200401343","Ikwezi","Ikwezi"
"EC","UPPER CORANA A/A","1","200401358","Upper Corana A/A","Upper Corana A/A"
"EC","SONWABILE","1","200401361","Sonwabile","Sonwabile"
"EC","KRUISFONTEIN","1","200100415","Kruisfontein","Kruisfontein"
"EC","NORTHCREST","1","200401395","Northcrest","Northcrest"
"EC","BEHIND ALEXANDRA GARAGE","1","200401408","Behind Alexandra Garage","Behind Alexandra Garage"
"EC","NCAMBEDLANA","1","200401410","Ncambedlana","Ncambedlana"
"EC","ERF NO 58","1","200401413","Erf No 58","Erf No 58"
"EC","LUBHACWENI ADMIN AREA","1","200404016","Lubhacweni Admin Area","Lubhacweni Admin Area"
"EC","NCORA FLATS A/A","1","200404034","Ncora Flats A/A","Ncora Flats A/A"
"EC","KRAKEEL RIVER","1","200100407","Krakeel River","Krakeel River"
"EC","SWARTKOPS","1","200100763","Swartkops","Swartkops"
"EC","XURA ADMIN AREA","1","200404040","Xura Admin Area","Xura Admin Area"
"EC","NEW TOWN","1","200404045","New Town","New Town"
"EC","QUAKENI ROAD","1","200404046","Quakeni Road","Quakeni Road"
"EC","KLIPPLAAT","1","200100398","Klipplaat","Klipplaat"
"EC","BOESMANSRIVIERMOND","1","200100397","Boesmansriviermond","Boesmansriviermond"
"EC","AZARIEL LOCATION","1","200500006","Azariel Location","Azariel Location"
"EC","KLEINPOORT FARM","1","200100394","Kleinpoort Farm","Kleinpoort Farm"
"EC","KWAZENZELE","1","200100377","Kwazenzele","Kwazenzele"
"EC","KENTON ON SEA","1","200100376","Kenton On Sea","Kenton On Sea"
"EC","LOTHSVILLE","1","200100370","Lothsville","Lothsville"
"EC","MASAKALA A/A","1","200500021","Masakala A/A","Masakala A/A"
"EC","NGQWABENI LOCATION","1","200500022","Ngqwabeni Location","Ngqwabeni Location"
"EC","BEKELA","1","200500024","Bekela","Bekela"
"EC","BELFORT LOCATION","1","200500025","Belfort Location","Belfort Location"
"EC","BETHANIE","1","200500027","Bethanie","Bethanie"
"EC","Seaplace","1","200100367","Seaplace","Seaplace"
"EC","VUYOLOWETHU","1","200100791","Vuyolowethu","Vuyolowethu"
"EC","JOUBERTINA 6410","1","200100361","Joubertina 6410","Joubertina 6410"
"EC","MNANDI","1","200100359","Mnandi","Mnandi"
"EC","NTUNJENI","1","200500040","Ntunjeni","Ntunjeni"
"EC","BODWENI LOCATION","1","200500046","Bodweni Location","Bodweni Location"
"EC","TABANKULUA A","1","200500050","Tabankulua A","Tabankulua A"
"EC","WALMER TOWNSHIP","1","200100356","Walmer Township","Walmer Township"
"EC","THORNHAM","1","200100355","Thornham","Thornham"
"EC","BROOKSNEK","1","200500060","Brooksnek","Brooksnek"
"EC","KWA-BUBESI LOCATION","1","200500061","Kwa Bubesi Location","Kwa Bubesi Location"
"EC","KHOAPA A/A","1","200500079","Khoapa A/A","Khoapa A/A"
"EC","HLANDOMO A/A","1","200500081","Hlandomo A/A","Hlandomo A/A"
"EC","GQALA VILLAGE","1","200200214","Gqala","Gqala"
"EC","MKHANYENI LOCATION","1","200200213","Mkhanyeni Location","Mkhanyeni Location"
"EC","GODIDILOCATION","1","200200210","Godidilocation","Godidilocation"
"EC","CHEVY CHASE LOCATION","1","200500091","Chevy Chase Location","Chevy Chase Location"
"EC","HILLSIDE LOCATION","1","200100338","Hillside Location","Hillside Location"
"EC","COLANA/A","1","200500098","Colana/A","Colana/A"
"EC","NKANINI","1","200500107","Nkanini","Nkanini"
"EC","MANDELA VILLAGE","1","200100329","Mandela","Mandela"
"EC","NU 29","1","200100317","Nu 29","Nu 29"
"EC","ELUBALEKO A/A","1","200500113","Elubaleko A/A","Elubaleko A/A"
"EC","MTHUMASI A/A","1","200500114","Mthumasi A/A","Mthumasi A/A"
"EC","DAMBENI LOCATION","1","200500116","Dambeni Location","Dambeni Location"
"EC","MAKHWANTINI","1","200500117","Makhwantini","Makhwantini"
"EC","DENGWANE LOCATION","1","200500123","Dengwane Location","Dengwane Location"
"EC","ISIKELO LOCATION","1","200500133","Isikelo Location","Isikelo Location"
"EC","JOUBERTINA","1","200100315","Joubertina","Joubertina"
"EC","BOUKUVENI","1","200500138","Boukuveni","Boukuveni"
"EC","ZALU HEIGHTS","1","200500142","Zalu Heights","Zalu Heights"
"EC","MXHELO LOCATION","1","200200209","Mxhelo Location","Mxhelo Location"
"EC","Port Alfred","1","200200206","Port Alfred","Port Alfred"
"EC","AMANTLANE A/A","1","200500177","Amantlane A/A","Amantlane A/A"
"EC","GERMAN VILLAGE","1","200200205","German","German"
"EC","GMAXHEGWINI","1","200500181","Gmaxhegwini","Gmaxhegwini"
"EC","KLIPPLAAT 6255","1","200100310","Klipplaat 6255","Klipplaat 6255"
"EC","EMBOBENI","1","200500186","Embobeni","Embobeni"
"EC","NJIJINI","1","200500197","Njijini","Njijini"
"EC","XHURANA A/A","1","200500199","Xhurana A/A","Xhurana A/A"
"EC","SUNNYRIDGE EXT 3","1","200200203","Sunnyridge Ext 3","Sunnyridge Ext 3"
"EC","ESSEK FARM","1","200500219","Essek Farm","Essek Farm"
"EC","FAMA LOCATION","1","200500230","Fama Location","Fama Location"
"EC","HEALD TOWN","1","200100296","Heald Town","Heald Town"
"EC","CATA LOCATION","1","200200201","Cata Location","Cata Location"
"EC","Mt Frere","1","200500234","Mt Frere","Mt Frere"
"EC","BUKUVENI AA","1","200500241","Bukuveni Aa","Bukuveni Aa"
"EC","LE FELOT LOCATION","1","200200196","Le Felot Location","Le Felot Location"
"EC","NDUNGE","1","200500252","Ndunge","Ndunge"
"EC","NGOBE LOCATION","1","200200195","Ngobe Location","Ngobe Location"
"EC","LOWER HLABATHI A/A","1","200500257","Lower Hlabathi A/A","Lower Hlabathi A/A"
"EC","OUBOSRAND","1","200100284","Oubosrand","Oubosrand"
"EC","FINGO VILLAGE","1","200100272","Fingo","Fingo"
"EC","PEPENI A/A","1","200500265","Pepeni A/A","Pepeni A/A"
"EC","STRUANDALE","1","200100266","Struandale","Struandale"
"EC","LAMBASI","1","200500276","Lambasi","Lambasi"
"EC","GAGA LOCATION","1","200200194","Gaga Location","Gaga Location"
"EC","GUNYENI A/A","1","200500279","Gunyeni A/A","Gunyeni A/A"
"EC","MIRAMAR","1","200100794","Miramar","Miramar"
"EC","ISIKELO","1","200500282","Isikelo","Isikelo"
"EC","BOX 62 KOMGA","1","200200187","Box 62 Komga","Box 62 Komga"
"EC","GXALENI A/A","1","200500286","Gxaleni A/A","Gxaleni A/A"
"EC","SALSONEVILLE","1","200100795","Salsoneville","Salsoneville"
"EC","NOMPUMOLELO","1","200200182","Nompumolelo","Nompumolelo"
"EC","COVERIDGE","1","200200181","Coveridge","Coveridge"
"EC","HLANE","1","200500301","Hlane","Hlane"
"EC","PAMLAVILLE LOCATION","1","200500302","Pamlaville Location","Pamlaville Location"
"EC","GELVAN PARK","1","200100242","Gelvan Park","Gelvan Park"
"EC","QHOBOSHEANENGA/A","1","200500317","Qhobosheanenga/A","Qhobosheanenga/A"
"EC","SOPHIA TOWNSHIP","1","200500319","Sophia Township","Sophia Township"
"EC","BERGPLAAS LOCATION","1","200200176","Bergplaas Location","Bergplaas Location"
"EC","KEI MOUTH","1","200200175","Kei Mouth","Kei Mouth"
"EC","FERGUSON","1","200500355","Ferguson","Ferguson"
"EC","THABA-CHICHA","1","200500357","Thaba Chicha","Thaba Chicha"
"EC","DRAAI LOCATION","1","200100240","Draai Location","Draai Location"
"EC","SEQHODONG","1","200500359","Seqhodong","Seqhodong"
"EC","EZINGCUKA LOCATION","1","200200171","Ezingcuka Location","Ezingcuka Location"
"EC","FRAMESBY","1","200100230","Framesby","Framesby"
"EC","FARM BROWN FARM","1","200100226","Farm Brown Farm","Farm Brown Farm"
"EC","KU-BHA ILALI","1","200500368","Ku Bha Ilali","Ku Bha Ilali"
"EC","MAHARENG A/A","1","200500371","Mahareng A/A","Mahareng A/A"
"EC","KWA DICK","1","200500374","Kwa Dick","Kwa Dick"
"EC","Uitenhage","1","200100224","Uitenhage","Uitenhage"
"EC","REDOUBT","1","200500386","Redoubt","Redoubt"
"EC","SIKHULULWENI LOCATION","1","200500392","Sikhululweni Location","Sikhululweni Location"
"EC","PIRIE","1","200200170","Pirie","Pirie"
"EC","FERNWOOD","1","200100219","Fernwood","Fernwood"
"EC","LEHANA'S PASS LOCATION","1","200500396","Lehana's Pass Location","Lehana's Pass Location"
"EC","MOUNT CROIX","1","200100209","Mount Croix","Mount Croix"
"EC","PABALLONG","1","200500399","Paballong","Paballong"
"EC","JABULANI LOCATION","1","200500403","Jabulani Location","Jabulani Location"
"EC","HAGAHAGA","1","200200169","Hagahaga","Hagahaga"
"EC","NXWASHU VILLAGE","1","200200166","Nxwashu","Nxwashu"
"EC","CHINTSA EAST","1","200100179","Chintsa East","Chintsa East"
"EC","LIPHAKOENG S.P.S","1","200500416","Liphakoeng S.P.S","Liphakoeng S.P.S"
"EC","EMTUMASE A/A","1","200500424","Emtumase A/A","Emtumase A/A"
"EC","LOWER MZENGE","1","200500431","Lower Mzenge","Lower Mzenge"
"EC","MATANDELA A/A","1","200500435","Matandela A/A","Matandela A/A"
"EC","ISIKELOAABIZANA","1","200500446","Isikeloaabizana","Isikeloaabizana"
"EC","LUJECWENI LOCATION","1","200500458","Lujecweni Location","Lujecweni Location"
"EC","HILLSIDE","1","200100168","Hillside","Hillside"
"EC","BIPA A/A","1","200500466","Bipa A/A","Bipa A/A"
"EC","HEUWELKRUIN","1","200100164","Heuwelkruin","Heuwelkruin"
"EC","LUPHANDLASI","1","200500468","Luphandlasi","Luphandlasi"
"EC","TSHISA LOC LUPHINDO AA","1","200500470","Tshisa Loc Luphindo Aa","Tshisa Loc Luphindo Aa"
"EC","RESEVOIR HILLS","1","200100163","Resevoir Hills","Resevoir Hills"
"EC","DYAMALY VILLAGE","1","200200164","Dyamaly","Dyamaly"
"EC","LEBANON LOCATION","1","200200159","Lebanon Location","Lebanon Location"
"EC","SANDDRIF","1","200100796","Sanddrif","Sanddrif"
"EC","BIZANZ","1","200500529","Bizanz","Bizanz"
"EC","ESIKHUMBENI","1","200500530","Esikhumbeni","Esikhumbeni"
"EC","TSEKONG (KLEIN JONAS)","1","200500535","Tsekong (Klein Jonas)","Tsekong (Klein Jonas)"
"EC","QETO LOCATION","1","200200156","Qeto Location","Qeto Location"
"EC","MALANGENI A/A","1","200500544","Malangeni A/A","Malangeni A/A"
"EC","ANDER'S  LOCATION","1","200200155","Ander's  Location","Ander's  Location"
"EC","ELY LOCATION","1","200200151","Ely Location","Ely Location"
"EC","THOKOANA LOCATION","1","200500555","Thokoana Location","Thokoana Location"
"EC","SICWENDZA LOCATION","1","200500556","Sicwendza Location","Sicwendza Location"
"EC","COOK HOUSE 5820","1","200100136","Cook House 5820","Cook House 5820"
"EC","MPONGWENI LOCATION","1","200500572","Mpongweni Location","Mpongweni Location"
"EC","KHAYALETHU","1","200200147","Khayalethu","Khayalethu"
"EC","GELNVANDALE","1","200100135","Gelnvandale","Gelnvandale"
"EC","EXTENSION 10","1","200200135","Extension 10","Extension 10"
"EC","GAMBLEVILLE","1","200100801","Gambleville","Gambleville"
"EC","NKUNGWINI LOC","1","200500592","Nkungwini Loc","Nkungwini Loc"
"EC","MTAMBALALA","1","200500593","Mtambalala","Mtambalala"
"EC","MATEKO AA","1","200500594","Mateko Aa","Mateko Aa"
"EC","ISILINDINI A/A","1","200500596","Isilindini A/A","Isilindini A/A"
"EC","SATHUBE LOCATION","1","200500597","Sathube Location","Sathube Location"
"EC","SEAVIEW","1","200100129","Seaview","Seaview"
"EC","COLD STREAM","1","200100128","Cold Stream","Cold Stream"
"EC","MBOTYI A/A","1","200500628","Mbotyi A/A","Mbotyi A/A"
"EC","KWA-NGCOYA","1","200500633","Kwa Ngcoya","Kwa Ngcoya"
"EC","UMGUNGUNDLOVU","1","200500638","Umgungundlovu","Umgungundlovu"
"EC","NKANTOLO","1","200500643","Nkantolo","Nkantolo"
"EC","MEHLOLOANENG A/A","1","200500650","Mehloloaneng A/A","Mehloloaneng A/A"
"EC","EASTERN CAPE","1","200500653","Eastern Cape","Eastern Cape"
"EC","MFUNDISWENI MISSION","1","200500659","Mfundisweni Mission","Mfundisweni Mission"
"EC","IMIZIZIAA","1","200500660","Imiziziaa","Imiziziaa"
"EC","COLCHESTER","1","200100126","Colchester","Colchester"
"EC","NDLOVU","1","200500672","Ndlovu","Ndlovu"
"EC","DUBE VILLAGE","1","200200132","Dube","Dube"
"EC","NQUTU A/A","1","200500689","Nqutu A/A","Nqutu A/A"
"EC","DUBE LOCATION","1","200200131","Dube Location","Dube Location"
"EC","NYATI A/A","1","200500696","Nyati A/A","Nyati A/A"
"EC","MNCEBA LOCATION","1","200500711","Mnceba Location","Mnceba Location"
"EC","MOHOABATSANA A/A","1","200500731","Mohoabatsana A/A","Mohoabatsana A/A"
"EC","GEORGE MOSHESH","1","200500744","George Moshesh","George Moshesh"
"EC","VAALDRAAI","1","200200128","Vaaldraai","Vaaldraai"
"EC","MTAMVUNA A/A","1","200500754","Mtamvuna A/A","Mtamvuna A/A"
"EC","NTSIMBINI LOCATION","1","200500755","Ntsimbini Location","Ntsimbini Location"
"EC","MPETSHA","1","200500756","Mpetsha","Mpetsha"
"EC","MPHARANE LOCATION","1","200500757","Mpharane Location","Mpharane Location"
"EC","MGUBHO A/A","1","200500766","Mgubho A/A","Mgubho A/A"
"EC","NTLANZINI LOCATION LUPINDO A/A","1","200500770","Ntlanzini Location Lupindo A/A","Ntlanzini Location Lupindo A/A"
"EC","MQHOKWENIAA","1","200500774","Mqhokweniaa","Mqhokweniaa"
"EC","MOUT FRERE","1","200500783","Mout Frere","Mout Frere"
"EC","DONGWE VILLAGE","1","200200127","Dongwe","Dongwe"
"EC","MTSILA A/A","1","200500805","Mtsila A/A","Mtsila A/A"
"EC","MVALWENI LOCATION","1","200500808","Mvalweni Location","Mvalweni Location"
"EC","MTAYLIFF","1","200500818","Mtayliff","Mtayliff"
"EC","NYATHI LOCATION","1","200500825","Nyathi Location","Nyathi Location"
"EC","KHAUOE A/A","1","200500837","Khauoe A/A","Khauoe A/A"
"EC","UMZIMVUBU 25 A/A","1","200500855","Umzimvubu 25 A/A","Umzimvubu 25 A/A"
"EC","NDWANA LOCATION","1","200500867","Ndwana Location","Ndwana Location"
"EC","NDZONDWENI LOCATION","1","200500868","Ndzondweni Location","Ndzondweni Location"
"EC","NGOBOZANA (LALI) A/A","1","200500881","Ngobozana (Lali) A/A","Ngobozana (Lali) A/A"
"EC","NGOLILOE A/A","1","200500883","Ngoliloe A/A","Ngoliloe A/A"
"EC","NGUSEAA","1","200500893","Nguseaa","Nguseaa"
"EC","NGWEGWENI A/A","1","200500896","Ngwegweni A/A","Ngwegweni A/A"
"EC","MTENTU A/A","1","200500898","Mtentu A/A","Mtentu A/A"
"EC","MSIKABA A/A","1","200500902","Msikaba A/A","Msikaba A/A"
"EC","KHANYAYO A/A","1","200500905","Khanyayo A/A","Khanyayo A/A"
"EC","MAWUSHENI LOCATION","1","200500921","Mawusheni Location","Mawusheni Location"
"EC","MKEMANE","1","200500925","Mkemane","Mkemane"
"EC","NOMKOLOKOTO A/A","1","200500930","Nomkolokoto A/A","Nomkolokoto A/A"
"EC","UMZIMVUBU 25","1","200500947","Umzimvubu 25","Umzimvubu 25"
"EC","MANGUZELA A/A","1","200500952","Manguzela A/A","Manguzela A/A"
"EC","TYIWENI LOCATION","1","200500968","Tyiweni Location","Tyiweni Location"
"EC","NTLOZELO DIRECTION","1","200500969","Ntlozelo Direction","Ntlozelo Direction"
"EC","MAVATULANA LOCATION","1","200200126","Mavatulana Location","Mavatulana Location"
"EC","AMANGUTYANA","1","200500980","Amangutyana","Amangutyana"
"EC","AMAKWALO A/A","1","200501008","Amakwalo A/A","Amakwalo A/A"
"EC","MATHEKO LOCATION","1","200501017","Matheko Location","Matheko Location"
"EC","KWANONKQUBELA","1","200100806","Kwanonkqubela","Kwanonkqubela"
"EC","PHUTHING LOCATION","1","200501024","Phuthing Location","Phuthing Location"
"EC","LUPHINDO A/A","1","200501027","Luphindo A/A","Luphindo A/A"
"EC","KINIRA POORT","1","200501028","Kinira Poort","Kinira Poort"
"EC","DIAHO'S A/A","1","200501031","Diaho's A/A","Diaho's A/A"
"EC","TRUST NO.2","1","200200120","Trust No.2","Trust No.2"
"EC","MEVANA A/A","1","200501039","Mevana A/A","Mevana A/A"
"EC","NKOBONKOBO LOCATION","1","200200118","Nkobonkobo Location","Nkobonkobo Location"
"EC","QUEEN'S MERCY LOCATION","1","200501050","Queen's Mercy Location","Queen's Mercy Location"
"EC","TRUST NO.2 LOCATION","1","200200116","Trust No.2 Location","Trust No.2 Location"
"EC","BUKAZI A/A","1","200501062","Bukazi A/A","Bukazi A/A"
"EC","DEBENEK OLOCATION","1","200200115","Debenek Olocation","Debenek Olocation"
"EC","SANTOMBE VILLAGE","1","200501080","Santombe","Santombe"
"EC","SEKHUTLONG LOCATION","1","200501083","Sekhutlong Location","Sekhutlong Location"
"EC","PHEPHENI","1","200501087","Phepheni","Phepheni"
"EC","MAFUBE LOCATION","1","200501091","Mafube Location","Mafube Location"
"EC","MPOZA","1","200501099","Mpoza","Mpoza"
"EC","NGQANDULO LOCATION","1","200501101","Ngqandulo Location","Ngqandulo Location"
"EC","SIPETU LOCATION","1","200501116","Sipetu Location","Sipetu Location"
"EC","SIPHOLA LOCATION","1","200501117","Siphola Location","Siphola Location"
"EC","SIPOLWENI A/A","1","200501118","Sipolweni A/A","Sipolweni A/A"
"EC","SITINTENI LOCATION","1","200501122","Sitinteni Location","Sitinteni Location"
"EC","PANANEAA","1","200501131","Pananeaa","Pananeaa"
"EC","NTSHAMATE","1","200501144","Ntshamate","Ntshamate"
"EC","MOSHESH","1","200501149","Moshesh","Moshesh"
"EC","MBUDU A/A","1","200501154","Mbudu A/A","Mbudu A/A"
"EC","GOBIZEMBE FARM","1","200501184","Gobizembe Farm","Gobizembe Farm"
"EC","BROOKSNEK A/A","1","200501185","Brooksnek A/A","Brooksnek A/A"
"EC","XHURHANA A/A","1","200501192","Xhurhana A/A","Xhurhana A/A"
"EC","TINANA A/A","1","200501208","Tinana A/A","Tinana A/A"
"EC","MAFUBE A/A","1","200501223","Mafube A/A","Mafube A/A"
"EC","KWAJALI","1","200501224","Kwajali","Kwajali"
"EC","TSEPISONG A/A","1","200501229","Tsepisong A/A","Tsepisong A/A"
"EC","NGCOYA A/A","1","200501232","Ngcoya A/A","Ngcoya A/A"
"EC","KINIRA A/A","1","200501234","Kinira A/A","Kinira A/A"
"EC","NJIMBINXENI LOCATION","1","200501235","Njimbinxeni Location","Njimbinxeni Location"
"EC","NKAU A/A","1","200501237","Nkau A/A","Nkau A/A"
"EC","NYAZI A/A","1","200501245","Nyazi A/A","Nyazi A/A"
"EC","MKEMANE LOCATION","1","200501257","Mkemane Location","Mkemane Location"
"EC","UPPER MVENYANE LOCATION","1","200501261","Upper Mvenyane Location","Upper Mvenyane Location"
"EC","ROLWENI LOCATION","1","200501264","Rolweni Location","Rolweni Location"
"EC","VANEAA","1","200501270","Vaneaa","Vaneaa"
"EC","QASA LOCATION","1","200501278","Qasa Location","Qasa Location"
"EC","EMANGQUZU LOCATION","1","200501290","Emangquzu Location","Emangquzu Location"
"EC","MARAMZINI A/A","1","200501292","Maramzini A/A","Maramzini A/A"
"EC","NTLAMBASHE LOCATION","1","200501294","Ntlambashe Location","Ntlambashe Location"
"EC","TSHANDATSHE A/A","1","200501298","Tshandatshe A/A","Tshandatshe A/A"
"EC","NTSHANGASE A/A","1","200501300","Ntshangase A/A","Ntshangase A/A"
"EC","MALUTI TOWNSHIP","1","200501310","Maluti Township","Maluti Township"
"EC","GXWALENI LOCATION","1","200501315","Gxwaleni Location","Gxwaleni Location"
"EC","ENVIS LOCATION","1","200501317","Envis Location","Envis Location"
"EC","DUBHANA A/A","1","200501318","Dubhana A/A","Dubhana A/A"
"EC","IZININIAA","1","200501329","Izininiaa","Izininiaa"
"EC","LWANDLOLUBOMVU A/A","1","200501334","Lwandlolubomvu A/A","Lwandlolubomvu A/A"
"EC","MBHONGWENI A/A","1","200501335","Mbhongweni A/A","Mbhongweni A/A"
"EC","UMZIMVUBUA A","1","200501338","Umzimvubua A","Umzimvubua A"
"EC","NGCINGO LOCATION","1","200501356","Ngcingo Location","Ngcingo Location"
"EC","EZADUNGENI LOCATION","1","200501357","Ezadungeni Location","Ezadungeni Location"
"EC","TSEKONA LOCATION","1","200501358","Tsekona Location","Tsekona Location"
"EC","PITSENG LOCATION","1","200501364","Pitseng Location","Pitseng Location"
"EC","KETEKETE","1","200501369","Ketekete","Ketekete"
"EC","HLANKOMO LOCATION","1","200501371","Hlankomo Location","Hlankomo Location"
"EC","KWA NGCOYA A/A","1","200501382","Kwa Ngcoya A/A","Kwa Ngcoya A/A"
"EC","EMTHUMASI A/A","1","200501386","Emthumasi A/A","Emthumasi A/A"
"EC","MATYAMHLOPHE A/A","1","200501392","Matyamhlophe A/A","Matyamhlophe A/A"
"EC","NKANTSWINI LOCATION","1","200501402","Nkantswini Location","Nkantswini Location"
"EC","KWA-NDELA LOCATION","1","200501404","Kwa Ndela Location","Kwa Ndela Location"
"EC","NYAKA LOCATION","1","200501406","Nyaka Location","Nyaka Location"
"EC","MABOBO","1","200501408","Mabobo","Mabobo"
"EC","NTSIMBINI","1","200501410","Ntsimbini","Ntsimbini"
"EC","EMZINTLAVA A/A","1","200501424","Emzintlava A/A","Emzintlava A/A"
"EC","EMBIZENI LOCATION","1","200501431","Embizeni Location","Embizeni Location"
"EC","UMBANGO","1","200501440","Umbango","Umbango"
"EC","HIGHLANDVIEW","1","200501442","Highlandview","Highlandview"
"EC","HOPE STREET","1","200501447","Hope Street","Hope Street"
"EC","IMIZIZI A/A","1","200501457","Imizizi A/A","Imizizi A/A"
"EC","CABAZI LOCATION","1","200501459","Cabazi Location","Cabazi Location"
"EC","SEA VIEW","1","200501463","Sea View","Sea View"
"EC","MATATIELE RURAL","1","200501569","Matatiele Rural","Matatiele Rural"
"EC","MATAT","1","200501571","Matat","Matat"
"EC","SWARTBERG","1","200501572","Swartberg","Swartberg"
"EC","MBIZANA","1","200501600","Mbizana","Mbizana"
"EC","CLARKSON","1","200100121","Clarkson","Clarkson"
"EC","ZIMBANE","1","200501618","Zimbane","Zimbane"
"EC","SWARTKOPS VALLEY","1","200100119","Swartkops Valley","Swartkops Valley"
"EC","RABE LOCATION","1","200200114","Rabe Location","Rabe Location"
"EC","MORNINGSIDE","1","200100117","Morningside","Morningside"
"EC","WILD FLOWER RESEVE","1","200100813","Wild Flower Reseve","Wild Flower Reseve"
"EC","GOLDWATER","1","200100108","Goldwater","Goldwater"
"EC","GCINISA LOCATION","1","200200110","Gcinisa Location","Gcinisa Location"
"EC","BACCLES FARM","1","200600015","Baccles Farm","Baccles Farm"
"EC","CWARU VILLAGE","1","200200099","Cwaru","Cwaru"
"EC","BANKIES LOCATION","1","200600021","Bankies Location","Bankies Location"
"EC","ASKEATON LOC","1","200600022","Askeaton Loc","Askeaton Loc"
"EC","MBEKWENI","1","200200098","Mbekweni","Mbekweni"
"EC","QUEENSTOWN BARMORAL","1","200600024","Queenstown Barmoral","Queenstown Barmoral"
"EC","MGULI VILLAGE","1","200600027","Mguli","Mguli"
"EC","PARSONSVLEI","1","200100102","Parsonsvlei","Parsonsvlei"
"EC","LINTON GRANGE","1","200100817","Linton Grange","Linton Grange"
"EC","RIETBRON","1","200100094","Rietbron","Rietbron"
"EC","CENTERTON","1","200100827","Centerton","Centerton"
"EC","PRINSVALE FARMS","1","200100091","Prinsvale Farms","Prinsvale Farms"
"EC","MKUNYAZO VILLAGE","1","200600049","Mkunyazo","Mkunyazo"
"EC","BRAAMRIVIER","1","200100085","Braamrivier","Braamrivier"
"EC","MAZOKRO LOCATION","1","200100084","Mazokro Location","Mazokro Location"
"EC","HOGSBACK","1","200200094","Hogsback","Hogsback"
"EC","ROCKLYFF FARM","1","200200093","Rocklyff Farm","Rocklyff Farm"
"EC","WEST END","1","200100845","West End","West End"
"EC","WESTON","1","200100849","Weston","Weston"
"EC","BOWDEN LOCATION","1","200600064","Bowden Location","Bowden Location"
"EC","BOZWANA VILLAGE","1","200600065","Bozwana","Bozwana"
"EC","BRAKKLOOF VILLAGE","1","200600067","Brakkloof","Brakkloof"
"EC","Lady Frere","1","200600068","Lady Frere","Lady Frere"
"EC","CILDARA LOCATION","1","200200085","Cildara Location","Cildara Location"
"EC","BOPLAAS FARM","1","200100080","Boplaas Farm","Boplaas Farm"
"EC","BULHOEK","1","200600077","Bulhoek","Bulhoek"
"EC","NU 5","1","200200084","Nu 5","Nu 5"
"EC","ZINGQOLWENI A/A","1","200600081","Zingqolweni A/A","Zingqolweni A/A"
"EC","CACADU VILLAGE","1","200600082","Cacadu","Cacadu"
"EC","CALA PASS","1","200600085","Cala Pass","Cala Pass"
"EC","CENYU VILLAGE","1","200200082","Cenyu","Cenyu"
"EC","MITFORD VILLAGE","1","200600101","Mitford","Mitford"
"EC","CELETYUMA LOCATION","1","200200080","Celetyuma Location","Celetyuma Location"
"EC","CIMEZILE VILLAGE","1","200600103","Cimezile","Cimezile"
"EC","COVERSIDE FARM","1","200600115","Coverside Farm","Coverside Farm"
"EC","CUBE LOCATION","1","200600120","Cube Location","Cube Location"
"EC","LOWER LAFUTA LOCATION","1","200600123","Lower Lafuta Location","Lower Lafuta Location"
"EC","GXWEDERA VILLAGE","1","200200074","Gxwedera","Gxwedera"
"EC","NCUNCUZO AA","1","200600127","Ncuncuzo Aa","Ncuncuzo Aa"
"EC","DANGER'S HOEK VILLAGE","1","200600130","Danger's Hoek","Danger's Hoek"
"EC","DE-HOOP VILLAGE","1","200600131","De Hoop","De Hoop"
"EC","DIBINKONZO VILLAGE","1","200600135","Dibinkonzo","Dibinkonzo"
"EC","KWEZI-NALEDI VILLAGE","1","200600142","Kwezi Naledi","Kwezi Naledi"
"EC","DUMDUM","1","200600147","Dumdum","Dumdum"
"EC","ROODEFONTEIN","1","200100072","Roodefontein","Roodefontein"
"EC","BUXTON FARM","1","200200071","Buxton Farm","Buxton Farm"
"EC","LADY  FRERE","1","200600155","Lady  Frere","Lady  Frere"
"EC","PHAKATHIKALA VILLAGE","1","200200070","Phakathikala","Phakathikala"
"EC","MLUNGISI EXT","1","200600157","Mlungisi Ext","Mlungisi Ext"
"EC","HILTON TOWNSHIP","1","200600160","Hilton Township","Hilton Township"
"EC","WEZO LOCATION","1","200100852","Wezo Location","Wezo Location"
"EC","ELINUS FARM","1","200600165","Elinus Farm","Elinus Farm"
"EC","MIDDELBURG EASTERN CAPE","1","200600166","Middelburg Eastern Cape","Middelburg Eastern Cape"
"EC","NKWANCA","1","200600168","Nkwanca","Nkwanca"
"EC","ALLANWATER VILLAGE","1","200600173","Allanwater","Allanwater"
"EC","EMJIKELWENI VILLAGE","1","200600174","Emjikelweni","Emjikelweni"
"EC","ILLINGE","1","200600175","Illinge","Illinge"
"EC","EMZI A/A","1","200600178","Emzi A/A","Emzi A/A"
"EC","ENTSIMEKWENI VILLAGE","1","200600181","Entsimekweni","Entsimekweni"
"EC","BULEMBU LOCATION","1","200200065","Bulembu Location","Bulembu Location"
"EC","ERA VILLAGE","1","200600183","Era","Era"
"EC","HANOVER VILLAGE","1","200200063","Hanover","Hanover"
"EC","MZAMOMHLE TOWNSHIP","1","200600190","Mzamomhle Township","Mzamomhle Township"
"EC","STUTTGART FARM","1","200600192","Stuttgart Farm","Stuttgart Farm"
"EC","EZINTATYANENI VILLAGE","1","200600194","Ezintatyaneni","Ezintatyaneni"
"EC","EXTENSION 15","1","200600196","Extension 15","Extension 15"
"EC","TSOLOKAZI A/A","1","200600199","Tsolokazi A/A","Tsolokazi A/A"
"EC","GWATYU FARMS","1","200600203","Gwatyu Farms","Gwatyu Farms"
"EC","FREEMANTLE FARM","1","200600204","Freemantle Farm","Freemantle Farm"
"EC","ZINGQUTHU  A/A","1","200600209","Zingquthu  A/A","Zingquthu  A/A"
"EC","BUFFALOFLATS","1","200200061","Buffaloflats","Buffaloflats"
"EC","GLEN ADELAIDE A/A","1","200600214","Glen Adelaide A/A","Glen Adelaide A/A"
"EC","GOSHEN VILLAGE","1","200600222","Goshen","Goshen"
"EC","NDENXE LOCATION","1","200600224","Ndenxe Location","Ndenxe Location"
"EC","WITELSBOS","1","200100070","Witelsbos","Witelsbos"
"EC","WINTERBERG","1","200100862","Winterberg","Winterberg"
"EC","GUBA HOEK VILLAGE","1","200600232","Guba Hoek","Guba Hoek"
"EC","HACKNEY","1","200600237","Hackney","Hackney"
"EC","QUEENDUSTRIA","1","200600245","Queendustria","Queendustria"
"EC","SPRINGS","1","200600247","Springs","Springs"
"EC","BUFFELSDORNINGS","1","200600248","Buffelsdornings","Buffelsdornings"
"EC","MTINGWEVU LOCATION","1","200600250","Mtingwevu Location","Mtingwevu Location"
"EC","SAUTINA LOCATION","1","200600253","Sautina Location","Sautina Location"
"EC","HILLSIDE VILLAGE","1","200600257","Hillside","Hillside"
"EC","SPRINGGROOVE VILLAGE","1","200600259","Springgroove","Springgroove"
"EC","SIKHWANQENI LOCATION","1","200600262","Sikhwanqeni Location","Sikhwanqeni Location"
"EC","GINSBERG LOCATION","1","200200059","Ginsberg Location","Ginsberg Location"
"EC","BELMONT FARM","1","200100055","Belmont Farm","Belmont Farm"
"EC","HOLI VILLAGE","1","200600272","Holi","Holi"
"EC","FREDENRICH FARM","1","200600282","Fredenrich Farm","Fredenrich Farm"
"EC","AGNES REST","1","200600284","Agnes Rest","Agnes Rest"
"EC","GOODWIN PARK","1","200100053","Goodwin Park","Goodwin Park"
"EC","KHWEZI VILLAGE","1","200600288","Khwezi","Khwezi"
"EC","PHELINDABA VILLAGE","1","200600291","Phelindaba","Phelindaba"
"EC","STOKWE'S BASIN","1","200600295","Stokwe's Basin","Stokwe's Basin"
"EC","BREIDBACH","1","200200058","Breidbach","Breidbach"
"EC","HELUSHE LOCATION","1","200600306","Helushe Location","Helushe Location"
"EC","KIDDS BEACH","1","200200056","Kidds Beach","Kidds Beach"
"EC","STERKSPRIUT","1","200600308","Sterkspriut","Sterkspriut"
"EC","KROMPRUIT","1","200600311","Krompruit","Krompruit"
"EC","NODWENGU LOCATION","1","200600313","Nodwengu Location","Nodwengu Location"
"EC","LYCIUMVILLE","1","200600320","Lyciumville","Lyciumville"
"EC","MIDDELBRUG","1","200600321","Middelbrug","Middelbrug"
"EC","GXOJENI LOCATION","1","200600323","Gxojeni Location","Gxojeni Location"
"EC","SLOVO WELCOME VALLEY FARM","1","200600324","Slovo Welcome Valley Farm","Slovo Welcome Valley Farm"
"EC","BONKE LOCATION","1","200200055","Bonke Location","Bonke Location"
"EC","KHIBA VILLAGE","1","200600332","Khiba","Khiba"
"EC","OXTON VILLAGE","1","200600334","Oxton","Oxton"
"EC","MACHIBINI ADMIN AREA","1","200600337","Machibini Admin Area","Machibini Admin Area"
"EC","MITFORD","1","200600345","Mitford","Mitford"
"EC","KUNDULU LOCATION","1","200600351","Kundulu Location","Kundulu Location"
"EC","ROOIWAL KWA-GCINA VILLAGE","1","200600352","Rooiwal Kwa Gcina","Rooiwal Kwa Gcina"
"EC","MAQASHU LOCATION","1","200600353","Maqashu Location","Maqashu Location"
"EC","NOBOKWE VILLAGE","1","200600354","Nobokwe","Nobokwe"
"EC","BEBEZA VILLAGE","1","200600355","Bebeza","Bebeza"
"EC","TENTERGATE NO.3","1","200600358","Tentergate No.3","Tentergate No.3"
"EC","ZIKHONKWANE LOCATION","1","200600359","Zikhonkwane Location","Zikhonkwane Location"
"EC","STEYNSBURG","1","200600363","Steynsburg","Steynsburg"
"EC","LEHMANS DRIFT","1","200600367","Lehmans Drift","Lehmans Drift"
"EC","MITFORD LOCATION","1","200600368","Mitford Location","Mitford Location"
"EC","BODIAM LOCATION","1","200200050","Bodiam Location","Bodiam Location"
"EC","UPPER MNGQESHA","1","200200048","Upper Mngqesha","Upper Mngqesha"
"EC","GWABA","1","200200047","Gwaba","Gwaba"
"EC","BISHO CENTRAL","1","200200046","Bisho Central","Bisho Central"
"EC","MASABALALA","1","200600392","Masabalala","Masabalala"
"EC","ZONE ONE","1","200600393","Zone One","Zone One"
"EC","LUQOLO VILLAGE","1","200600396","Luqolo","Luqolo"
"EC","KLIPFONTEIN DEEL 76","1","200100865","Klipfontein Deel 76","Klipfontein Deel 76"
"EC","ROCKLANDS","1","200100035","Rocklands","Rocklands"
"EC","MADWALENI VILLAGE","1","200600410","Madwaleni","Madwaleni"
"EC","JOZAN'S HOEK","1","200600416","Jozan's Hoek","Jozan's Hoek"
"EC","PALMIETFONTEIN","1","200600417","Palmietfontein","Palmietfontein"
"EC","MAJUBA NEK VILLAGE","1","200600421","Majuba Nek","Majuba Nek"
"EC","MNQABA THAFENI VILLAGE","1","200200040","Mnqaba Thafeni","Mnqaba Thafeni"
"EC","MAKUMSHA VILLAGE","1","200600423","Makumsha","Makumsha"
"EC","ADCOCKVALE","1","200100033","Adcockvale","Adcockvale"
"EC","BHELE  LOCATION","1","200200039","Bhele  Location","Bhele  Location"
"EC","PORT EDWARD","1","200600432","Port Edward","Port Edward"
"EC","AMANZI ESTATE FARM","1","200100031","Amanzi Estate Farm","Amanzi Estate Farm"
"EC","KWAHINANA","1","200600435","Kwahinana","Kwahinana"
"EC","MAQASHU A/A","1","200600436","Maqashu A/A","Maqashu A/A"
"EC","QUMANCO A/A","1","200600437","Qumanco A/A","Qumanco A/A"
"EC","MAQUBELA A/A","1","200600438","Maqubela A/A","Maqubela A/A"
"EC","VICTORY PARK","1","200600441","Victory Park","Victory Park"
"EC","MARSHMOOR FARM","1","200600442","Marshmoor Farm","Marshmoor Farm"
"EC","UNIT 2","1","200600443","Unit 2","Unit 2"
"EC","QUEENDUSMA","1","200600444","Queendusma","Queendusma"
"EC","MASAKHANE VILLAGE","1","200600446","Masakhane","Masakhane"
"EC","SONGQA LOCATION","1","200600457","Songqa Location","Songqa Location"
"EC","PEELTON","1","200200038","Peelton","Peelton"
"EC","NDOFELA VILLAGE","1","200600463","Ndofela","Ndofela"
"EC","WOODLANDS","1","200100868","Woodlands","Woodlands"
"EC","MTHOTYENI LOCATION","1","200600467","Mthotyeni Location","Mthotyeni Location"
"EC","MCEULA VILLAGE","1","200600468","Mceula","Mceula"
"EC","MAGWALA AREA","1","200600472","Magwala Area","Magwala Area"
"EC","BUFFELDORINGS","1","200600473","Buffeldorings","Buffeldorings"
"EC","HERSCHEL VILLAGE","1","200600476","Herschel","Herschel"
"EC","AUKLAND LOCATION","1","200200025","Aukland Location","Aukland Location"
"EC","ELUPHONDWENI LOCATION","1","200200024","Eluphondweni Location","Eluphondweni Location"
"EC","KWAZOLA VILLAGE","1","200600491","Kwazola","Kwazola"
"EC","MAGADLA LOCATION","1","200600496","Magadla Location","Magadla Location"
"EC","MOUNT ARTHUR A/A","1","200600507","Mount Arthur A/A","Mount Arthur A/A"
"EC","MPOKI VILLAGE","1","200600513","Mpoki","Mpoki"
"EC","GREENBUSHES","1","200100027","Greenbushes","Greenbushes"
"EC","ZOLA","1","200600517","Zola","Zola"
"EC","MTEBELE VILLAGE","1","200600519","Mtebele","Mtebele"
"EC","ZIKONKWANEA A","1","200600520","Zikonkwanea A","Zikonkwanea A"
"EC","NTUBENI VILLAGE","1","200600521","Ntubeni","Ntubeni"
"EC","THORNHILL VILLAGE","1","200600523","Thornhill","Thornhill"
"EC","MATYANTYA A/A","1","200600528","Matyantya A/A","Matyantya A/A"
"EC","WITTEKLIP STATION","1","200100872","Witteklip Station","Witteklip Station"
"EC","AEROVILLE","1","200100018","Aeroville","Aeroville"
"EC","MUSA LOCATION","1","200600533","Musa Location","Musa Location"
"EC","MUSONG VILLAGE","1","200600534","Musong","Musong"
"EC","DECKERT'S HILL","1","200600535","Deckert's Hill","Deckert's Hill"
"EC","JOJWENI A/A","1","200600540","Jojweni A/A","Jojweni A/A"
"EC","SPRINGGROVE","1","200600544","Springgrove","Springgrove"
"EC","NCALUKENI A/A","1","200600547","Ncalukeni A/A","Ncalukeni A/A"
"EC","NDINGISHE VILLAGE","1","200600554","Ndingishe","Ndingishe"
"EC","YOUNG PARK","1","200100874","Young Park","Young Park"
"EC","ENTHABAZO VILLAGE","1","200600564","Enthabazo","Enthabazo"
"EC","CUMAKALA LOC.","1","200600568","Cumakala Loc.","Cumakala Loc."
"EC","NGCUKA A/A","1","200600570","Ngcuka A/A","Ngcuka A/A"
"EC","ESILINDINI A/A","1","200600571","Esilindini A/A","Esilindini A/A"
"EC","NGQUBA LOCATION","1","200600574","Ngquba Location","Ngquba Location"
"EC","MACIBINI","1","200600576","Macibini","Macibini"
"EC","NGXABANGU LOCATION","1","200600577","Ngxabangu Location","Ngxabangu Location"
"EC","NGXUMZA LOCATION","1","200600578","Ngxumza Location","Ngxumza Location"
"EC","KOMKHULU LOCATION","1","200200016","Komkhulu Location","Komkhulu Location"
"EC","ZAAIMANSHOEK","1","200100875","Zaaimanshoek","Zaaimanshoek"
"EC","ZUNEY","1","200100887","Zuney","Zuney"
"EC","NONGQONGQWANA LOC","1","200600588","Nongqongqwana Loc","Nongqongqwana Loc"
"EC","ESILINDINI LOCATION","1","200600589","Esilindini Location","Esilindini Location"
"EC","LOWER REGU LOCATION","1","200200002","Lower Regu Location","Lower Regu Location"
"EC","MTSHEKO A/A","1","200600599","Mtsheko A/A","Mtsheko A/A"
"EC","ZUURANYS","1","200100888","Zuuranys","Zuuranys"
"EC","MUNICIPAL LOCATION","1","200600604","Municipal Location","Municipal Location"
"EC","PERCY VILLAGE","1","200600605","Percy","Percy"
"EC","MACHIBINI","1","200600607","Machibini","Machibini"
"EC","KABEGA","1","200101053","Kabega","Kabega"
"EC","KOUGA RURAL","1","200101039","Kouga Rural","Kouga Rural"
"EC","SALTVILLE","1","200101036","Saltville","Saltville"
"EC","NQININGANA LOCATION","1","200600633","Nqiningana Location","Nqiningana Location"
"EC","DIKENI LOCATION","1","200600634","Dikeni Location","Dikeni Location"
"EC","RODANA A/A","1","200600636","Rodana A/A","Rodana A/A"
"EC","NEWAREA","1","200600638","Newarea","Newarea"
"EC","LOWER AGNES A/A","1","200600642","Lower Agnes A/A","Lower Agnes A/A"
"EC","ZULUMEMA LOCATION","1","200600643","Zulumema Location","Zulumema Location"
"EC","COMMANDO DRIFT CRADOCK","1","200600646","Commando Drift Cradock","Commando Drift Cradock"
"EC","OPENSIDE FARM","1","200600652","Openside Farm","Openside Farm"
"EC","OVISTON","1","200600655","Oviston","Oviston"
"EC","DUKATHOLE TOWNSHIP","1","200600662","Dukathole Township","Dukathole Township"
"EC","PENHOEK VILLAGE","1","200600663","Penhoek","Penhoek"
"EC","MASAKHANE TOWNSHIP","1","200600666","Masakhane Township","Masakhane Township"
"EC","GCINA VILLAGE","1","200600668","Gcina","Gcina"
"EC","PHAKAMISA VILLAGE","1","200600669","Phakamisa","Phakamisa"
"EC","JAMESTOWN","1","200600670","Jamestown","Jamestown"
"EC","PELANDABA VILLAGE","1","200600672","Pelandaba","Pelandaba"
"EC","JOE SLOVO TOWNSHIP","1","200101026","Joe Slovo Township","Joe Slovo Township"
"EC","POPLAR GROVE VILLAGE","1","200600678","Poplar Grove","Poplar Grove"
"EC","QHOBOSHANE VILLAGE","1","200600687","Qhoboshane","Qhoboshane"
"EC","COLLEGE HILL","1","200101023","College Hill","College Hill"
"EC","WAVECREST","1","200100992","Wavecrest","Wavecrest"
"EC","ZAKHELE TOWNSHIP","1","200600709","Zakhele Township","Zakhele Township"
"EC","ROSMEAD","1","200600719","Rosmead","Rosmead"
"EC","RWANTSANA MISSION","1","200600723","Rwantsana Mission","Rwantsana Mission"
"EC","KUYGA TOWNSHIP","1","200100986","Kuyga Township","Kuyga Township"
"EC","PHELENDABA","1","200600725","Phelendaba","Phelendaba"
"EC","VRIESFONTEIN FARM","1","200600731","Vriesfontein Farm","Vriesfontein Farm"
"EC","HAYTOR WARD","1","200600738","Haytor Ward","Haytor Ward"
"EC","SITOROMO VILLAGE","1","200600754","Sitoromo","Sitoromo"
"EC","ZWELEDINGA LOCATION","1","200600757","Zweledinga Location","Zweledinga Location"
"EC","MZAMLE TOWNSHIP","1","200600758","Mzamle Township","Mzamle Township"
"EC","MASAKHE TOWNSHIP","1","200600760","Masakhe Township","Masakhe Township"
"EC","BUFFELSDORINGS","1","200600762","Buffelsdorings","Buffelsdorings"
"EC","VUKANI LOCATION","1","200600764","Vukani Location","Vukani Location"
"EC","CRADOCK 5881","1","200600772","Cradock 5881","Cradock 5881"
"EC","KAMASTONE","1","200600779","Kamastone","Kamastone"
"EC","KWANONZAME","1","200600786","Kwanonzame","Kwanonzame"
"EC","TEINBANK","1","200600798","Teinbank","Teinbank"
"EC","EXTENSION 1","1","200600800","Extension 1","Extension 1"
"EC","ZWELISTHA","1","200600801","Zwelistha","Zwelistha"
"EC","WESTDENE","1","200600803","Westdene","Westdene"
"EC","THOMAS RIVER","1","200600804","Thomas River","Thomas River"
"EC","TRUST VILLAGE","1","200600805","Trust","Trust"
"EC","SUNDUZA VILLAGE","1","200600808","Sunduza","Sunduza"
"EC","TOPOLENG VILLAGE","1","200600817","Topoleng","Topoleng"
"EC","HENGE VILLAGE","1","200600821","Henge","Henge"
"EC","FRAMESBY NORTH","1","200100985","Framesby North","Framesby North"
"EC","THABA LESOBA A/A","1","200600828","Thaba Lesoba A/A","Thaba Lesoba A/A"
"EC","VALSDRIF FARM","1","200600830","Valsdrif Farm","Valsdrif Farm"
"EC","HOITAVILLAGE","1","200600832","Hoitavillage","Hoitavillage"
"EC","MOUNT ARTHUR LOC.","1","200600835","Mount Arthur Loc.","Mount Arthur Loc."
"EC","WITTEKLIP","1","200100979","Witteklip","Witteklip"
"EC","THORNHILL LOCATION","1","200600839","Thornhill Location","Thornhill Location"
"EC","ZWARTWATER A/A","1","200600840","Zwartwater A/A","Zwartwater A/A"
"EC","TIENBANK LOCATION","1","200600844","Tienbank Location","Tienbank Location"
"EC","HOHOBENG VILLAGE","1","200600848","Hohobeng","Hohobeng"
"EC","MAKALAKALENG VILLAGE","1","200600849","Makalakaleng","Makalakaleng"
"EC","TOISEKRAAL VILLAGE","1","200600850","Toisekraal","Toisekraal"
"EC","TSEMBEYI","1","200600852","Tsembeyi","Tsembeyi"
"EC","TSITSIKAMA","1","200600856","Tsitsikama","Tsitsikama"
"EC","UMLAMLI","1","200600866","Umlamli","Umlamli"
"EC","UPPER LAHLANGUBA","1","200600871","Upper Lahlanguba","Upper Lahlanguba"
"EC","MASAKE","1","200600880","Masake","Masake"
"EC","NTSINGA LOCATION","1","200600882","Ntsinga Location","Ntsinga Location"
"EC","CONWAY FARM","1","200600890","Conway Farm","Conway Farm"
"EC","LOWER LAHLANGUBO","1","200600893","Lower Lahlangubo","Lower Lahlangubo"
"EC","MCKY'S NEK A/A","1","200600895","Mcky's Nek A/A","Mcky's Nek A/A"
"EC","PO BOX 567QUEENSTOWN","1","200600902","Po Box 567 Queenstown","Po Box 567 Queenstown"
"EC","MANZIMAHLE LOCATION","1","200600904","Manzimahle Location","Manzimahle Location"
"EC","ERFDEEL FARM","1","200600906","Erfdeel Farm","Erfdeel Farm"
"EC","GOVERNORSDRIFT A/A","1","200600908","Governorsdrift A/A","Governorsdrift A/A"
"EC","WHITTLEASEA","1","200600915","Whittleasea","Whittleasea"
"EC","NALEDI VILLAGE","1","200600923","Naledi","Naledi"
"EC","XONXA A/A","1","200600929","Xonxa A/A","Xonxa A/A"
"EC","MANOR HEIGHTS","1","200100433","Manor Heights","Manor Heights"
"EC","ZAVA VILLAGE","1","200600942","Zava","Zava"
"EC","UPPER INDWANA LOC","1","200600950","Upper Indwana Loc","Upper Indwana Loc"
"EC","QAWUKENI","1","200600954","Qawukeni","Qawukeni"
"EC","NYOKA VILLAGE","1","200600958","Nyoka","Nyoka"
"EC","ZINGXONDO A/A","1","200600962","Zingxondo A/A","Zingxondo A/A"
"EC","SOUTHBOURNE","1","200600967","Southbourne","Southbourne"
"EC","MUNNIKVILLE","1","200600975","Munnikville","Munnikville"
"EC","TBU","1","200600977","Tbu","Tbu"
"EC","MASAKHE","1","200600978","Masakhe","Masakhe"
"EC","KAMASTONE VILLAGE","1","200600979","Kamastone","Kamastone"
"EC","CLAREMONT FARM","1","200600980","Claremont Farm","Claremont Farm"
"EC","ISIKHOBA VILLAGE","1","200600990","Isikhoba","Isikhoba"
"EC","THABA LESOBA VILLAGE","1","200600998","Thaba Lesoba","Thaba Lesoba"
"EC","NKOLONGA VILLAGE","1","200601002","Nkolonga","Nkolonga"
"EC","MTWAKU LOCATION","1","200601007","Mtwaku Location","Mtwaku Location"
"EC","LADYFRERE 5410","1","200601009","Ladyfrere 5410","Ladyfrere 5410"
"EC","MABELE VILLAGE","1","200601013","Mabele","Mabele"
"EC","TENTERGATE  VILLAGE","1","200601014","Tentergate ","Tentergate "
"EC","MGQUKWEBE","1","200601018","Mgqukwebe","Mgqukwebe"
"EC","SIBONILE LOCATION","1","200601023","Sibonile Location","Sibonile Location"
"EC","MAQWATINI LOC","1","200601029","Maqwatini Loc","Maqwatini Loc"
"EC","LOWER SEPLAN","1","200601032","Lower Seplan","Lower Seplan"
"EC","NDUNGWANA TOWNSHIP","1","200601038","Ndungwana Township","Ndungwana Township"
"EC","MCKAYSNEK A/A","1","200601041","Mckaysnek A/A","Mckaysnek A/A"
"EC","ST MARKS","1","200601046","St Marks","St Marks"
"EC","UPPER MAKWABABA LOC","1","200601048","Upper Makwababa Loc","Upper Makwababa Loc"
"EC","COFIMVBA","1","200601057","Cofimvba","Cofimvba"
"EC","SPRINGROVE VILLAGE","1","200601059","Springrove","Springrove"
"EC","MLUNGISI LOCATION","1","200601065","Mlungisi Location","Mlungisi Location"
"EC","TRANS WILGER","1","200601068","Trans Wilger","Trans Wilger"
"EC","MTINGWEVU A/A","1","200601080","Mtingwevu A/A","Mtingwevu A/A"
"EC","HOYANA VILLAGE","1","200601085","Hoyana","Hoyana"
"EC","WOODEHOUSE VILLAGE","1","200601092","Woodehouse","Woodehouse"
"EC","BONISWA A/A","1","200601098","Boniswa A/A","Boniswa A/A"
"EC","QUTSA A/A","1","200601102","Qutsa A/A","Qutsa A/A"
"EC","MACHIBINI LOCATION","1","200601105","Machibini Location","Machibini Location"
"EC","MPOTULO VILLAGE","1","200601109","Mpotulo","Mpotulo"
"EC","OXTON LOCATION","1","200601117","Oxton Location","Oxton Location"
"EC","ZIGUDU LOCATION","1","200601130","Zigudu Location","Zigudu Location"
"EC","MAHLUNGULU LOCATION","1","200601140","Mahlungulu Location","Mahlungulu Location"
"EC","NCORA","1","200601141","Ncora","Ncora"
"EC","KWA-BANGINDLALA","1","200601142","Kwa Bangindlala","Kwa Bangindlala"
"EC","GWATYUAA","1","200601151","Gwatyuaa","Gwatyuaa"
"EC","TOP TOWN","1","200601155","Top Town","Top Town"
"EC","MTAHTHA","1","200601167","Mtahtha","Mtahtha"
"EC","SCHORNVILLE","1","200601177","Schornville","Schornville"
"EC","EMGWENYENI FLATS","1","200601195","Emgwenyeni Flats","Emgwenyeni Flats"
"EC","NU2","1","200601196","Nu2","Nu2"
"EC","KORSTEN","1","200100925","Korsten","Korsten"
"EC","WHITTELSEA","1","200601200","Whittelsea","Whittelsea"
"EC","MICHAUSDAL","1","200800872","Michausdal","Michausdal"
