"province","raw_locality","school_count","sample_emis","normalized_suggestion","reviewer_decision"
"KZN","UNALLOCATED","1163","500290561","Unallocated","Unallocated"
"KZN","NONGOMA","92","500193510","Nongoma","Nongoma"
"KZN","NKANDLA","46","500237577","Nkandla","Nkandla"
"KZN","MTUBATUBA","46","500194139","Mtubatuba","Mtubatuba"
"KZN","UMZIMKULU","45","500442446","Umzimkulu","Umzimkulu"
"KZN","NQUTHU","41","500207385","Nquthu","Nquthu"
"KZN","UMLAZI","39","500225737","Umlazi","Umlazi"
"KZN","EMPANGENI","39","500401783","Empangeni","Empangeni"
"KZN","MAHLABATHINI","34","500324231","Mahlabathini","Mahlabathini"
"KZN","ESHOWE","34","500126725","Eshowe","Eshowe"
"KZN","PONGOLA","31","500287527","Pongola","Pongola"
"KZN","NDWEDWE","31","500226181","Ndwedwe","Ndwedwe"
"KZN","OSIZWENI","30","500231287","Osizweni","Osizweni"
"KZN","UMZIMKHULU","29","500423576","Umzimkhulu","Umzimkhulu"
"KZN","INANDA","28","500207755","Inanda","Inanda"
"KZN","MAPHUMULO","28","500443223","Maphumulo","Maphumulo"
"KZN","JOZINI","25","500110297","Jozini","Jozini"
"KZN","INGWAVUMA","23","500222000","Ingwavuma","Ingwavuma"
"KZN","KWAMASHU","23","500220483","Kwamashu","Kwamashu"
"KZN","KWANGWANASE","23","500271025","Kwangwanase","Kwangwanase"
"KZN","MADADENI","22","500447441","Madadeni","Madadeni"
"KZN","BERGVILLE","21","500229030","Bergville","Bergville"
"KZN","WASBANK","21","500294668","Wasbank","Wasbank"
"KZN","PAULPIETERSBURG","19","500245828","Paulpietersburg","Paulpietersburg"
"KZN","ULUNDI","19","500228882","Ulundi","Ulundi"
"KZN","UMZINTO","19","500111111","Umzinto","Umzinto"
"KZN","NORTHDALE","19","500305435","Northdale","Northdale"
"KZN","VRYHEID","18","500280460","Vryheid","Vryheid"
"KZN","DURBAN","18","500227439","Durban","Durban"
"KZN","LADYSMITH","18","500124505","Ladysmith","Ladysmith"
"KZN","HLUHLUWE","17","500230658","Hluhluwe","Hluhluwe"
"KZN","ESIKHAWINI","17","500211973","Esikhawini","Esikhawini"
"KZN","HLABISA","17","500223924","Hlabisa","Hlabisa"
"KZN","TUGELA FERRY","15","500233655","Tugela Ferry","Tugela Ferry"
"KZN","EMONDLO","15","500229622","Emondlo","Emondlo"
"KZN","HIGHFLATS","15","500193029","Highflats","Highflats"
"KZN","UMBUMBULU","14","500169756","Umbumbulu","Umbumbulu"
"KZN","PHOENIX","14","500249232","Phoenix","Phoenix"
"KZN","HARDING","14","500427239","Harding","Harding"
"KZN","KOKSTAD","14","500281866","Kokstad","Kokstad"
"KZN","HIBBERDENE","13","500266733","Hibberdene","Hibberdene"
"KZN","POMEROY","13","500344100","Pomeroy","Pomeroy"
"KZN","NEWCASTLE","13","500267917","Newcastle","Newcastle"
"KZN","MBAZWANA","13","500215932","Mbazwana","Mbazwana"
"KZN","IXOPO","13","500294964","Ixopo","Ixopo"
"KZN","HILLCREST","13","500407777","Hillcrest","Hillcrest"
"KZN","MELMOTH","12","500207348","Melmoth","Melmoth"
"KZN","KRANSKOP","12","500283531","Kranskop","Kranskop"
"KZN","IMPENDLE","12","500241055","Impendle","Impendle"
"KZN","GREYTOWN","12","500162504","Greytown","Greytown"
"KZN","KWAMBONAMBI","11","500229585","Kwambonambi","Kwambonambi"
"KZN","DURBAN NORTH","11","500499426","Durban North","Durban North"
"KZN","CHATSWORTH","11","500340918","Chatsworth","Chatsworth"
"KZN","NTUZUMA","11","500221001","Ntuzuma","Ntuzuma"
"KZN","IZINGOLWENI","11","500209235","Izingolweni","Izingolweni"
"KZN","UMZUMBE","11","500195397","Umzumbe","Umzumbe"
"KZN","STANGER","11","500149554","Stanger","Stanger"
"KZN","RICHMOND","11","500146557","Richmond","Richmond"
"KZN","ELANDSKOP","11","500223961","Elandskop","Elandskop"
"KZN","EZAKHENI","11","500168794","Ezakheni","Ezakheni"
"KZN","EDENDALE","11","500230695","Edendale","Edendale"
"KZN","ESTCOURT","11","500255929","Estcourt","Estcourt"
"KZN","PINETOWN","11","500155178","Pinetown","Pinetown"
"KZN","GINGINDLOVU","10","500209642","Gingindlovu","Gingindlovu"
"KZN","CEZA","10","500129426","Ceza","Ceza"
"KZN","SCOTTSVILLE","10","500275835","Scottsville","Scottsville"
"KZN","MID-ILLOVO","10","500216931","Mid Illovo","Mid Illovo"
"KZN","KWAMACHI","10","500211381","Kwamachi","Kwamachi"
"KZN","WARTBURG","10","500148296","Wartburg","Wartburg"
"KZN","N/A","10","500240722","N/A","N/A"
"KZN","DUNDEE","9","500124727","Dundee","Dundee"
"KZN","AMANZIMTOTI","9","500160876","Amanzimtoti","Amanzimtoti"
"KZN","ISIPINGO","9","500293891","Isipingo","Isipingo"
"KZN","BULWER","8","500107892","Bulwer","Bulwer"
"KZN","MORNINGSIDE","8","500170237","Morningside","Morningside"
"KZN","PIETERMARITZBURG","8","500209790","Pietermaritzburg","Pietermaritzburg"
"KZN","MONTFORD","8","500214674","Montford","Montford"
"KZN","MANDENI","8","500447626","Mandeni","Mandeni"
"KZN","SYDENHAM","8","500113775","Sydenham","Sydenham"
"KZN","MEREBANK","8","500401487","Merebank","Merebank"
"KZN","PORT SHEPSTONE","8","500207200","Port Shepstone","Port Shepstone"
"KZN","MOORTON","8","500214896","Moorton","Moorton"
"KZN","OZWATHINI","8","500229844","Ozwathini","Ozwathini"
"KZN","INCHANGA","8","500160432","Inchanga","Inchanga"
"KZN","WESTVILLE","8","500430199","Westville","Westville"
"KZN","BAYVIEW","7","500207977","Bayview","Bayview"
"KZN","BLUFF","7","500400821","Bluff","Bluff"
"KZN","SHALLCROSS","7","500195545","Shallcross","Shallcross"
"KZN","MKUZE","7","500219780","Mkuze","Mkuze"
"KZN","UBOMBO","7","500220742","Ubombo","Ubombo"
"KZN","KWAMTHETHWA","7","500209198","Kwamthethwa","Kwamthethwa"
"KZN","AUSTERVILLE","7","500104377","Austerville","Austerville"
"KZN","EMAKHABELENI","7","500142413","Emakhabeleni","Emakhabeleni"
"KZN","SUNDUMBILI","7","500196766","Sundumbili","Sundumbili"
"KZN","OVERPORT","7","500187368","Overport","Overport"
"KZN","GLENWOOD","7","500341658","Glenwood","Glenwood"
"KZN","MARGATE","7","500342472","Margate","Margate"
"KZN","INANDA NEWTOWN","7","500160395","Inanda Newtown","Inanda Newtown"
"KZN","GREYVILLE","7","500244644","Greyville","Greyville"
"KZN","RESERVOIR HILLS","6","500155622","Reservoir Hills","Reservoir Hills"
"KZN","CLERMONT","6","500177378","Clermont","Clermont"
"KZN","UMKOMAAS","6","500164354","Umkomaas","Umkomaas"
"KZN","LINDELANI","6","500224442","Lindelani","Lindelani"
"KZN","LOSKOP","6","500217560","Loskop","Loskop"
"KZN","CATO RIDGE","6","500190032","Cato Ridge","Cato Ridge"
"KZN","BEREA","6","500302290","Berea","Berea"
"KZN","MPUMALANGA","6","500165982","Mpumalanga","Mpumalanga"
"KZN","BABANANGO","6","500261664","Babanango","Babanango"
"KZN","WESTCLIFF","6","500187701","Westcliff","Westcliff"
"KZN","DONNYBROOK","6","500136715","Donnybrook","Donnybrook"
"KZN","MAYVILLE","6","500110926","Mayville","Mayville"
"KZN","VERULAM","6","500159914","Verulam","Verulam"
"KZN","TEMBE TRIBAL AUTHORITY","6","500201280","Tembe Tribal Authority","Tembe Tribal Authority"
"KZN","UMBILO","6","500251008","Umbilo","Umbilo"
"KZN","LOUWSBURG","6","500215044","Louwsburg","Louwsburg"
"KZN","MHLUMAYO AREA","6","500229659","Mhlumayo Area","Mhlumayo Area"
"KZN","MUDEN","6","500341510","Muden","Muden"
"KZN","NYAWO TRIBAL AUTHORITY","5","500152736","Nyawo Tribal Authority","Nyawo Tribal Authority"
"KZN","ST FAITHS","5","500407148","St Faiths","St Faiths"
"KZN","SHAKASKRAAL","5","500142080","Shakaskraal","Shakaskraal"
"KZN","ZWELIBOMVU","5","500301846","Zwelibomvu","Zwelibomvu"
"KZN","WOODLANDS","5","500297110","Woodlands","Woodlands"
"KZN","MABOMVINI","5","500195730","Mabomvini","Mabomvini"
"KZN","CORONATION","5","500262256","Coronation","Coronation"
"KZN","NEWLANDS EAST","5","500106005","Newlands East","Newlands East"
"KZN","KWA MASHU","5","500142228","Kwa Mashu","Kwa Mashu"
"KZN","LAMONTVILLE","5","500218781","Lamontville","Lamontville"
"KZN","CROFTDENE","5","500104192","Croftdene","Croftdene"
"KZN","UNDERBERG","5","500254301","Underberg","Underberg"
"KZN","KWANDENGEZI","5","500180597","Kwandengezi","Kwandengezi"
"KZN","IMBALI","5","500188811","Imbali","Imbali"
"KZN","MONTCLAIR","5","500214563","Montclair","Montclair"
"KZN","LENHAM","5","500185962","Lenham","Lenham"
"KZN","DENNY DALTON","5","500177748","Denny Dalton","Denny Dalton"
"KZN","KLOOF","5","500282976","Kloof","Kloof"
"KZN","WINTERTON","5","500279054","Winterton","Winterton"
"KZN","INHLAZUKA","5","500143782","Inhlazuka","Inhlazuka"
"KZN","MPUMALANGA TOWNSHIP","5","500243497","Mpumalanga Township","Mpumalanga Township"
"KZN","KWADLANGEZWA","5","500315314","Kwadlangezwa","Kwadlangezwa"
"KZN","ARBORETUM","5","500497465","Arboretum","Arboretum"
"KZN","MSELENI","5","500192141","Mseleni","Mseleni"
"KZN","BLAAUWBOSCH","4","500213712","Blaauwbosch","Blaauwbosch"
"KZN","ZWELISHA","4","500264618","Zwelisha","Zwelisha"
"KZN","KWADUKUZA","4","500204980","Kwadukuza","Kwadukuza"
"KZN","WEENEN","4","500445073","Weenen","Weenen"
"KZN","TAYLORS HALT","4","500170052","Taylors Halt","Taylors Halt"
"KZN","MOOI RIVER","4","500156510","Mooi River","Mooi River"
"KZN","NTABAMHLOPHE","4","500205572","Ntabamhlophe","Ntabamhlophe"
"KZN","NKWALINI","4","500106782","Nkwalini","Nkwalini"
"KZN","RAISETHORPE","4","500120546","Raisethorpe","Raisethorpe"
"KZN","DANNHAUSER","4","500119843","Dannhauser","Dannhauser"
"KZN","ELANDSLAAGTE","4","500188996","Elandslaagte","Elandslaagte"
"KZN","MANGUZI","4","500226144","Manguzi","Manguzi"
"KZN","DRIEFONTEIN","4","500192807","Driefontein","Driefontein"
"KZN","NQABENI","4","500212713","Nqabeni","Nqabeni"
"KZN","NYONI","4","500190439","Nyoni","Nyoni"
"KZN","TONGAAT","4","500177526","Tongaat","Tongaat"
"KZN","MHLUMAYO","4","500133311","Mhlumayo","Mhlumayo"
"KZN","WEMBEZI","4","500130647","Wembezi","Wembezi"
"KZN","MANDINI","4","500175269","Mandini","Mandini"
"KZN","WARD 2","4","500236023","Ward 2","Ward 2"
"KZN","PALMVIEW","4","500302327","Palmview","Palmview"
"KZN","CROSSMOOR","4","500400895","Crossmoor","Crossmoor"
"KZN","CATO MANOR","4","500338624","Cato Manor","Cato Manor"
"KZN","WARD 1","4","500126059","Ward 1","Ward 1"
"KZN","UTRECHT","4","500447515","Utrecht","Utrecht"
"KZN","CLERNAVILLE","4","500117253","Clernaville","Clernaville"
"KZN","HLOBANE","4","500164650","Hlobane","Hlobane"
"KZN","HAMMARSDALE","4","500168757","Hammarsdale","Hammarsdale"
"KZN","KWADABEKA","4","500179043","Kwadabeka","Kwadabeka"
"KZN","MOLWENI","4","500185111","Molweni","Molweni"
"KZN","MARIANNHILL","4","500199504","Mariannhill","Mariannhill"
"KZN","RURAL AREA","4","500102120","Rural Area","Rural Area"
"KZN","NGWELEZANE","4","500248455","Ngwelezane","Ngwelezane"
"KZN","MEERENSEE","4","500255485","Meerensee","Meerensee"
"KZN","P.O. UMLAZI","4","500203500","P.O. Umlazi","P.O. Umlazi"
"KZN","RESERVE","4","500287083","Reserve","Reserve"
"KZN","KWA-DLANGEZWA","4","500128390","Kwa Dlangezwa","Kwa Dlangezwa"
"KZN","NTAMBANANA","4","500195693","Ntambanana","Ntambanana"
"KZN","P O UMLAZI","4","500130425","P O Umlazi","P O Umlazi"
"KZN","KWAMTHETHWA RESERVE","4","500216228","Kwamthethwa Reserve","Kwamthethwa Reserve"
"KZN","CREIGHTON","4","500174936","Creighton","Creighton"
"KZN","TRIBAL AUTHORITY","4","500224997","Tribal Authority","Tribal Authority"
"KZN","MTHUNZINI","4","500341177","Mthunzini","Mthunzini"
"KZN","HLOKOZI","4","500197580","Hlokozi","Hlokozi"
"KZN","PO UMLAZI","4","500282680","Po Umlazi","Po Umlazi"
"KZN","ADAMS MISSION","4","500306175","Adams Mission","Adams Mission"
"KZN","ESIDAKENI","3","500149110","Esidakeni","Esidakeni"
"KZN","GODIDE TRIBAL AUTHORITY","3","500152329","Godide Tribal Authority","Godide Tribal Authority"
"KZN","BRACKENHAM","3","500111962","Brackenham","Brackenham"
"KZN","WARD 18","3","500490287","Ward 18","Ward 18"
"KZN","KWA-MBONAMBI","3","500281533","Kwa Mbonambi","Kwa Mbonambi"
"KZN","KWAMTHETHWA AREA","3","500262478","Kwamthethwa Area","Kwamthethwa Area"
"KZN","UMGABABA","3","500101380","Umgababa","Umgababa"
"KZN","WOODHURST","3","500100751","Woodhurst","Woodhurst"
"KZN","EBILANYONI","3","500110112","Ebilanyoni","Ebilanyoni"
"KZN","CLIFFDALE","3","500289155","Cliffdale","Cliffdale"
"KZN","ASHLEY","3","500148037","Ashley","Ashley"
"KZN","FOLWENI","3","500115440","Folweni","Folweni"
"KZN","MAGABHENI","3","500261960","Magabheni","Magabheni"
"KZN","ARENA PARK","3","500118622","Arena Park","Arena Park"
"KZN","RURAL","3","500238946","Rural","Rural"
"KZN","UMZINYATHI","3","500194361","Umzinyathi","Umzinyathi"
"KZN","CLAIRWOOD","3","500125504","Clairwood","Clairwood"
"KZN","EASTBURY","3","500211122","Eastbury","Eastbury"
"KZN","MAGUDU","3","500185740","Magudu","Magudu"
"KZN","NCOTSHANE","3","500191993","Ncotshane","Ncotshane"
"KZN","KHARWASTAN","3","500144411","Kharwastan","Kharwastan"
"KZN","BARRY HERTZOG PARK","3","500246124","Barry Hertzog Park","Barry Hertzog Park"
"KZN","GREENWOOD PARK","3","500151885","Greenwood Park","Greenwood Park"
"KZN","NTUZUMA TOWNSHIP","3","500153217","Ntuzuma Township","Ntuzuma Township"
"KZN","GREENBURY","3","500151663","Greenbury","Greenbury"
"KZN","BELVEDERE","3","500144929","Belvedere","Belvedere"
"KZN","MPUMALANGA T/SHIP","3","500138417","Mpumalanga T/Ship","Mpumalanga T/Ship"
"KZN","KWANYUSWA","3","500134236","Kwanyuswa","Kwanyuswa"
"KZN","ISIPINGO HILLS","3","500168646","Isipingo Hills","Isipingo Hills"
"KZN","KWAMAKHUTHA","3","500170903","Kwamakhutha","Kwamakhutha"
"KZN","BRINDHAVEN","3","500120953","Brindhaven","Brindhaven"
"KZN","DAWNCREST","3","500120250","Dawncrest","Dawncrest"
"KZN","CLAYFIELD","3","500117105","Clayfield","Clayfield"
"KZN","MALVERN","3","500195508","Malvern","Malvern"
"KZN","WATERLOO","3","500499463","Waterloo","Waterloo"
"KZN","NAGINA","3","500496244","Nagina","Nagina"
"KZN","BUFFELSDALE","3","500112924","Buffelsdale","Buffelsdale"
"KZN","LA LUCIA","3","500447700","La Lucia","La Lucia"
"KZN","LENNOXTON","3","500341954","Lennoxton","Lennoxton"
"KZN","NQUTU","3","500114034","Nqutu","Nqutu"
"KZN","NORMANDIEN","3","500176786","Normandien","Normandien"
"KZN","TRENANCE PARK","3","500284456","Trenance Park","Trenance Park"
"KZN","UNIT 15","3","500278795","Unit 15","Unit 15"
"KZN","CLARE ESTATE","3","500257002","Clare Estate","Clare Estate"
"KZN","DARNALL","3","500159026","Darnall","Darnall"
"KZN","BOTHAS HILL","3","500279905","Bothas Hill","Bothas Hill"
"KZN","SIBONGILE TOWNSHIP","3","500134014","Sibongile Township","Sibongile Township"
"KZN","HELPMEKAAR ROAD","3","500157398","Helpmekaar Road","Helpmekaar Road"
"KZN","ROOSBOOM","3","500142339","Roosboom","Roosboom"
"KZN","MBANGWENI","3","500222629","Mbangweni","Mbangweni"
"KZN","MTWALUME","3","500220261","Mtwalume","Mtwalume"
"KZN","ISANDLWANA","3","500230510","Isandlwana","Isandlwana"
"KZN","NKANDE","3","500230288","Nkande","Nkande"
"KZN","WATERSMEET","3","500183816","Watersmeet","Watersmeet"
"KZN","RIVERSIDE","3","500425093","Riverside","Riverside"
"KZN","IMFUME","3","500169608","Imfume","Imfume"
"KZN","STEADVILLE","3","500230732","Steadville","Steadville"
"KZN","GAMALAKHE","3","500146890","Gamalakhe","Gamalakhe"
"KZN","DORINGKOP","3","500209679","Doringkop","Doringkop"
"KZN","LOCATION","3","500423687","Location","Location"
"KZN","NGONO TRIBAL AUTHORITY","3","500190587","Ngono Tribal Authority","Ngono Tribal Authority"
"KZN","DUKUDUKU SOUTH","3","500307359","Dukuduku South","Dukuduku South"
"KZN","NDUMO","3","500495430","Ndumo","Ndumo"
"KZN","PADDOCK","3","500121434","Paddock","Paddock"
"KZN","KWA-NGWANASE","3","500140119","Kwa Ngwanase","Kwa Ngwanase"
"KZN","UMTHWALUME","3","500111148","Umthwalume","Umthwalume"
"KZN","DUDUDU","3","500104673","Dududu","Dududu"
"KZN","KWA-JOBE","3","500170422","Kwa Jobe","Kwa Jobe"
"KZN","NOTTINGHAM ROAD","3","500236763","Nottingham Road","Nottingham Road"
"KZN","NDULINDE RESERVE","3","500275502","Ndulinde Reserve","Ndulinde Reserve"
"KZN","CLARENDON","3","500281126","Clarendon","Clarendon"
"KZN","BLOODRIVER","3","500268509","Bloodriver","Bloodriver"
"KZN","EKUVUKENI","3","500440522","Ekuvukeni","Ekuvukeni"
"KZN","SWEETWATERS","3","500215525","Sweetwaters","Sweetwaters"
"KZN","SITHEMBILE LOCATION","3","500134273","Sithembile Location","Sithembile Location"
"KZN","SWAYIMANA","3","500166796","Swayimana","Swayimana"
"KZN","SIBHAYI","3","500222037","Sibhayi","Sibhayi"
"KZN","MERRIVALE","3","500154401","Merrivale","Merrivale"
"KZN","MSINGA TOP","3","500159581","Msinga Top","Msinga Top"
"KZN","KWA NGWANASE","3","500400525","Kwa Ngwanase","Kwa Ngwanase"
"KZN","IMBALI TOWNSHIP","3","500326264","Imbali Township","Imbali Township"
"KZN","KEATES DRIFT","3","500341917","Keates Drift","Keates Drift"
"KZN","STEPMORE LOCATION","3","500277907","Stepmore Location","Stepmore Location"
"KZN","SWAYIMANA LOCATION","3","500242757","Swayimana Location","Swayimana Location"
"KZN","ETHOLENI","3","500240019","Etholeni","Etholeni"
"KZN","KWAMEVANA TOWNSHIP","2","500233988","Kwamevana Township","Kwamevana Township"
"KZN","UMNGENI RURAL","2","500210826","Umngeni Rural","Umngeni Rural"
"KZN","PELHAM","2","500246827","Pelham","Pelham"
"KZN","IMBALI UNIT 13","2","500248751","Imbali Unit 13","Imbali Unit 13"
"KZN","MPOPHOMENI","2","500252710","Mpophomeni","Mpophomeni"
"KZN","ROSETTA","2","500263403","Rosetta","Rosetta"
"KZN","KWAMPUMUZA","2","500279831","Kwampumuza","Kwampumuza"
"KZN","MID ILLOVO","2","500281459","Mid Illovo","Mid Illovo"
"KZN","TRUSTFEED FARM","2","500284863","Trustfeed Farm","Trustfeed Farm"
"KZN","TABLE MOUNTAIN","2","500105561","Table Mountain","Table Mountain"
"KZN","RIVERVIEW","2","500334776","Riverview","Riverview"
"KZN","ASHDOWN TOWNSHIP","2","500103748","Ashdown Township","Ashdown Township"
"KZN","MPUMUZA","2","500108965","Mpumuza","Mpumuza"
"KZN","BISLEY","2","500110260","Bisley","Bisley"
"KZN","THULA","2","500168276","Thula","Thula"
"KZN","BRUNTVILLE","2","500112739","Bruntville","Bruntville"
"KZN","STOFFELTON AREA","2","500115292","Stoffelton Area","Stoffelton Area"
"KZN","FRANKLIN VILLAGE","2","500276649","Franklin","Franklin"
"KZN","DINDI LOCATION","2","500121360","Dindi Location","Dindi Location"
"KZN","EASTWOOD","2","500125948","Eastwood","Eastwood"
"KZN","ESTON","2","500144115","Eston","Eston"
"KZN","IMBALI STAGE 1","2","500146150","Imbali Stage 1","Imbali Stage 1"
"KZN","MAQONGQO AREA","2","500147519","Maqongqo Area","Maqongqo Area"
"KZN","KWAZENZELE","2","500147889","Kwazenzele","Kwazenzele"
"KZN","KARKLOOF","2","500154253","Karkloof","Karkloof"
"KZN","LILANI","2","500186480","Lilani","Lilani"
"KZN","PHAKWE AREA","2","500140045","Phakwe Area","Phakwe Area"
"KZN","HOPEWELL LOCATION","2","500158545","Hopewell Location","Hopewell Location"
"KZN","ASHBURTON","2","500164687","Ashburton","Ashburton"
"KZN","MABANDLA A/A","2","500428275","Mabandla A/A","Mabandla A/A"
"KZN","ESINYAMBOTHI","2","500140933","Esinyambothi","Esinyambothi"
"KZN","PLESSISLAER","2","500174270","Plessislaer","Plessislaer"
"KZN","SOBANTU VILLAGE","2","500175676","Sobantu","Sobantu"
"KZN","FRANKLIN","2","500425648","Franklin","Franklin"
"KZN","NTSHANGASE TRIBAL AUTHORITY","2","500121582","Ntshangase Tribal Authority","Ntshangase Tribal Authority"
"KZN","EKUPHOLENI","2","500207274","Ekupholeni","Ekupholeni"
"KZN","LOURDES","2","500428312","Lourdes","Lourdes"
"KZN","FARM","2","500230103","Farm","Farm"
"KZN","MOUNTAIN RISE","2","500215562","Mountain Rise","Mountain Rise"
"KZN","MNQOBOKAZI AREA","2","500213638","Mnqobokazi Area","Mnqobokazi Area"
"KZN","MPOPHOMENI TOWNSHIP TOWNSHIP","2","500229992","Mpophomeni Township Township","Mpophomeni Township Township"
"KZN","GLENSIDE","2","500153661","Glenside","Glenside"
"KZN","NGUBEVU","2","500440189","Ngubevu","Ngubevu"
"KZN","MIDDELRUS","2","500122914","Middelrus","Middelrus"
"KZN","HIMEVILLE","2","500288674","Himeville","Himeville"
"KZN","WILLOWFOUNTAIN","2","500296370","Willowfountain","Willowfountain"
"KZN","ENHLALAKAHLE","2","500282643","Enhlalakahle","Enhlalakahle"
"KZN","MADULADULA","2","500191438","Maduladula","Maduladula"
"KZN","MAZABEKO","2","500193140","Mazabeko","Mazabeko"
"KZN","NTSINDE TRIBAL AUTHORITY","2","500180375","Ntsinde Tribal Authority","Ntsinde Tribal Authority"
"KZN","MBANGWENI AREA","2","500258334","Mbangweni Area","Mbangweni Area"
"KZN","HILTON","2","500263218","Hilton","Hilton"
"KZN","GREYTOWN ROAD","2","500244015","Greytown Road","Greytown Road"
"KZN","CRANBROOK DRIVE","2","500300181","Cranbrook Drive","Cranbrook Drive"
"KZN","SOVANE AREA","2","500171828","Sovane Area","Sovane Area"
"KZN","OSHABENI LOCATION","2","500407037","Oshabeni Location","Oshabeni Location"
"KZN","NDINDINDI","2","500252525","Ndindindi","Ndindindi"
"KZN","DUMISA AREA","2","500267140","Dumisa Area","Dumisa Area"
"KZN","GLENHILLS","2","500149591","Glenhills","Glenhills"
"KZN","MASOTSHENI","2","500248714","Masotsheni","Masotsheni"
"KZN","SCOTTBURGH","2","500259592","Scottburgh","Scottburgh"
"KZN","DUDUDU MAIN ROAD","2","500262293","Dududu Main Road","Dududu Main Road"
"KZN","THELEZINI","2","500237651","Thelezini","Thelezini"
"KZN","HLOMENDLINI WARD 35","2","500289266","Hlomendlini Ward 35","Hlomendlini Ward 35"
"KZN","KWAFODO T/A","2","500301254","Kwafodo T/A","Kwafodo T/A"
"KZN","NEW GUELDERLAND","2","500226440","New Guelderland","New Guelderland"
"KZN","NONDWENI","2","500235468","Nondweni","Nondweni"
"KZN","KWAMBOTHO LOCATION","2","500308580","Kwambotho Location","Kwambotho Location"
"KZN","UMDONI","2","500307803","Umdoni","Umdoni"
"KZN","UMZUMBE MUNICIPALITY","2","500322973","Umzumbe Municipality","Umzumbe Municipality"
"KZN","STORE","2","500219558","Store","Store"
"KZN","MASHABANE TRIBAL AUTHORITY","2","500156658","Mashabane Tribal Authority","Mashabane Tribal Authority"
"KZN","MATIMATOLO","2","500202020","Matimatolo","Matimatolo"
"KZN","BRAEMAR","2","500111999","Braemar","Braemar"
"KZN","EMANYISENI","2","500128538","Emanyiseni","Emanyiseni"
"KZN","BHAMBANANA","2","500243386","Bhambanana","Bhambanana"
"KZN","PHUNGASHE","2","500129907","Phungashe","Phungashe"
"KZN","KWANZIMAKWE","2","500138306","Kwanzimakwe","Kwanzimakwe"
"KZN","MATHENJWA T/A","2","500262848","Mathenjwa T/A","Mathenjwa T/A"
"KZN","ILLOVO","2","500144300","Illovo","Illovo"
"KZN","MFEKA","2","500208421","Mfeka","Mfeka"
"KZN","ELANDSKRAAL","2","500247974","Elandskraal","Elandskraal"
"KZN","ANNANDALE FARM","2","500103193","Annandale Farm","Annandale Farm"
"KZN","DRIEFONTEIN AREA","2","500324194","Driefontein Area","Driefontein Area"
"KZN","MKHONJANE","2","500220779","Mkhonjane","Mkhonjane"
"KZN","INKULU WARD 25","2","500165057","Inkulu Ward 25","Inkulu Ward 25"
"KZN","GOBHAMEHLO AREA","2","500164761","Gobhamehlo Area","Gobhamehlo Area"
"KZN","MUNSTER","2","500169645","Munster","Munster"
"KZN","SONKOMBO","2","500203130","Sonkombo","Sonkombo"
"KZN","NGOME","2","500228327","Ngome","Ngome"
"KZN","NEAR WOSIYANE CLINIC","2","500200577","Near Wosiyane Clinic","Near Wosiyane Clinic"
"KZN","WARD 7","2","500199985","Ward 7","Ward 7"
"KZN","IZOTSHA","2","500170570","Izotsha","Izotsha"
"KZN","MURCHISON","2","500190957","Murchison","Murchison"
"KZN","KWAXOLO","2","500195656","Kwaxolo","Kwaxolo"
"KZN","MARBURG","2","500199134","Marburg","Marburg"
"KZN","NEXT TO INKWALI CLINIC","2","500200466","Next To Inkwali Clinic","Next To Inkwali Clinic"
"KZN","SECTION 5","2","500298220","Section 5","Section 5"
"KZN","EKUPHUMULENI","2","500211159","Ekuphumuleni","Ekuphumuleni"
"KZN","BOBOYI","2","500209161","Boboyi","Boboyi"
"KZN","LEONARDSVILLE","2","500205461","Leonardsville","Leonardsville"
"KZN","KROMHOEK","2","500426129","Kromhoek","Kromhoek"
"KZN","EMAZIZINI","2","500181189","Emazizini","Emazizini"
"KZN","NDLOVUZULU","2","500217745","Ndlovuzulu","Ndlovuzulu"
"KZN","MBABANE AREA","2","500222481","Mbabane Area","Mbabane Area"
"KZN","ROOKDALE AREA","2","500162319","Rookdale Area","Rookdale Area"
"KZN","ESIJOZINI ROAD","2","500212343","Esijozini Road","Esijozini Road"
"KZN","GLENMORE","2","500493728","Glenmore","Glenmore"
"KZN","WARD 20","2","500111296","Ward 20","Ward 20"
"KZN","FORDERVILLE","2","500145262","Forderville","Forderville"
"KZN","UMZUMBE RURAL","2","500338957","Umzumbe Rural","Umzumbe Rural"
"KZN","HIBISCUS COAST RURAL","2","500308025","Hibiscus Coast Rural","Hibiscus Coast Rural"
"KZN","PARLOCK","2","500328079","Parlock","Parlock"
"KZN","EGERTON","2","500127280","Egerton","Egerton"
"KZN","DRAKENSVIEW","2","500123506","Drakensview","Drakensview"
"KZN","ALBERSVILLE","2","500251156","Albersville","Albersville"
"KZN","KWASHANGASE TRIBAL AUTHORITY","2","500171125","Kwashangase Tribal Authority","Kwashangase Tribal Authority"
"KZN","SHERWOOD","2","500493543","Sherwood","Sherwood"
"KZN","NORTHDENE","2","500236208","Northdene","Northdene"
"KZN","SUNDUMBILI TOWNSHIP","2","500160506","Sundumbili Township","Sundumbili Township"
"KZN","ALOE PARK","2","500100973","Aloe Park","Aloe Park"
"KZN","VANREENEN","2","500290894","Vanreenen","Vanreenen"
"KZN","BRIARDENE","2","500504643","Briardene","Briardene"
"KZN","BRIARDALE","2","500246383","Briardale","Briardale"
"KZN","ENZALA AREA","2","500127613","Enzala Area","Enzala Area"
"KZN","RYDALVALE","2","500256854","Rydalvale","Rydalvale"
"KZN","FORESTHAVEN","2","500272024","Foresthaven","Foresthaven"
"KZN","GROVE END","2","500277981","Grove End","Grove End"
"KZN","STONEBRIDGE","2","500278166","Stonebridge","Stonebridge"
"KZN","SPRINGFIELD","2","500222851","Springfield","Springfield"
"KZN","EKUVUKENI AREA","2","500273504","Ekuvukeni Area","Ekuvukeni Area"
"KZN","ESIDUMBINI MISSION","2","500140267","Esidumbini Mission","Esidumbini Mission"
"KZN","RICHMOND FARM","2","500282125","Richmond Farm","Richmond Farm"
"KZN","ENEMBE RESERVE","2","500136271","Enembe Reserve","Enembe Reserve"
"KZN","ROSENEATH","2","500222888","Roseneath","Roseneath"
"KZN","MITCHELL VILLAGE","2","500292078","Mitchell","Mitchell"
"KZN","CANESIDE","2","500295408","Caneside","Caneside"
"KZN","WYEBANK","2","500297517","Wyebank","Wyebank"
"KZN","THINTWA VILLAGE","2","500255226","Thintwa","Thintwa"
"KZN","NONGOMA ROAD","2","500264735","Nongoma Road","Nongoma Road"
"KZN","COOPER FARM","2","500117956","Cooper Farm","Cooper Farm"
"KZN","KWANGCOLOSI TRIBAL AUTHORITY","2","500127909","Kwangcolosi Tribal Authority","Kwangcolosi Tribal Authority"
"KZN","EMABOMVINI","2","500303733","Emabomvini","Emabomvini"
"KZN","TEMPLE VALLEY","2","500339993","Temple Valley","Temple Valley"
"KZN","ESIGQUMENI","2","500447330","Esigqumeni","Esigqumeni"
"KZN","MANGOSUTHU VILLAGE","2","500303437","Mangosuthu","Mangosuthu"
"KZN","MSINGA","2","500446923","Msinga","Msinga"
"KZN","BROOKDALE","2","500112554","Brookdale","Brookdale"
"KZN","SAWPITS RESERVE","2","500116069","Sawpits Reserve","Sawpits Reserve"
"KZN","GLENDALE","2","500441151","Glendale","Glendale"
"KZN","DURBAN CENTRAL","2","500442631","Durban Central","Durban Central"
"KZN","KILBARCHAN","2","500175750","Kilbarchan","Kilbarchan"
"KZN","SWART MFOLOZI","2","500339734","Swart Mfolozi","Swart Mfolozi"
"KZN","MEREWENT","2","500295482","Merewent","Merewent"
"KZN","NEWLANDS WEST","2","500255966","Newlands West","Newlands West"
"KZN","LOTUS PARK","2","500172198","Lotus Park","Lotus Park"
"KZN","BHAMSHELA","2","500323750","Bhamshela","Bhamshela"
"KZN","KWA-MASHU","2","500124135","Kwa Mashu","Kwa Mashu"
"KZN","EMOLWENI","2","500133607","Emolweni","Emolweni"
"KZN","ORIENT HILL","2","500244681","Orient Hill","Orient Hill"
"KZN","KLAARWATER","2","500165760","Klaarwater","Klaarwater"
"KZN","NYANYADU","2","500256780","Nyanyadu","Nyanyadu"
"KZN","CHESTERVILLE","2","500158878","Chesterville","Chesterville"
"KZN","GILLITTS","2","500148777","Gillitts","Gillitts"
"KZN","HILLGROVE","2","500155511","Hillgrove","Hillgrove"
"KZN","P.O.AMANZIMTOTI","2","500153032","P.O.Amanzimtoti","P.O.Amanzimtoti"
"KZN","P.O. KWAMASHU","2","500155215","P.O. Kwamashu","P.O. Kwamashu"
"KZN","QADI TRIBAL AUTHORITY","2","500293558","Qadi Tribal Authority","Qadi Tribal Authority"
"KZN","NHLAZATSHE","2","500230140","Nhlazatshe","Nhlazatshe"
"KZN","UMZINYATHI AREA","2","500156843","Umzinyathi Area","Umzinyathi Area"
"KZN","FYNNLAND","2","500146298","Fynnland","Fynnland"
"KZN","SANDSPRUIT FARM","2","500242794","Sandspruit Farm","Sandspruit Farm"
"KZN","EMBO RESERVE","2","500164021","Embo Reserve","Embo Reserve"
"KZN","OTHWEBA","2","500163170","Othweba","Othweba"
"KZN","CATORIDGE","2","500165686","Catoridge","Catoridge"
"KZN","BLAAUWBOSCH FARM","2","500268361","Blaauwbosch Farm","Blaauwbosch Farm"
"KZN","NCOTSHANE TOWNSHIP","2","500209309","Ncotshane Township","Ncotshane Township"
"KZN","HAVENSIDE","2","500142746","Havenside","Havenside"
"KZN","DASSENHOEK","2","500179006","Dassenhoek","Dassenhoek"
"KZN","NEWTOWN","2","500277426","Newtown","Newtown"
"KZN","DABHAZI AREA","2","500186184","Dabhazi Area","Dabhazi Area"
"KZN","NTOKOZWENI","2","500257927","Ntokozweni","Ntokozweni"
"KZN","BUXEDENE","2","500181004","Buxedene","Buxedene"
"KZN","LOTUSVILLE","2","500187738","Lotusville","Lotusville"
"KZN","LONGCROFT","2","500187516","Longcroft","Longcroft"
"KZN","STANMORE","2","500192992","Stanmore","Stanmore"
"KZN","MARIANNRIDGE","2","500199541","Mariannridge","Mariannridge"
"KZN","UMHLALI","2","500254523","Umhlali","Umhlali"
"KZN","WATERBUS","2","500343323","Waterbus","Waterbus"
"KZN","MAQUMBI AREA","2","500253709","Maqumbi Area","Maqumbi Area"
"KZN","HAMBANATHI TOWNSHIP","2","500204795","Hambanathi Township","Hambanathi Township"
"KZN","EFFINGHAM HEIGHTS","2","500127095","Effingham Heights","Effingham Heights"
"KZN","KWAXIMBA TRIBAL AUTHORITY","2","500221408","Kwaximba Tribal Authority","Kwaximba Tribal Authority"
"KZN","NEAR LUTHERAN CHURCH","2","500245125","Near Lutheran Church","Near Lutheran Church"
"KZN","INANDA NEWTOWN A","2","500222518","Inanda Newtown A","Inanda Newtown A"
"KZN","HLAHLINDLELA TRIBAL AUTHORITY","2","500173937","Hlahlindlela Tribal Authority","Hlahlindlela Tribal Authority"
"KZN","SEAVIEW","2","500259740","Seaview","Seaview"
"KZN","EMVUNYANE","2","500171532","Emvunyane","Emvunyane"
"KZN","SEA COW LAKE","2","500123247","Sea Cow Lake","Sea Cow Lake"
"KZN","KWAXAMU AREA","2","500150146","Kwaxamu Area","Kwaxamu Area"
"KZN","ASHERVILLE","2","500274762","Asherville","Asherville"
"KZN","SHONGWENI DAM","2","500126799","Shongweni Dam","Shongweni Dam"
"KZN","COTTONLANDS","2","500493691","Cottonlands","Cottonlands"
"KZN","MABOMVINI TRIBAL AUTHORITY","2","500234136","Mabomvini Tribal Authority","Mabomvini Tribal Authority"
"KZN","ZUNGU TRIBAL AUTHORITY","2","500148444","Zungu Tribal Authority","Zungu Tribal Authority"
"KZN","MPUMALANGA  TOWNSHIP","2","500298923","Mpumalanga  Township","Mpumalanga  Township"
"KZN","SWARTBERG","2","500199097","Swartberg","Swartberg"
"KZN","DLAMINI TRIBAL AUTHORITY","2","500138639","Dlamini Tribal Authority","Dlamini Tribal Authority"
"KZN","MANDLAKAZI TRIBAL AUTHORITY","2","500127650","Mandlakazi Tribal Authority","Mandlakazi Tribal Authority"
"KZN","ST WENDELINS","2","500235764","St Wendelins","St Wendelins"
"KZN","HILLVIEW","2","500494616","Hillview","Hillview"
"KZN","BIRDSWOOD","2","500448514","Birdswood","Birdswood"
"KZN","ENKONJENI","2","500112221","Enkonjeni","Enkonjeni"
"KZN","NTUMENI","2","500240944","Ntumeni","Ntumeni"
"KZN","ATHLONE PARK","2","500104229","Athlone Park","Athlone Park"
"KZN","BHEKUZULU","2","500109335","Bhekuzulu","Bhekuzulu"
"KZN","NEAR POLICE STATION","2","500257150","Near Police Station","Near Police Station"
"KZN","P.O. ADAMS MISSION","2","500100418","P.O. Adams Mission","P.O. Adams Mission"
"KZN","RICHARDS BAY","2","500268953","Richards Bay","Richards Bay"
"KZN","CHARLESTOWN","2","500117068","Charlestown","Charlestown"
"KZN","NJOMELWANE AREA","2","500286047","Njomelwane Area","Njomelwane Area"
"KZN","BHADENI","2","500327561","Bhadeni","Bhadeni"
"KZN","MKHAZANE RESERVE","2","500309394","Mkhazane Reserve","Mkhazane Reserve"
"KZN","QUEENSBURGH","2","500295556","Queensburgh","Queensburgh"
"KZN","UMHLATUZANA TOWNSHIP","2","500296296","Umhlatuzana Township","Umhlatuzana Township"
"KZN","ZUNGWINI AREA","2","500301402","Zungwini Area","Zungwini Area"
"KZN","KWAMBIZA","2","500141266","Kwambiza","Kwambiza"
"KZN","AQUADENE","2","500145040","Aquadene","Aquadene"
"KZN","WARNER BEACH","2","500294520","Warner Beach","Warner Beach"
"KZN","NGWELEZANE T/SHIP","2","500163836","Ngwelezane T/Ship","Ngwelezane T/Ship"
"KZN","MVUTSHINI AREA","2","500167277","Mvutshini Area","Mvutshini Area"
"KZN","KWAMONDI MISSION","2","500181448","Kwamondi Mission","Kwamondi Mission"
"KZN","KHABELA TRIBAL AUTHORITY","2","500189292","Khabela Tribal Authority","Khabela Tribal Authority"
"KZN","UYAYA TRIBAL AUTHORITY","2","500190772","Uyaya Tribal Authority","Uyaya Tribal Authority"
"KZN","EMONA","2","500157435","Emona","Emona"
"KZN","UMGAI RESERVE","2","500128242","Umgai Reserve","Umgai Reserve"
"KZN","ZUNGU TRIBAL","2","500297665","Zungu Tribal","Zungu Tribal"
"KZN","MZIMELA TRIBAL AUTHORITY","2","500197987","Mzimela Tribal Authority","Mzimela Tribal Authority"
"KZN","NTAMBANANA RESERVE","2","500199023","Ntambanana Reserve","Ntambanana Reserve"
"KZN","NTUMBANE","2","500291560","Ntumbane","Ntumbane"
"KZN","INGOGO","2","500163355","Ingogo","Ingogo"
"KZN","USUTHU AREA","2","500273726","Usuthu Area","Usuthu Area"
"KZN","MPUNGOSE TRIBAL COURT","2","500221334","Mpungose Tribal Court","Mpungose Tribal Court"
"KZN","MSIBITRIBALAUTHORITY","2","500270988","Msibitribalauthority","Msibitribalauthority"
"KZN","CINCI RESERVE","2","500226699","Cinci Reserve","Cinci Reserve"
"KZN","EKUKHANYENI TRIBAL AUTHORITY","2","500229252","Ekukhanyeni Tribal Authority","Ekukhanyeni Tribal Authority"
"KZN","HUTTEN HEIGHTS","2","500159137","Hutten Heights","Hutten Heights"
"KZN","GODLWAYO","2","500274429","Godlwayo","Godlwayo"
"KZN","WENTWORTH","2","500290931","Wentworth","Wentworth"
"KZN","UMHLATHUZE RURAL","2","500306619","Umhlathuze Rural","Umhlathuze Rural"
"KZN","SWAYIMANA AREA","2","500204055","Swayimana Area","Swayimana Area"
"KZN","NYALA PARK","2","500275243","Nyala Park","Nyala Park"
"KZN","VELDENVLEI","2","500255300","Veldenvlei","Veldenvlei"
"KZN","EMAMBEDWINI AREA","2","500228845","Emambedwini Area","Emambedwini Area"
"KZN","MATHONSI TRIBAL","1","500142265","Mathonsi Tribal","Mathonsi Tribal"
"KZN","CHELMSFORD FARM","1","500148740","Chelmsford Farm","Chelmsford Farm"
"KZN","THAFAMASI","1","500228993","Thafamasi","Thafamasi"
"KZN","SILAMBO AREA","1","500265327","Silambo Area","Silambo Area"
"KZN","P.O. BOX 93","1","500227698","P.O. Box 93","P.O. Box 93"
"KZN","ENTEMBENI TRIBAL AUTHORITY","1","500287416","Entembeni Tribal Authority","Entembeni Tribal Authority"
"KZN","SAMUNGU AREA","1","500108077","Samungu Area","Samungu Area"
"KZN","38296 P-P SPRINGBOK FARM","1","500151811","38296 P P Springbok Farm","38296 P P Springbok Farm"
"KZN","DUBE TRIBAL AUTHORITY, ESIKHAWINI","1","500343360","Dube Tribal Authority, Esikhawini","Dube Tribal Authority, Esikhawini"
"KZN","GUBETHUKA AREA","1","500340881","Gubethuka Area","Gubethuka Area"
"KZN","UMLALAZI RURAL","1","500341029","Umlalazi Rural","Umlalazi Rural"
"KZN","MHLATHUZANA WARD 22","1","500341104","Mhlathuzana Ward 22","Mhlathuzana Ward 22"
"KZN","NAUGHTY GIRL AREA","1","500219077","Naughty Girl Area","Naughty Girl Area"
"KZN","SIHUZU RESERVE","1","500341214","Sihuzu Reserve","Sihuzu Reserve"
"KZN","PRIVATE BAG X66123","1","500218411","Private Bag X66123","Private Bag X66123"
"KZN","MPOSA","1","500339068","Mposa","Mposa"
"KZN","NDUKENDE AREA","1","500207644","Ndukende Area","Ndukende Area"
"KZN","P.O NYONI","1","500201872","P.O Nyoni","P.O Nyoni"
"KZN","HAIG FARM, HAIG SCHOOL","1","500153106","Haig Farm, Haig School","Haig Farm, Haig School"
"KZN","MTHONJANENI MUNICIPALITY","1","500137344","Mthonjaneni Municipality","Mthonjaneni Municipality"
"KZN","OBUKA TRADITIONAL AUTHORITY","1","500184371","Obuka Traditional Authority","Obuka Traditional Authority"
"KZN","MEHLAMASHA RESERVE","1","500206941","Mehlamasha Reserve","Mehlamasha Reserve"
"KZN","DORSET FARM","1","500157213","Dorset Farm","Dorset Farm"
"KZN","MFONGOSI AREA","1","500208754","Mfongosi Area","Mfongosi Area"
"KZN","NEXT TO EDUBENI DIP TANK","1","500221778","Next To Edubeni Dip Tank","Next To Edubeni Dip Tank"
"KZN","GROUTVILLE","1","500204092","Groutville","Groutville"
"KZN","OFF ROAD D881","1","500204351","Off Road D881","Off Road D881"
"KZN","NGWELEZANA","1","500229326","Ngwelezana","Ngwelezana"
"KZN","UYAYA  RESERVE","1","500229363","Uyaya  Reserve","Uyaya  Reserve"
"KZN","WARD 11","1","500229881","Ward 11","Ward 11"
"KZN","BOX 3378","1","500228956","Box 3378","Box 3378"
"KZN","MPAPHALA","1","500227883","Mpaphala","Mpaphala"
"KZN","PETT","1","500228068","Pett","Pett"
"KZN","NINGIZIMU AREA","1","500228216","Ningizimu Area","Ningizimu Area"
"KZN","MWOLOKOHLO","1","500200503","Mwolokohlo","Mwolokohlo"
"KZN","AMACHUBE TRADITIONAL AUTHORITY","1","500225108","Amachube Traditional Authority","Amachube Traditional Authority"
"KZN","INSUZE","1","500188589","Insuze","Insuze"
"KZN","NDABAYAKHE","1","500224183","Ndabayakhe","Ndabayakhe"
"KZN","MACEKANE  RESERVE2","1","500223517","Macekane  Reserve2","Macekane  Reserve2"
"KZN","UMGAKLA STREET","1","500222259","Umgakla Street","Umgakla Street"
"KZN","WARD 6","1","500222148","Ward 6","Ward 6"
"KZN","MAHOLOHOLO FARM","1","500220853","Maholoholo Farm","Maholoholo Farm"
"KZN","NSELENI TOWNSHIP","1","500221186","Nseleni Township","Nseleni Township"
"KZN","NEAR KWAMLOTSWA STORE","1","500185037","Near Kwamlotswa Store","Near Kwamlotswa Store"
"KZN","UMHAMBUMA AREA","1","500183964","Umhambuma Area","Umhambuma Area"
"KZN","KWAMTHETHWA RESERVE 5","1","500216413","Kwamthethwa Reserve 5","Kwamthethwa Reserve 5"
"KZN","MPOTHOLO AREA","1","500217301","Mpotholo Area","Mpotholo Area"
"KZN","MOMBENI RESERVE","1","500214341","Mombeni Reserve","Mombeni Reserve"
"KZN","NEAR VUMANHLAMVU STORE","1","500214378","Near Vumanhlamvu Store","Near Vumanhlamvu Store"
"KZN","EKUPHIWENI AREA","1","500214415","Ekuphiweni Area","Ekuphiweni Area"
"KZN","MNGAMPONDO","1","500213305","Mngampondo","Mngampondo"
"KZN","P.O.BOX 57","1","500177452","P.O.Box 57","P.O.Box 57"
"KZN","MAHUNU RESERVE","1","500210308","Mahunu Reserve","Mahunu Reserve"
"KZN","MFANEFILE RESERVE","1","500208384","Mfanefile Reserve","Mfanefile Reserve"
"KZN","KWASIMAMANE","1","500167758","Kwasimamane","Kwasimamane"
"KZN","P.O.BOX 263","1","500207237","P.O.Box 263","P.O.Box 263"
"KZN","THUBALETHU TOWNSHIP TOWNSHIP","1","500207311","Thubalethu Township Township","Thubalethu Township Township"
"KZN","MBONAMBI","1","500205017","Mbonambi","Mbonambi"
"KZN","KWA-MTHETHWA RESERVE","1","500205979","Kwa Mthethwa Reserve","Kwa Mthethwa Reserve"
"KZN","VIA FM TOWERS NTUMENI","1","500206016","Via Fm Towers Ntumeni","Via Fm Towers Ntumeni"
"KZN","VIA VULEKA SCHOOL FOR THE DEAF","1","500206275","Via Vuleka School For The Deaf","Via Vuleka School For The Deaf"
"KZN","MFUNDO STREET","1","500202205","Mfundo Street","Mfundo Street"
"KZN","OBUKA AREA","1","500202797","Obuka Area","Obuka Area"
"KZN","KWA-PETT","1","500204758","Kwa Pett","Kwa Pett"
"KZN","NEXT TO MKHAMBENI BOTTLE STORE","1","500201576","Next To Mkhambeni Bottle Store","Next To Mkhambeni Bottle Store"
"KZN","MANGQAKAZA RESERVE","1","500163318","Mangqakaza Reserve","Mangqakaza Reserve"
"KZN","MAPHUKANQOLA AREA","1","500198542","Maphukanqola Area","Maphukanqola Area"
"KZN","WARD 12 UMHLATHUZE","1","500198727","Ward 12 Umhlathuze","Ward 12 Umhlathuze"
"KZN","EZIKHONKWANENI AREA","1","500198246","Ezikhonkwaneni Area","Ezikhonkwaneni Area"
"KZN","DALIBO AREA","1","500162837","Dalibo Area","Dalibo Area"
"KZN","EKHOMBE","1","500194472","Ekhombe","Ekhombe"
"KZN","MATHONSI  RESERVE","1","500161283","Mathonsi  Reserve","Mathonsi  Reserve"
"KZN","MADLOZI","1","500191327","Madlozi","Madlozi"
"KZN","SOMOPHO TRIBAL AUTHORITY","1","500190550","Somopho Tribal Authority","Somopho Tribal Authority"
"KZN","RD.D1531","1","500157472","Rd.D1531","Rd.D1531"
"KZN","NGCOLOSI TRADITIONAL COUNCIL","1","500156251","Ngcolosi Traditional Council","Ngcolosi Traditional Council"
"KZN","GROUTVILLE MISSION","1","500152218","Groutville Mission","Groutville Mission"
"KZN","MABHUYENI AREA","1","500187960","Mabhuyeni Area","Mabhuyeni Area"
"KZN","KWANGOZA AREA","1","500443704","Kwangoza Area","Kwangoza Area"
"KZN","MPUNGOSE TRADITION AREA","1","500181559","Mpungose Tradition Area","Mpungose Tradition Area"
"KZN","EZITIBILINI AREA","1","500180560","Ezitibilini Area","Ezitibilini Area"
"KZN","BREDELIA STREET","1","500180967","Bredelia Street","Bredelia Street"
"KZN","NEAR KWAMAGWAZA HOSPITAL","1","500180301","Near Kwamagwaza Hospital","Near Kwamagwaza Hospital"
"KZN","P.O. MVUZANE TRIBAL AUTHORITY","1","500178895","P.O. Mvuzane Tribal Authority","P.O. Mvuzane Tribal Authority"
"KZN","EZIMPISINI AREA","1","500179598","Ezimpisini Area","Ezimpisini Area"
"KZN","C/O GODIDE TRADITIONAL AUTHORITY","1","500174862","C/O Godide Traditional Authority","C/O Godide Traditional Authority"
"KZN","VULINDLELA T/SHIP","1","500173271","Vulindlela T/Ship","Vulindlela T/Ship"
"KZN","P.O. BOX 983","1","500342694","P.O. Box 983","P.O. Box 983"
"KZN","EZILOZINI AREA","1","500342916","Ezilozini Area","Ezilozini Area"
"KZN","IBHUBESI STREET","1","500401820","Ibhubesi Street","Ibhubesi Street"
"KZN","MADLANZINI AGRI VILLAGE","1","500172457","Madlanzini Agri","Madlanzini Agri"
"KZN","MVUZANE TRIBAL AUTHORITY","1","500170533","Mvuzane Tribal Authority","Mvuzane Tribal Authority"
"KZN","P.O BOX 78878","1","500168942","P.O Box 78878","P.O Box 78878"
"KZN","NTSHAWINI RESERVE","1","500443149","Ntshawini Reserve","Ntshawini Reserve"
"KZN","(KWAMBIZA)","1","500165612","(Kwambiza)","(Kwambiza)"
"KZN","THAFAMASI TRIBAL AUTHORTY","1","500101195","Thafamasi Tribal Authorty","Thafamasi Tribal Authorty"
"KZN","PORTDUNFORD ROAD","1","500164391","Portdunford Road","Portdunford Road"
"KZN","CHWEZI TRIBAL AUTHORITY","1","500162356","Chwezi Tribal Authority","Chwezi Tribal Authority"
"KZN","IMPAPHALA","1","500161172","Impaphala","Impaphala"
"KZN","KWAKHOZA RESERVE","1","500160802","Kwakhoza Reserve","Kwakhoza Reserve"
"KZN","NSEZI STREET","1","500160987","Nsezi Street","Nsezi Street"
"KZN","BANGINDODA TRIBAL AUTHORITY","1","500157805","Bangindoda Tribal Authority","Bangindoda Tribal Authority"
"KZN","HABENI","1","500152995","Habeni","Habeni"
"KZN","KING CETSHWAYOS GRAVE","1","500153402","King Cetshwayos Grave","King Cetshwayos Grave"
"KZN","KWA MAGWAZA T/A","1","500153291","Kwa Magwaza T/A","Kwa Magwaza T/A"
"KZN","QHUDENI","1","500152292","Qhudeni","Qhudeni"
"KZN","NODWENGU TRIBAL AUTHORITY","1","500334961","Nodwengu Tribal Authority","Nodwengu Tribal Authority"
"KZN","GRANTHAM PARK","1","500151552","Grantham Park","Grantham Park"
"KZN","MZIMHLOPHE","1","500151034","Mzimhlophe","Mzimhlophe"
"KZN","TRIBAL COURT","1","500150072","Tribal Court","Tribal Court"
"KZN","KWA-ZONDI AREA","1","500148407","Kwa Zondi Area","Kwa Zondi Area"
"KZN","ETHALANENI AREA","1","500147667","Ethalaneni Area","Ethalaneni Area"
"KZN","ENKOMBANYUSWA TRIBAL AUTHORITY","1","500335516","Enkombanyuswa Tribal Authority","Enkombanyuswa Tribal Authority"
"KZN","EZILOZINI","1","500143338","Ezilozini","Ezilozini"
"KZN","C/O MAGWAZA TRADITIONAL AUTHORITY","1","500142376","C/O Magwaza Traditional Authority","C/O Magwaza Traditional Authority"
"KZN","VIA DONDOTHA, MAZAWULA","1","500140341","Via Dondotha, Mazawula","Via Dondotha, Mazawula"
"KZN","MTHANDENI RESERVE","1","500335442","Mthandeni Reserve","Mthandeni Reserve"
"KZN","UMLALAZI RESERVE","1","500141377","Umlalazi Reserve","Umlalazi Reserve"
"KZN","KWA- VEKEZA","1","500139083","Kwa  Vekeza","Kwa  Vekeza"
"KZN","NEXT TO NDLANGUBO CLINIC","1","500138121","Next To Ndlangubo Clinic","Next To Ndlangubo Clinic"
"KZN","ENSINGWENI RESERVE","1","500138232","Ensingweni Reserve","Ensingweni Reserve"
"KZN","ENHLANZINI  WARD 5","1","500137085","Enhlanzini  Ward 5","Enhlanzini  Ward 5"
"KZN","OFF R 102","1","500137418","Off R 102","Off R 102"
"KZN","ZAMOKUHLE STORE","1","500137455","Zamokuhle Store","Zamokuhle Store"
"KZN","MHLANA TRIBAL AUTHORITY","1","500136900","Mhlana Tribal Authority","Mhlana Tribal Authority"
"KZN","NEXT TO YANGUYE CLINIC","1","500135716","Next To Yanguye Clinic","Next To Yanguye Clinic"
"KZN","EMPEMBENI RESERVE","1","500134088","Empembeni Reserve","Empembeni Reserve"
"KZN","EMPHALWINI AREA","1","500134125","Emphalwini Area","Emphalwini Area"
"KZN","KWA BIYELA","1","500133015","Kwa Biyela","Kwa Biyela"
"KZN","SABEKA RESERVE HOLLY CROSS MISSION","1","500133718","Sabeka Reserve Holly Cross Mission","Sabeka Reserve Holly Cross Mission"
"KZN","MBANGATHUBANA RURAL AREA","1","500129722","Mbangathubana Rural Area","Mbangathubana Rural Area"
"KZN","MTHONJANENI MUNICIPALITY WARD  9","1","500131535","Mthonjaneni Municipality Ward  9","Mthonjaneni Municipality Ward  9"
"KZN","EKUTHULENI","1","500129130","Ekuthuleni","Ekuthuleni"
"KZN","PO MPABALANE AREA","1","500129315","Po Mpabalane Area","Po Mpabalane Area"
"KZN","DINUNTULI AREA","1","500130943","Dinuntuli Area","Dinuntuli Area"
"KZN","XULU TRADITIONAL AUTHORITY","1","500127983","Xulu Traditional Authority","Xulu Traditional Authority"
"KZN","EHLWANE AREA","1","500128057","Ehlwane Area","Ehlwane Area"
"KZN","MANZAMHLOPHE HALL","1","500335257","Manzamhlophe Hall","Manzamhlophe Hall"
"KZN","ZSM INDUSTRIAL","1","500127169","Zsm Industrial","Zsm Industrial"
"KZN","NGOJE AREA","1","500126133","Ngoje Area","Ngoje Area"
"KZN","ENTEMBENI AREA","1","500122285","Entembeni Area","Entembeni Area"
"KZN","EMGAZINI TRIBAL COURT","1","500115699","Emgazini Tribal Court","Emgazini Tribal Court"
"KZN","NSELENI TOWN","1","500491397","Nseleni Town","Nseleni Town"
"KZN","KWA-MTHETHWA","1","500114367","Kwa Mthethwa","Kwa Mthethwa"
"KZN","OYAYA","1","500113886","Oyaya","Oyaya"
"KZN","NEXT TO VULEKA SCHOOL FOR THE DEAF","1","500113516","Next To Vuleka School For The Deaf","Next To Vuleka School For The Deaf"
"KZN","MABHOBANE","1","500323935","Mabhobane","Mabhobane"
"KZN","SAKHAMKHANYA","1","500320605","Sakhamkhanya","Sakhamkhanya"
"KZN","KAIZANA AREA","1","500490583","Kaizana Area","Kaizana Area"
"KZN","NGUDWINI RESERVE","1","500448403","Ngudwini Reserve","Ngudwini Reserve"
"KZN","IMFOLOZI MUNICIPALITY","1","500109853","Imfolozi Municipality","Imfolozi Municipality"
"KZN","YANGUYE RESERVE","1","500441299","Yanguye Reserve","Yanguye Reserve"
"KZN","AMATIKULU","1","500102712","Amatikulu","Amatikulu"
"KZN","NQAMANE AREA","1","500102786","Nqamane Area","Nqamane Area"
"KZN","GOSWENI AREA","1","500102823","Gosweni Area","Gosweni Area"
"KZN","ALTON","1","500413179","Alton","Alton"
"KZN","NEXT TO BHEKESHOWE HIGH SCHOOL","1","500338735","Next To Bhekeshowe High School","Next To Bhekeshowe High School"
"KZN","EKUKHANYENI T/A","1","500336256","Ekukhanyeni T/A","Ekukhanyeni T/A"
"KZN","WARD 5","1","500319976","Ward 5","Ward 5"
"KZN","KWABHEJANE","1","500320050","Kwabhejane","Kwabhejane"
"KZN","MAHHEHHE","1","500319347","Mahhehhe","Mahhehhe"
"KZN","LOUISE BOTHMA FARM","1","500320568","Louise Bothma Farm","Louise Bothma Farm"
"KZN","CITY OF UMHLATHUZE","1","500315351","City Of Umhlathuze","City Of Umhlathuze"
"KZN","DONDOTHA AREA","1","500315462","Dondotha Area","Dondotha Area"
"KZN","MTUNZINI","1","500315536","Mtunzini","Mtunzini"
"KZN","MAGIDINI  RESERVE  AREA","1","500309246","Magidini  Reserve  Area","Magidini  Reserve  Area"
"KZN","IZINGWELEVU AREA","1","500309616","Izingwelevu Area","Izingwelevu Area"
"KZN","ESKHAWINI","1","500307618","Eskhawini","Eskhawini"
"KZN","KWAGOLELA","1","500307692","Kwagolela","Kwagolela"
"KZN","UYAYA RESERVE AREA","1","500306508","Uyaya Reserve Area","Uyaya Reserve Area"
"KZN","RESERVE  NO : 5","1","500307248","Reserve  No : 5","Reserve  No : 5"
"KZN","KWABIYELA","1","500299700","Kwabiyela","Kwabiyela"
"KZN","ZIETOVER","1","500299885","Zietover","Zietover"
"KZN","DUMISANI MAKHAYE VILLAGE","1","500296851","Dumisani Makhaye","Dumisani Makhaye"
"KZN","NEXT TO CLINIC","1","500293817","Next To Clinic","Next To Clinic"
"KZN","KWANTULI TRADITIONAL AUTHORITY","1","500293632","Kwantuli Traditional Authority","Kwantuli Traditional Authority"
"KZN","YANGUYE AREA","1","500291042","Yanguye Area","Yanguye Area"
"KZN","CHWEZI AREA","1","500290191","Chwezi Area","Chwezi Area"
"KZN","EMACAMBINI","1","500319680","Emacambini","Emacambini"
"KZN","OTIMATI AREA","1","500302734","Otimati Area","Otimati Area"
"KZN","UNDER BIYELA T/A","1","500286195","Under Biyela T/A","Under Biyela T/A"
"KZN","NEXT TO SUNGULWENI CLINIC","1","500281681","Next To Sungulweni Clinic","Next To Sungulweni Clinic"
"KZN","SHAKAVILLE TOWNSHIP","1","500285159","Shakaville Township","Shakaville Township"
"KZN","NTULI TRADITIONAL AUTHORITY","1","500281422","Ntuli Traditional Authority","Ntuli Traditional Authority"
"KZN","NEXT TO ST PAUL'S PARISH","1","500276686","Next To St Paul's Parish","Next To St Paul's Parish"
"KZN","RESERVE, WARD 15","1","500274355","Reserve, Ward 15","Reserve, Ward 15"
"KZN","NONGAMLANA  AREA","1","500273578","Nongamlana  Area","Nongamlana  Area"
"KZN","WARD 31","1","500273208","Ward 31","Ward 31"
"KZN","EHLAWINI","1","500272801","Ehlawini","Ehlawini"
"KZN","HLABATHINI AREA","1","500271247","Hlabathini Area","Hlabathini Area"
"KZN","P.O.BOX 1402","1","500268805","P.O.Box 1402","P.O.Box 1402"
"KZN","VUMA AREA","1","500285344","Vuma Area","Vuma Area"
"KZN","ZIDEDELE VILLAGE OLDMILL","1","500269730","Zidedele Village Oldmill","Zidedele Village Oldmill"
"KZN","MABHUDLE WARD","1","500267436","Mabhudle Ward","Mabhudle Ward"
"KZN","UQHUME STREET","1","500266289","Uqhume Street","Uqhume Street"
"KZN","NKANDLA VILLAGE","1","500264402","Nkandla","Nkandla"
"KZN","SIGISI AREA","1","500264513","Sigisi Area","Sigisi Area"
"KZN","SIDUMUKA AREA","1","500264106","Sidumuka Area","Sidumuka Area"
"KZN","MALALENI AREA","1","500263551","Malaleni Area","Malaleni Area"
"KZN","SIBHUDENI","1","500262959","Sibhudeni","Sibhudeni"
"KZN","TRIBAL COUNCIL  NKANDLA","1","500263070","Tribal Council  Nkandla","Tribal Council  Nkandla"
"KZN","TUGELA RAIL","1","500285492","Tugela Rail","Tugela Rail"
"KZN","P/BAG 532","1","500258815","P/Bag 532","P/Bag 532"
"KZN","THOKOZA","1","500258260","Thokoza","Thokoza"
"KZN","GALILE  AREA","1","500285899","Galile  Area","Galile  Area"
"KZN","MBONAMBI RURAL","1","500257742","Mbonambi Rural","Mbonambi Rural"
"KZN","1 RUSSELL STREET","1","500277537","1 Russell Street","1 Russell Street"
"KZN","GREEN CITY","1","500254079","Green City","Green City"
"KZN","ETHULWANE AREA","1","500252858","Ethulwane Area","Ethulwane Area"
"KZN","NEAR SIZANANI PAYPOINT","1","500252229","Near Sizanani Paypoint","Near Sizanani Paypoint"
"KZN","KWA-DLANGEZWA 3886","1","500252266","Kwa Dlangezwa 3886","Kwa Dlangezwa 3886"
"KZN","MFOLOZANE WARD8","1","500252562","Mfolozane Ward8","Mfolozane Ward8"
"KZN","STANGER MANOR","1","500277315","Stanger Manor","Stanger Manor"
"KZN","MANGEZI","1","500247456","Mangezi","Mangezi"
"KZN","KWANOMAHLOSI RESERVE","1","500247604","Kwanomahlosi Reserve","Kwanomahlosi Reserve"
"KZN","OVICENI AREA","1","500245532","Oviceni Area","Oviceni Area"
"KZN","RESERVE WARD 13","1","500242609","Reserve Ward 13","Reserve Ward 13"
"KZN","KWACHWEZI","1","500243238","Kwachwezi","Kwachwezi"
"KZN","P.O. BOX 103","1","500241314","P.O. Box 103","P.O. Box 103"
"KZN","RBM HIGHWAY","1","500242054","Rbm Highway","Rbm Highway"
"KZN","P.O MTHUNZINI","1","500242276","P.O Mthunzini","P.O Mthunzini"
"KZN","KWAZONDI TRIBAL COURT","1","500239575","Kwazondi Tribal Court","Kwazondi Tribal Court"
"KZN","NAMBITHANI","1","500270174","Nambithani","Nambithani"
"KZN","NTNGWE RESERVE","1","500239945","Ntngwe Reserve","Ntngwe Reserve"
"KZN","MHLANA RESERVE","1","500240093","Mhlana Reserve","Mhlana Reserve"
"KZN","C/O LILNDELA","1","500240204","C/O Lilndela","C/O Lilndela"
"KZN","MAKHEHLE SUBWARD","1","500240537","Makhehle Subward","Makhehle Subward"
"KZN","BOX 586","1","500238576","Box 586","Box 586"
"KZN","NSUZE AREA","1","500238650","Nsuze Area","Nsuze Area"
"KZN","CHUNU TRIBAL AUTHORITY","1","500239427","Chunu Tribal Authority","Chunu Tribal Authority"
"KZN","NSELENI","1","500237910","Nseleni","Nseleni"
"KZN","7B","1","500237688","7 B","7 B"
"KZN","OBUKA","1","500237318","Obuka","Obuka"
"KZN","TURN D 255 THEN TAKE D395 TO ENTEMBENI  AREA","1","500233803","Turn D 255 Then Take D395 To Entembeni  Area","Turn D 255 Then Take D395 To Entembeni  Area"
"KZN","MBANGAYIYA RESERVE","1","500231139","Mbangayiya Reserve","Mbangayiya Reserve"
"KZN","EMKHANDLWINI RESERVE","1","500232767","Emkhandlwini Reserve","Emkhandlwini Reserve"
"KZN","NDLANGUBO","1","500235172","Ndlangubo","Ndlangubo"
"KZN","KWA-MTHETHWA AREA","1","500234728","Kwa Mthethwa Area","Kwa Mthethwa Area"
"KZN","NEXT TO BANGINDODO TRIBAL COURT","1","500234062","Next To Bangindodo Tribal Court","Next To Bangindodo Tribal Court"
"KZN","GOSWENI  AREA","1","500248122","Gosweni  Area","Gosweni  Area"
"KZN","KWABHADAZA WARD 3","1","500249861","Kwabhadaza Ward 3","Kwabhadaza Ward 3"
"KZN","EPANGENI","1","500253598","Epangeni","Epangeni"
"KZN","ONGOYE AREA","1","500262811","Ongoye Area","Ongoye Area"
"KZN","MPUNGUSHE STREET","1","500265068","Mpungushe Street","Mpungushe Street"
"KZN","MPUNGOSE TRIBAL AUTHORITY","1","500267843","Mpungose Tribal Authority","Mpungose Tribal Authority"
"KZN","MKHWANAZI TRIBAL AUTHORITY","1","500269434","Mkhwanazi Tribal Authority","Mkhwanazi Tribal Authority"
"KZN","SUNNYDALE","1","500278869","Sunnydale","Sunnydale"
"KZN","WARD 3","1","500282791","Ward 3","Ward 3"
"KZN","THOKOZANI STREET","1","500284049","Thokozani Street","Thokozani Street"
"KZN","KING DINIZULU","1","500285603","King Dinizulu","King Dinizulu"
"KZN","NTULI TRIBAL AUTHORITY","1","500290672","Ntuli Tribal Authority","Ntuli Tribal Authority"
"KZN","TRIBARY AUTHORITY","1","500297924","Tribary Authority","Tribary Authority"
"KZN","EMACEKENI VILLAGE","1","500300884","Emacekeni","Emacekeni"
"KZN","KWA MONDI WARD 13","1","500301994","Kwa Mondi Ward 13","Kwa Mondi Ward 13"
"KZN","EKUKHANYENI TRIBAL  AUTHORITY","1","500304843","Ekukhanyeni Tribal  Authority","Ekukhanyeni Tribal  Authority"
"KZN","NYEMBE RESERVE","1","500307581","Nyembe Reserve","Nyembe Reserve"
"KZN","DONDOTHA RESERVE","1","500307507","Dondotha Reserve","Dondotha Reserve"
"KZN","NDONDWANE","1","500306582","Ndondwane","Ndondwane"
"KZN","GEZINSILA","1","500306656","Gezinsila","Gezinsila"
"KZN","KWANOMAHAYE","1","500308913","Kwanomahaye","Kwanomahaye"
"KZN","EMPHALWINI","1","500309505","Emphalwini","Emphalwini"
"KZN","H2-1482","1","500319384","H2 1482","H2 1482"
"KZN","NAICKERVILLE TOWNSHIP","1","500319828","Naickerville Township","Naickerville Township"
"KZN","MACEKANE RESERVE 2","1","500319865","Macekane Reserve 2","Macekane Reserve 2"
"KZN","MBILENI","1","500320420","Mbileni","Mbileni"
"KZN","MOMBENI TRIBAL AUTHORITY","1","500320235","Mombeni Tribal Authority","Mombeni Tribal Authority"
"KZN","VIA FORT YOLLAND STORE","1","500324897","Via Fort Yolland Store","Via Fort Yolland Store"
"KZN","MANDLAZINIAGRI VILLAGE","1","500326782","Mandlaziniagri","Mandlaziniagri"
"KZN","EMLALAZI","1","500341251","Emlalazi","Emlalazi"
"KZN","THUBALETHU T/SHIP","1","500418211","Thubalethu T/Ship","Thubalethu T/Ship"
"KZN","AMABUYE RESERVE","1","500101306","Amabuye Reserve","Amabuye Reserve"
"KZN","MAQADINI","1","500267547","Maqadini","Maqadini"
"KZN","VULEKA ROAD","1","500102453","Vuleka Road","Vuleka Road"
"KZN","GENZINSILA A","1","500104747","Genzinsila A","Genzinsila A"
"KZN","MACHUNWINI TRIBAL AUTHORITY","1","500109964","Machunwini Tribal Authority","Machunwini Tribal Authority"
"KZN","BULWER FARM","1","500261701","Bulwer Farm","Bulwer Farm"
"KZN","MFANEFILE","1","500115033","Mfanefile","Mfanefile"
"KZN","MTHANDENI  EKHABANE","1","500257594","Mthandeni  Ekhabane","Mthandeni  Ekhabane"
"KZN","VULINDLELA TOWNSHIP","1","500121989","Vulindlela Township","Vulindlela Township"
"KZN","ENXEBENI WARD 9","1","500122655","Enxebeni Ward 9","Enxebeni Ward 9"
"KZN","UPPER  NSELENI","1","500124172","Upper  Nseleni","Upper  Nseleni"
"KZN","WARD 14","1","500124283","Ward 14","Ward 14"
"KZN","AT BHUCANANA","1","500133681","At Bhucanana","At Bhucanana"
"KZN","ESABEKA  RESERVE","1","500133755","Esabeka  Reserve","Esabeka  Reserve"
"KZN","KWAMANGWAZA AREA","1","500135050","Kwamangwaza Area","Kwamangwaza Area"
"KZN","WARD 12","1","500136974","Ward 12","Ward 12"
"KZN","MZIMELA TRADITIONAL COUNCIL","1","500143005","Mzimela Traditional Council","Mzimela Traditional Council"
"KZN","KWAMTHETHWA TRIBAL AUTHORITY","1","500143264","Kwamthethwa Tribal Authority","Kwamthethwa Tribal Authority"
"KZN","MAQELENI AREA","1","500147223","Maqeleni Area","Maqeleni Area"
"KZN","KWAPETTT","1","500151367","Kwapettt","Kwapettt"
"KZN","EMPUNGA","1","500153729","Empunga","Empunga"
"KZN","STREET","1","500156214","Street","Street"
"KZN","NSELENI RESERVE","1","500157731","Nseleni Reserve","Nseleni Reserve"
"KZN","MTHUNGATHA BUS STOP","1","500161098","Mthungatha Bus Stop","Mthungatha Bus Stop"
"KZN","ENIWE","1","500164317","Eniwe","Eniwe"
"KZN","ITHALA AREA","1","500169497","Ithala Area","Ithala Area"
"KZN","ISHOWE","1","500175898","Ishowe","Ishowe"
"KZN","VIA ST MARY'S HOSPITAL","1","500178488","Via St Mary's Hospital","Via St Mary's Hospital"
"KZN","VIA KWAMBONAMBI N2 ROUTE  LOCATED BETWEEN MTUBATU","1","500185407","Via Kwambonambi N2 Route  Located Between Mtubatu","Via Kwambonambi N2 Route  Located Between Mtubatu"
"KZN","C/O LINDELA","1","500192548","C/O Lindela","C/O Lindela"
"KZN","MBONGOLWANE","1","500191882","Mbongolwane","Mbongolwane"
"KZN","NKUNZEBOMVU","1","500197284","Nkunzebomvu","Nkunzebomvu"
"KZN","P O BOX 409","1","500200725","P O Box 409","P O Box 409"
"KZN","KWAQWAYINDUKU RESERVE","1","500200207","Kwaqwayinduku Reserve","Kwaqwayinduku Reserve"
"KZN","NDAYINI AREA","1","500202575","Ndayini Area","Ndayini Area"
"KZN","ESIKHALENI","1","500205498","Esikhaleni","Esikhaleni"
"KZN","MAMBUKA TRADITIONAL AUTHORITY","1","500209420","Mambuka Traditional Authority","Mambuka Traditional Authority"
"KZN","MADLEBE TRIBAL AUTHORITY","1","500208125","Madlebe Tribal Authority","Madlebe Tribal Authority"
"KZN","CHWEZI  AREA","1","500213601","Chwezi  Area","Chwezi  Area"
"KZN","NEXT TO LINDELA STORE","1","500213934","Next To Lindela Store","Next To Lindela Store"
"KZN","COMMUNITY HALL","1","500216524","Community Hall","Community Hall"
"KZN","HLUNGWINI","1","500219484","Hlungwini","Hlungwini"
"KZN","XULU TRIBAL AUTHORITY","1","500221593","Xulu Tribal Authority","Xulu Tribal Authority"
"KZN","P.O SAMUNGU","1","500225515","P.O Samungu","P.O Samungu"
"KZN","BOX 42","1","500229400","Box 42","Box 42"
"KZN","OLD MTUBA ROAD","1","500283790","Old Mtuba Road","Old Mtuba Road"
"KZN","EPITOLI","1","500232656","Epitoli","Epitoli"
"KZN","DRIEFONTEIN TOWNSHIP","1","500253931","Driefontein Township","Driefontein Township"
"KZN","ESIDUMBINI","1","500253450","Esidumbini","Esidumbini"
"KZN","INVERNESS FARM","1","500166648","Inverness Farm","Inverness Farm"
"KZN","SEATIDES","1","500259814","Seatides","Seatides"
"KZN","MAYEKENI AREA, WARD 15","1","500234839","Mayekeni Area, Ward 15","Mayekeni Area, Ward 15"
"KZN","NDULINDE","1","500233359","Ndulinde","Ndulinde"
"KZN","MAIDSTONE VILLAGE","1","500193769","Maidstone","Maidstone"
"KZN","TSHELIMNYAMA","1","500443260","Tshelimnyama","Tshelimnyama"
"KZN","EZIMANGWENI","1","500401931","Ezimangweni","Ezimangweni"
"KZN","SHEMBE BAPTIST CHURCH","1","500402005","Shembe Baptist Church","Shembe Baptist Church"
"KZN","AUCKLAND","1","500401635","Auckland","Auckland"
"KZN","LUTHULI AREA","1","500231250","Luthuli Area","Luthuli Area"
"KZN","ALEXANDER PARK","1","500328042","Alexander Park","Alexander Park"
"KZN","MOUNT EDGECOMBE","1","500328412","Mount Edgecombe","Mount Edgecombe"
"KZN","WESTVILLE NORTH","1","500407555","Westville North","Westville North"
"KZN","NELLIEVALLEY FARM","1","500167018","Nellievalley Farm","Nellievalley Farm"
"KZN","OCEANS","1","500290524","Oceans","Oceans"
"KZN","PO NDWEDWE","1","500233507","Po Ndwedwe","Po Ndwedwe"
"KZN","OZWATHINI MAIN ROAD","1","500235320","Ozwathini Main Road","Ozwathini Main Road"
"KZN","INTO ZINKWAZI ROAD","1","500235801","Into Zinkwazi Road","Into Zinkwazi Road"
"KZN","PINETOWN RURAL","1","500127243","Pinetown Rural","Pinetown Rural"
"KZN","FAIRBREEZE","1","500144041","Fairbreeze","Fairbreeze"
"KZN","ZUBANE TRIBAL AUTHORITY","1","500236726","Zubane Tribal Authority","Zubane Tribal Authority"
"KZN","MASSONDALE FARM","1","500171421","Massondale Farm","Massondale Farm"
"KZN","P.O.MMANGALA","1","500236911","P.O.Mmangala","P.O.Mmangala"
"KZN","KEARSNEY","1","500238428","Kearsney","Kearsney"
"KZN","ROAD NO.D1604","1","500239649","Road No.D1604","Road No.D1604"
"KZN","VIA MANYASENI AREA UPPER UKUMANAZA","1","500196544","Via Manyaseni Area Upper Ukumanaza","Via Manyaseni Area Upper Ukumanaza"
"KZN","WESTMEAD","1","500215303","Westmead","Westmead"
"KZN","SLEEVE-DONALD FARM","1","500172938","Sleeve Donald Farm","Sleeve Donald Farm"
"KZN","LOWER INCHANGA","1","500225996","Lower Inchanga","Lower Inchanga"
"KZN","EMDLEBENI AREA","1","500241388","Emdlebeni Area","Emdlebeni Area"
"KZN","NDLANZI ROAD","1","500224220","Ndlanzi Road","Ndlanzi Road"
"KZN","CAMPBELLSTOWN","1","500223295","Campbellstown","Campbellstown"
"KZN","614 SINEMBE ROAD","1","500244866","614 Sinembe Road","614 Sinembe Road"
"KZN","KWAVUTHA AREA","1","500219521","Kwavutha Area","Kwavutha Area"
"KZN","THIRST FAIRBREEZE FARM","1","500174455","Thirst Fairbreeze Farm","Thirst Fairbreeze Farm"
"KZN","KILKEEL FAIRBREEZE FARM","1","500175787","Kilkeel Fairbreeze Farm","Kilkeel Fairbreeze Farm"
"KZN","GLENDALE TRADING STORE","1","500247197","Glendale Trading Store","Glendale Trading Store"
"KZN","MOUNTVIEW","1","500215636","Mountview","Mountview"
"KZN","MOPHELA","1","500215007","Mophela","Mophela"
"KZN","MNAMATHA","1","500213194","Mnamatha","Mnamatha"
"KZN","MGOQOZI","1","500212417","Mgoqozi","Mgoqozi"
"KZN","MAPHUMULO ROAD(R74)","1","500251859","Maphumulo Road(r74)","Maphumulo Road(r74)"
"KZN","MITHANAGAR","1","500211307","Mithanagar","Mithanagar"
"KZN","OGUNJINI","1","500211492","Ogunjini","Ogunjini"
"KZN","MAPHEPHETHENI AREA","1","500205720","Maphephetheni Area","Maphephetheni Area"
"KZN","CEMETRY","1","500203870","Cemetry","Cemetry"
"KZN","SHELELA AREA","1","500204277","Shelela Area","Shelela Area"
"KZN","KZN","1","500252969","Kzn","Kzn"
"KZN","MZINYATHI ROAD VIA NKANGALA AREA","1","500199356","Mzinyathi Road Via Nkangala Area","Mzinyathi Road Via Nkangala Area"
"KZN","ETETE","1","500254597","Etete","Etete"
"KZN","VIA TUGELA MOUTH NEAR SALVATION ARMY CHURCH","1","500257446","Via Tugela Mouth Near Salvation Army Church","Via Tugela Mouth Near Salvation Army Church"
"KZN","P.O. KWA-MASHU","1","500198690","P.O. Kwa Mashu","P.O. Kwa Mashu"
"KZN","SIGEDLENI","1","500264439","Sigedleni","Sigedleni"
"KZN","NDULINDE AREA","1","500264994","Ndulinde Area","Ndulinde Area"
"KZN","WARD 4 NGCONGANGCONGA AREA","1","500266881","Ward 4 Ngcongangconga Area","Ward 4 Ngcongangconga Area"
"KZN","EMAKHULUSENI AREA","1","500268102","Emakhuluseni Area","Emakhuluseni Area"
"KZN","SOGIDI AREA","1","500272579","Sogidi Area","Sogidi Area"
"KZN","NTSHONGWENI","1","500185000","Ntshongweni","Ntshongweni"
"KZN","BHEKISISA ROAD","1","500184667","Bhekisisa Road","Bhekisisa Road"
"KZN","EMQEKU","1","500182484","Emqeku","Emqeku"
"KZN","464 H MPUMALANGA TOWNSHIP","1","500182003","464 H Mpumalanga Township","464 H Mpumalanga Township"
"KZN","EMALANGENI AREA","1","500273837","Emalangeni Area","Emalangeni Area"
"KZN","ESIKEBHENI","1","500178081","Esikebheni","Esikebheni"
"KZN","STANGER HEIGHTS","1","500277130","Stanger Heights","Stanger Heights"
"KZN","DOESBERG MAIN ROAD","1","500275391","Doesberg Main Road","Doesberg Main Road"
"KZN","AMAOTANA","1","500179561","Amaotana","Amaotana"
"KZN","KWA CHILI TRIBAL AUTHORITY","1","500282939","Kwa Chili Tribal Authority","Kwa Chili Tribal Authority"
"KZN","KWA - NQETHO","1","500173456","Kwa   Nqetho","Kwa   Nqetho"
"KZN","NEAR INANDA SEMINARY","1","500173567","Near Inanda Seminary","Near Inanda Seminary"
"KZN","NGCOLOSI TRIBAL AREA","1","500173641","Ngcolosi Tribal Area","Ngcolosi Tribal Area"
"KZN","DUBANDLELA ROAD","1","500172901","Dubandlela Road","Dubandlela Road"
"KZN","WARD 11 GROUTVILLE","1","500281718","Ward 11 Groutville","Ward 11 Groutville"
"KZN","KWANGCOLOSI","1","500167943","Kwangcolosi","Kwangcolosi"
"KZN","ESIKHELEKEHLENI","1","500166241","Esikhelekehleni","Esikhelekehleni"
"KZN","NTUZUMA  T/SHIP","1","500166537","Ntuzuma  T/Ship","Ntuzuma  T/Ship"
"KZN","OSHIKISHINI AREA","1","500281829","Oshikishini Area","Oshikishini Area"
"KZN","1 MANQOBA DRIVE","1","500164798","1 Manqoba Drive","1 Manqoba Drive"
"KZN","VELANI TOWNSHIP","1","500283975","Velani Township","Velani Township"
"KZN",".","1","500163392",".","."
"KZN","OQAQENI AREA","1","500283901","Oqaqeni Area","Oqaqeni Area"
"KZN","NEXT TO KWATHINTWA SCH. FOR THE DEAF","1","500162023","Next To Kwathintwa Sch. For The Deaf","Next To Kwathintwa Sch. For The Deaf"
"KZN","INANDA GLEBE","1","500161579","Inanda Glebe","Inanda Glebe"
"KZN","MSHAYAZAFE","1","500161653","Mshayazafe","Mshayazafe"
"KZN","GELYKWATER FARM","1","500148074","Gelykwater Farm","Gelykwater Farm"
"KZN","UNTUNJAMBILI","1","500290006","Untunjambili","Untunjambili"
"KZN","RAINHAM","1","500158508","Rainham","Rainham"
"KZN","UMZOKHULAYO AREA","1","500289710","Umzokhulayo Area","Umzokhulayo Area"
"KZN","UMVOZANE TRIBAL MAQADINI","1","500289340","Umvozane Tribal Maqadini","Umvozane Tribal Maqadini"
"KZN","MABOVINI TRIBAL AUTHORITY","1","500293336","Mabovini Tribal Authority","Mabovini Tribal Authority"
"KZN","WANGU","1","500294446","Wangu","Wangu"
"KZN","GRANDMORE","1","500151515","Grandmore","Grandmore"
"KZN","NEAR INSUZE POLICE STATION","1","500296074","Near Insuze Police Station","Near Insuze Police Station"
"KZN","VIMBUKHALO AREA","1","500302697","Vimbukhalo Area","Vimbukhalo Area"
"KZN","GEORGEDALE MISSION","1","500148259","Georgedale Mission","Georgedale Mission"
"KZN","FREDVILLE","1","500145521","Fredville","Fredville"
"KZN","FOREST HILLS","1","500145299","Forest Hills","Forest Hills"
"KZN","AMAMBEDU AREA","1","500302512","Amambedu Area","Amambedu Area"
"KZN","EVEREST HEIGHTS","1","500142672","Everest Heights","Everest Heights"
"KZN","HLOMANTETHE AREA","1","500302956","Hlomantethe Area","Hlomantethe Area"
"KZN","3548 38TH AVENUE","1","500142450","3548 38 Th Avenue","3548 38 Th Avenue"
"KZN","UNIT NORTH","1","500140489","Unit North","Unit North"
"KZN","P.O. INANDA","1","500141599","P.O. Inanda","P.O. Inanda"
"KZN","MACAMBINI","1","500315388","Macambini","Macambini"
"KZN","KWAXIMBA LOCATION","1","500133052","Kwaximba Location","Kwaximba Location"
"KZN","KWAVUMA AREA","1","500311799","Kwavuma Area","Kwavuma Area"
"KZN","DOESBURG ROAD","1","500320716","Doesburg Road","Doesburg Road"
"KZN","NKULULEKO ROAD","1","500129500","Nkululeko Road","Nkululeko Road"
"KZN","KWA DABEKA","1","500128575","Kwa Dabeka","Kwa Dabeka"
"KZN","UNIT 7","1","500125911","Unit 7","Unit 7"
"KZN","NEXT TO KHAZIMULA BOTTLE STORE","1","500323898","Next To Khazimula Bottle Store","Next To Khazimula Bottle Store"
"KZN","EMAMBEDWINI","1","500323676","Emambedwini","Emambedwini"
"KZN","CONGO AREA","1","500120213","Congo Area","Congo Area"
"KZN","NEXT TO WEWE SCHOOL","1","500323565","Next To Wewe School","Next To Wewe School"
"KZN","NDUNA  MAVIMBELA","1","500335405","Nduna  Mavimbela","Nduna  Mavimbela"
"KZN","CANESIDE, PHOENIX","1","500117142","Caneside, Phoenix","Caneside, Phoenix"
"KZN","NGCONGANGCONGA","1","500335331","Ngcongangconga","Ngcongangconga"
"KZN","LOWER MAPHEPHETHENI","1","500116365","Lower Maphephetheni","Lower Maphephetheni"
"KZN","NEXT TO DASSENNHOEK RAILWAY STATION","1","500116402","Next To Dassennhoek Railway Station","Next To Dassennhoek Railway Station"
"KZN","CHESTERVILLE LOCATION","1","500116550","Chesterville Location","Chesterville Location"
"KZN","GROUTVILLE MISSION RESERVE","1","500100677","Groutville Mission Reserve","Groutville Mission Reserve"
"KZN","UMVOTI ROAD","1","500441262","Umvoti Road","Umvoti Road"
"KZN","LEFT TURN AT CATHUZA T/SHOP","1","500497798","Left Turn At Cathuza T/Shop","Left Turn At Cathuza T/Shop"
"KZN","NEAR DLAMINI BUS STOP","1","500104821","Near Dlamini Bus Stop","Near Dlamini Bus Stop"
"KZN","GLENDALE HEIGHTS","1","500109483","Glendale Heights","Glendale Heights"
"KZN","ZINKWAZI","1","500111074","Zinkwazi","Zinkwazi"
"KZN","SUNFORD. PHOENIX","1","500112073","Sunford. Phoenix","Sunford. Phoenix"
"KZN","QADI TRIBAL AUTORITY","1","500111851","Qadi Tribal Autority","Qadi Tribal Autority"
"KZN","FARNINGHAM RIDGE","1","500107152","Farningham Ridge","Farningham Ridge"
"KZN","KWA-XIMBA TRIBAL AUTHORITY","1","500443815","Kwa Ximba Tribal Authority","Kwa Ximba Tribal Authority"
"KZN","TUMUSHA ROAD","1","500105154","Tumusha Road","Tumusha Road"
"KZN","NOORDSBERG   ROAD","1","500119473","Noordsberg   Road","Noordsberg   Road"
"KZN","INFORMAL SETTLEMENT","1","500440929","Informal Settlement","Informal Settlement"
"KZN","KWAMHALI AREA EHLANZENI","1","500104081","Kwamhali Area Ehlanzeni","Kwamhali Area Ehlanzeni"
"KZN","CHILTERN HILLS","1","500104303","Chiltern Hills","Chiltern Hills"
"KZN","UMHLANGA ROCKS","1","500104340","Umhlanga Rocks","Umhlanga Rocks"
"KZN","OHLANGE","1","500102342","Ohlange","Ohlange"
"KZN","UPPER AMANTUNGWA QADI TRIBAL AUTHORITY","1","500102601","Upper Amantungwa Qadi Tribal Authority","Upper Amantungwa Qadi Tribal Authority"
"KZN","WESTHAM","1","500100936","Westham","Westham"
"KZN","NEW GERMANY","1","500171495","New Germany","New Germany"
"KZN","INEMBE ROAD DETOUR 1654","1","500120731","Inembe Road Detour 1654","Inembe Road Detour 1654"
"KZN","ZIBUSE","1","500413734","Zibuse","Zibuse"
"KZN","INANDA MAIN ROAD","1","500414437","Inanda Main Road","Inanda Main Road"
"KZN","ST WENDOLINS","1","500342620","St Wendolins","St Wendolins"
"KZN","MAMBEDWINI TRIBAL AUTHORITY","1","500122322","Mambedwini Tribal Authority","Mambedwini Tribal Authority"
"KZN","EKUNQOBENI AREA","1","500128797","Ekunqobeni Area","Ekunqobeni Area"
"KZN","KWA NYUSWA","1","500306397","Kwa Nyuswa","Kwa Nyuswa"
"KZN","EMNGCWENI AREA","1","500305028","Emngcweni Area","Emngcweni Area"
"KZN","EZITHOLENI KWANYUSWA","1","500306323","Ezitholeni Kwanyuswa","Ezitholeni Kwanyuswa"
"KZN","MARIANNHILL MONASTERY","1","500305990","Mariannhill Monastery","Mariannhill Monastery"
"KZN","NGCONGANGCONGA ROAD","1","500132941","Ngcongangconga Road","Ngcongangconga Road"
"KZN","BESTER CAMP","1","500302586","Bester Camp","Bester Camp"
"KZN","AMAOTI","1","500301624","Amaoti","Amaoti"
"KZN","DOWN TO EMBUSWENI","1","500132238","Down To Embusweni","Down To Embusweni"
"KZN","OFF INANDA ROAD","1","500299478","Off Inanda Road","Off Inanda Road"
"KZN","WOODVIEW","1","500297258","Woodview","Woodview"
"KZN","WEWE","1","500134569","Wewe","Wewe"
"KZN","ISTHUMBA AREA","1","500297739","Isthumba Area","Isthumba Area"
"KZN","WHETSTONE","1","500296148","Whetstone","Whetstone"
"KZN","MABHOBHANE AREA","1","500134495","Mabhobhane Area","Mabhobhane Area"
"KZN","INANDA- NGCONGCWENI","1","500294187","Inanda  Ngcongcweni","Inanda  Ngcongcweni"
"KZN","NO. 130114 KHABAZELA AREA","1","500294244","No. 130114 Khabazela Area","No. 130114 Khabazela Area"
"KZN","P.O. BOX 56","1","500134162","P.O. Box 56","P.O. Box 56"
"KZN","KWA-NYUSWA RESERVE","1","500288600","Kwa Nyuswa Reserve","Kwa Nyuswa Reserve"
"KZN","KUMANAZA SITE NO 409079","1","500289636","Kumanaza Site No 409079","Kumanaza Site No 409079"
"KZN","INANDA TOWNSHIP","1","500289229","Inanda Township","Inanda Township"
"KZN","CONISTON","1","500287897","Coniston","Coniston"
"KZN","EKHATHA AREA","1","500135864","Ekhatha Area","Ekhatha Area"
"KZN","HAMBANATHI","1","500284234","Hambanathi","Hambanathi"
"KZN","ESESE PRIMARY SCHOOL","1","500139675","Esese Primary School","Esese Primary School"
"KZN","RYDALVALE, UNIT 9","1","500279091","Rydalvale, Unit 9","Rydalvale, Unit 9"
"KZN","VIA ALONG TUGELA RIVER","1","500144337","Via Along Tugela River","Via Along Tugela River"
"KZN","NEAR MPUNGENI STORE","1","500147186","Near Mpungeni Store","Near Mpungeni Store"
"KZN","MATHONSI RESERVE","1","500147815","Mathonsi Reserve","Mathonsi Reserve"
"KZN","BOX 3650","1","500276020","Box 3650","Box 3650"
"KZN","MAGEZA AREA","1","500271432","Mageza Area","Mageza Area"
"KZN","GLEDHOW VILLAGE","1","500148962","Gledhow","Gledhow"
"KZN","MARBLE RAY","1","500269989","Marble Ray","Marble Ray"
"KZN","MT.  EDGECOMBE","1","500267732","Mt.  Edgecombe","Mt.  Edgecombe"
"KZN","BOTHA'S HILL","1","500265512","Botha's Hill","Botha's Hill"
"KZN","MDUBU ROAD","1","500263921","Mdubu Road","Mdubu Road"
"KZN","UMZINYATHI MISSION","1","500260369","Umzinyathi Mission","Umzinyathi Mission"
"KZN","FRASERS","1","500258704","Frasers","Frasers"
"KZN","SARNIA","1","500258778","Sarnia","Sarnia"
"KZN","SANDFIELDS","1","500258075","Sandfields","Sandfields"
"KZN","SANKONTSHE","1","500258408","Sankontshe","Sankontshe"
"KZN","TRENANCE MANOR","1","500256743","Trenance Manor","Trenance Manor"
"KZN","UPPER TONGAAT","1","500156066","Upper Tongaat","Upper Tongaat"
"KZN","ROCKFORD","1","500256114","Rockford","Rockford"
"KZN","HLIMITHWA TRIBAL COURT","1","500156991","Hlimithwa Tribal Court","Hlimithwa Tribal Court"
"KZN","REDCLIFFE","1","500254893","Redcliffe","Redcliffe"
"KZN","REDFERN","1","500254930","Redfern","Redfern"
"KZN","PO CLERNAVILLE","1","500248381","Po Clernaville","Po Clernaville"
"KZN","PARKGATE","1","500246235","Parkgate","Parkgate"
"KZN","EWOSI AREA","1","500157842","Ewosi Area","Ewosi Area"
"KZN","KWATHANDAZA (MPUMALANGA T/SHIP)","1","500246790","Kwathandaza (Mpumalanga T/Ship)","Kwathandaza (Mpumalanga T/Ship)"
"KZN","NEAR LUTHARAN CHURCH","1","500242017","Near Lutharan Church","Near Lutharan Church"
"KZN","HAMMERSDALE","1","500237947","Hammersdale","Hammersdale"
"KZN","NKOSENYE ROAD","1","500237392","Nkosenye Road","Nkosenye Road"
"KZN","SIHONQANE ROAD","1","500235838","Sihonqane Road","Sihonqane Road"
"KZN","FAIRBREEZE FAIRBREEZER FARM","1","500144004","Fairbreeze Fairbreezer Farm","Fairbreeze Fairbreezer Farm"
"KZN","OFFTHRINGS POST","1","500161431","Offthrings Post","Offthrings Post"
"KZN","NORTHCROFT","1","500236467","Northcroft","Northcroft"
"KZN","KWAXIMBA","1","500234950","Kwaximba","Kwaximba"
"KZN","COWIES HILL PARK","1","500250416","Cowies Hill Park","Cowies Hill Park"
"KZN","AMATIKWE","1","500268472","Amatikwe","Amatikwe"
"KZN","NYUSWA AREA","1","500269656","Nyuswa Area","Nyuswa Area"
"KZN","UNIT C","1","500268879","Unit C","Unit C"
"KZN","SUMMERVELD","1","500274133","Summerveld","Summerveld"
"KZN","EKUKHANYENI","1","500278462","Ekukhanyeni","Ekukhanyeni"
"KZN","THANDAZA","1","500280238","Thandaza","Thandaza"
"KZN","ROUTE TO MONTOBELLO","1","500163984","Route To Montobello","Route To Montobello"
"KZN","OHLANGA VILLAGE","1","500286306","Ohlanga","Ohlanga"
"KZN","ENGONWENI","1","500283309","Engonweni","Engonweni"
"KZN","CALEDON PARK","1","500297295","Caledon Park","Caledon Park"
"KZN","KWAZIMELE","1","500300662","Kwazimele","Kwazimele"
"KZN","KWA XIMBA","1","500306286","Kwa Ximba","Kwa Ximba"
"KZN","THORNWOOD AREA","1","500324601","Thornwood Area","Thornwood Area"
"KZN","BESTER","1","500413845","Bester","Bester"
"KZN","D 210 SHONGWENI ROAD","1","500100640","D 210 Shongweni Road","D 210 Shongweni Road"
"KZN","P.O GEORGEDALE","1","500102860","P.O Georgedale","P.O Georgedale"
"KZN","HAZELMERE","1","500430162","Hazelmere","Hazelmere"
"KZN","CORNER OF CHARTFORD & AVONFORD CRESCENT","1","500104525","Corner Of Chartford & Avonford Crescent","Corner Of Chartford & Avonford Crescent"
"KZN","WYEBANK ROAD","1","500494357","Wyebank Road","Wyebank Road"
"KZN","UNIT 2","1","500119436","Unit 2","Unit 2"
"KZN","OPP POWER STATION","1","500119214","Opp Power Station","Opp Power Station"
"KZN","LA MERCY","1","500504865","La Mercy","La Mercy"
"KZN","PRIVATE BAG X002","1","500130092","Private Bag X002","Private Bag X002"
"KZN","MOPHELA ROAD","1","500146631","Mophela Road","Mophela Road"
"KZN","UNIT 20, CANESIDE","1","500154105","Unit 20, Caneside","Unit 20, Caneside"
"KZN","AMATATA AREA","1","500160469","Amatata Area","Amatata Area"
"KZN","INANDA MISSION","1","500166315","Inanda Mission","Inanda Mission"
"KZN","STWENDOLINS MISSION","1","500169053","Stwendolins Mission","Stwendolins Mission"
"KZN","FANNIN RD","1","500173345","Fannin Rd","Fannin Rd"
"KZN","NEXT TO MOLWENI SAPS","1","500178044","Next To Molweni Saps","Next To Molweni Saps"
"KZN","MJOJI AREA, OGUNJINI","1","500187331","Mjoji Area, Ogunjini","Mjoji Area, Ogunjini"
"KZN","CAMPERDOWN","1","500188848","Camperdown","Camperdown"
"KZN","NDENGEZI","1","500224886","Ndengezi","Ndengezi"
"KZN","KWATIBA","1","500325452","Kwatiba","Kwatiba"
"KZN","NEWLANDS","1","500290783","Newlands","Newlands"
"KZN","CANELANDS","1","500278758","Canelands","Canelands"
"KZN","INTAPHUKA AREA","1","500166093","Intaphuka Area","Intaphuka Area"
"KZN","2052 LOT A MAKHANYA AREA","1","500184519","2052 Lot A Makhanya Area","2052 Lot A Makhanya Area"
"KZN","HLUHLUWE VILLAGE","1","500193843","Hluhluwe","Hluhluwe"
"KZN","SUNDUMBILI T/SHIP","1","500173974","Sundumbili T/Ship","Sundumbili T/Ship"
"KZN","PO MTHWALUME","1","500407259","Po Mthwalume","Po Mthwalume"
"KZN","EHOQWENI AREA","1","500181226","Ehoqweni Area","Ehoqweni Area"
"KZN","NEAR KWANKOMO STORE","1","500183557","Near Kwankomo Store","Near Kwankomo Store"
"KZN","NSINGWENI TRIBAL COURT","1","500183372","Nsingweni Tribal Court","Nsingweni Tribal Court"
"KZN","VULAMEHLO RURAL","1","500103600","Vulamehlo Rural","Vulamehlo Rural"
"KZN","MELVILLE LINK ROAD","1","500184556","Melville Link Road","Melville Link Road"
"KZN","HYPERPARK FARM","1","500188034","Hyperpark Farm","Hyperpark Farm"
"KZN","SAWOTI","1","500155807","Sawoti","Sawoti"
"KZN","MERLEWOOD","1","500207903","Merlewood","Merlewood"
"KZN","PORTSHEPSTONE","1","500227365","Portshepstone","Portshepstone"
"KZN","AMAHWAQA","1","500230066","Amahwaqa","Amahwaqa"
"KZN","MTHWALUME, WARD 16","1","500226070","Mthwalume, Ward 16","Mthwalume, Ward 16"
"KZN","14 KM FROM IMFUME MISSION","1","500224664","14 Km From Imfume Mission","14 Km From Imfume Mission"
"KZN","NTSHAWINI","1","500187294","Ntshawini","Ntshawini"
"KZN","KWANDELU","1","500222185","Kwandelu","Kwandelu"
"KZN","NEAR SOSHENI STORE","1","500219299","Near Sosheni Store","Near Sosheni Store"
"KZN","KWAXOLO AREA","1","500219373","Kwaxolo Area","Kwaxolo Area"
"KZN","KWANYUSWA LOCATION","1","500218448","Kwanyuswa Location","Kwanyuswa Location"
"KZN","KRANTZKLOOF","1","500189588","Krantzkloof","Krantzkloof"
"KZN","MTHWALUME LOCATION","1","500220298","Mthwalume Location","Mthwalume Location"
"KZN","MURCHISON LOCATION","1","500220816","Murchison Location","Murchison Location"
"KZN","NDWEDWE MISSION","1","500191290","Ndwedwe Mission","Ndwedwe Mission"
"KZN","MNAMANE AREA","1","500191512","Mnamane Area","Mnamane Area"
"KZN","MALANGENI AREA","1","500210345","Malangeni Area","Malangeni Area"
"KZN","GCILIMA","1","500210123","Gcilima","Gcilima"
"KZN","GROOTVLEI FARM","1","500185777","Grootvlei Farm","Grootvlei Farm"
"KZN","MGAI LOCATION","1","500209013","Mgai Location","Mgai Location"
"KZN","IRELAND SECTION","1","500196026","Ireland Section","Ireland Section"
"KZN","VERDIET FARM","1","500186221","Verdiet Farm","Verdiet Farm"
"KZN","MACAMBINI TRIBAL AUTHORITY","1","500196840","Macambini Tribal Authority","Macambini Tribal Authority"
"KZN","MDUMEZULU  RESERVE","1","500206608","Mdumezulu  Reserve","Mdumezulu  Reserve"
"KZN","MADLALA","1","500205165","Madlala","Madlala"
"KZN","C/O DUDUDU","1","500205683","C/O Dududu","C/O Dududu"
"KZN","VIA BETANIA","1","500202612","Via Betania","Via Betania"
"KZN","SHIYABANYE T/AUTHORITY","1","500203093","Shiyabanye T/Authority","Shiyabanye T/Authority"
"KZN","IZIBONDA TRIBAL AUTHORITY","1","500204166","Izibonda Tribal Authority","Izibonda Tribal Authority"
"KZN","MANGETE","1","500196729","Mangete","Mangete"
"KZN","MARIS STELLA MISSION","1","500199652","Maris Stella Mission","Maris Stella Mission"
"KZN","KWA MBOTHO","1","500199948","Kwa Mbotho","Kwa Mbotho"
"KZN","NDWEDWE, WARD 19","1","500197506","Ndwedwe, Ward 19","Ndwedwe, Ward 19"
"KZN","NEAR UMZUMBE MAGISTRATE","1","500196322","Near Umzumbe Magistrate","Near Umzumbe Magistrate"
"KZN","NKULU WARD 36","1","500197469","Nkulu Ward 36","Nkulu Ward 36"
"KZN","ST. FAITHS","1","500194768","St. Faiths","St. Faiths"
"KZN","SWARTKOP FARM","1","500191216","Swartkop Farm","Swartkop Farm"
"KZN","SONKOMBO AREA","1","500197395","Sonkombo Area","Sonkombo Area"
"KZN","AMANDAWE MISSION","1","500193399","Amandawe Mission","Amandawe Mission"
"KZN","3 IZINGOLWENI LOCATION","1","500192104","3 Izingolweni Location","3 Izingolweni Location"
"KZN","AMAQADI TRADITIONAL AUTHORITY","1","500198579","Amaqadi Traditional Authority","Amaqadi Traditional Authority"
"KZN","LOUISIANA","1","500187775","Louisiana","Louisiana"
"KZN","PO BOX 35241","1","500183150","Po Box 35241","Po Box 35241"
"KZN","WINKELSPRUIT","1","500183631","Winkelspruit","Winkelspruit"
"KZN","PONGOLO LOCATION","1","500183224","Pongolo Location","Pongolo Location"
"KZN","WARD","1","500184038","Ward","Ward"
"KZN","ENTUKWINI","1","500179894","Entukwini","Entukwini"
"KZN","NEWTOWN WARD 22","1","500180116","Newtown Ward 22","Newtown Ward 22"
"KZN","UMGWEMPISI","1","500180671","Umgwempisi","Umgwempisi"
"KZN","ECHIBINI PLACE","1","500181152","Echibini Place","Echibini Place"
"KZN","WARD 13 UMZUMBE MUNICIPALITY","1","500178377","Ward 13 Umzumbe Municipality","Ward 13 Umzumbe Municipality"
"KZN","KWAJALI","1","500177563","Kwajali","Kwajali"
"KZN","NEXT TO UMTHAMVUNA RIVER","1","500175417","Next To Umthamvuna River","Next To Umthamvuna River"
"KZN","SEKAMPANENG","1","500342805","Sekampaneng","Sekampaneng"
"KZN","N2 MAIN HARDING ROAD","1","500342842","N2 Main Harding Road","N2 Main Harding Road"
"KZN","IMPUNGA NO 2","1","500172716","Impunga No 2","Impunga No 2"
"KZN","962","1","500170866","962","962"
"KZN","DLOVINGA WARD 31","1","500170459","Dlovinga Ward 31","Dlovinga Ward 31"
"KZN","NODWENGU AREA","1","500198875","Nodwengu Area","Nodwengu Area"
"KZN","NYAMAZANE  HILL","1","500203315","Nyamazane  Hill","Nyamazane  Hill"
"KZN","MAYELESWENI AREA","1","500203056","Mayelesweni Area","Mayelesweni Area"
"KZN","1636 BRAAKWATER FARM","1","500201354","1636 Braakwater Farm","1636 Braakwater Farm"
"KZN","MISTACK FARM","1","500169349","Mistack Farm","Mistack Farm"
"KZN","JERICHO LOCATION","1","500168165","Jericho Location","Jericho Location"
"KZN","KWANDWALANE TRIBAL AUTHORITY","1","500166722","Kwandwalane Tribal Authority","Kwandwalane Tribal Authority"
"KZN","PADDOCK  ROAD","1","500165723","Paddock  Road","Paddock  Road"
"KZN","SHAKAVILLE","1","500202501","Shakaville","Shakaville"
"KZN","MANTUNGWENI AREA","1","500201835","Mantungweni Area","Mantungweni Area"
"KZN","VULAMEHLO","1","500163022","Vulamehlo","Vulamehlo"
"KZN","ISITHEBE RESERVE","1","500205609","Isithebe Reserve","Isithebe Reserve"
"KZN","KWAMBUTHUMA","1","500161875","Kwambuthuma","Kwambuthuma"
"KZN","UMGOLOMI WARD","1","500160358","Umgolomi Ward","Umgolomi Ward"
"KZN","WARD-7","1","500160617","Ward 7","Ward 7"
"KZN","MELVILLE","1","500207459","Melville","Melville"
"KZN","MKHOBA WARD 8","1","500159988","Mkhoba Ward 8","Mkhoba Ward 8"
"KZN","ESIGODANENI WARD 32","1","500160025","Esigodaneni Ward 32","Esigodaneni Ward 32"
"KZN","MTHWALUME","1","500159248","Mthwalume","Mthwalume"
"KZN","VULINDLELA TRIBAL AUTHORITY","1","500159507","Vulindlela Tribal Authority","Vulindlela Tribal Authority"
"KZN","THALENI","1","500157990","Thaleni","Thaleni"
"KZN","NEXT TO GCILIMA CLINIC","1","500147482","Next To Gcilima Clinic","Next To Gcilima Clinic"
"KZN","KWAMACHI   T/A","1","500147297","Kwamachi   T/A","Kwamachi   T/A"
"KZN","SANTOMBE","1","500146594","Santombe","Santombe"
"KZN","VIA SOUL CITY ROAD","1","500140193","Via Soul City Road","Via Soul City Road"
"KZN","NEAR ENHLANHLENI B.STORE","1","500145780","Near Enhlanhleni B.Store","Near Enhlanhleni B.Store"
"KZN","MANSOMINI AREA","1","500208051","Mansomini Area","Mansomini Area"
"KZN","PADDOCK ROAD","1","500143893","Paddock Road","Paddock Road"
"KZN","BIZANA MAIN ROAD","1","500142561","Bizana Main Road","Bizana Main Road"
"KZN","KWAJALI LOCATION","1","500141451","Kwajali Location","Kwajali Location"
"KZN","KWANYUSWA EMAHLABATHINI","1","500138861","Kwanyuswa Emahlabathini","Kwanyuswa Emahlabathini"
"KZN","GANGALA WARD 10","1","500138898","Gangala Ward 10","Gangala Ward 10"
"KZN","NKOTHANENI WARD 8","1","500138935","Nkothaneni Ward 8","Nkothaneni Ward 8"
"KZN","NEAR OSIZWENI TOTAL GARAGE","1","500137196","Near Osizweni Total Garage","Near Osizweni Total Garage"
"KZN","UMZINTO 4200","1","500137492","Umzinto 4200","Umzinto 4200"
"KZN","BRAEMER AREA","1","500137640","Braemer Area","Braemer Area"
"KZN","ENGOLELENI","1","500138010","Engoleleni","Engoleleni"
"KZN","ALONG ST FAITHS ROAD","1","500134606","Along St Faiths Road","Along St Faiths Road"
"KZN","BHULUSHE WARD 17","1","500208236","Bhulushe Ward 17","Bhulushe Ward 17"
"KZN","MTHALENI, MABHELENI","1","500130018","Mthaleni, Mabheleni","Mthaleni, Mabheleni"
"KZN","VIA THAFAMASI AREA","1","500210752","Via Thafamasi Area","Via Thafamasi Area"
"KZN","INKANGALA LOCATION","1","500127317","Inkangala Location","Inkangala Location"
"KZN","DWESHULA LOCATION","1","500125763","Dweshula Location","Dweshula Location"
"KZN","KWA NGCAZOLO","1","500126466","Kwa Ngcazolo","Kwa Ngcazolo"
"KZN","DUNYWA PRIMARY SCHOOL","1","500125060","Dunywa Primary School","Dunywa Primary School"
"KZN","NEAR UMKHUNYA COMMUNITY HALL","1","500124209","Near Umkhunya Community Hall","Near Umkhunya Community Hall"
"KZN","MBECUKA LOCATION WARD 29","1","500123580","Mbecuka Location Ward 29","Mbecuka Location Ward 29"
"KZN","MUNICIPALITY AMAHWAQA","1","500123654","Municipality Amahwaqa","Municipality Amahwaqa"
"KZN","WARD 9","1","500122359","Ward 9","Ward 9"
"KZN","DEYI  MIISSION","1","500120916","Deyi  Miission","Deyi  Miission"
"KZN","KWAMADLALA","1","500120768","Kwamadlala","Kwamadlala"
"KZN","KI MGIGIMBE","1","500209494","Ki Mgigimbe","Ki Mgigimbe"
"KZN","BEHIND VUSUSHABA STORE","1","500118067","Behind Vusushaba Store","Behind Vusushaba Store"
"KZN","PORT EDWARD","1","500499611","Port Edward","Port Edward"
"KZN","GAMALAKHE-A","1","500113294","Gamalakhe A","Gamalakhe A"
"KZN","NEAR DLAKATHI STORE","1","500215858","Near Dlakathi Store","Near Dlakathi Store"
"KZN","MALANGENI","1","500111370","Malangeni","Malangeni"
"KZN","MTHOMBISA AREA","1","500218522","Mthombisa Area","Mthombisa Area"
"KZN","NONGIDI WARD","1","500109816","Nongidi Ward","Nongidi Ward"
"KZN","BAPHUMILE ROAD","1","500105783","Baphumile Road","Baphumile Road"
"KZN","OFF, ST. FAITHS ROAD","1","500106708","Off, St. Faiths Road","Off, St. Faiths Road"
"KZN","NEAR NKOMO  STORE","1","500217819","Near Nkomo  Store","Near Nkomo  Store"
"KZN","BANGIBIZO AREA","1","500105339","Bangibizo Area","Bangibizo Area"
"KZN","P 728 OLD MAIN ROAD","1","500102971","P 728 Old Main Road","P 728 Old Main Road"
"KZN","DUDUDU ROAD NEAR UCCSA","1","500101750","Dududu Road Near Uccsa","Dududu Road Near Uccsa"
"KZN","MGAYI AREA","1","500101417","Mgayi Area","Mgayi Area"
"KZN","NHLANGWINI TRIBAL AUTHORITY","1","500338365","Nhlangwini Tribal Authority","Nhlangwini Tribal Authority"
"KZN","IZINGOLWENI WARD 36","1","500322566","Izingolweni Ward 36","Izingolweni Ward 36"
"KZN","JOHNSDALE","1","500322048","Johnsdale","Johnsdale"
"KZN","MESATSHWA","1","500225552","Mesatshwa","Mesatshwa"
"KZN","DUMISA","1","500323084","Dumisa","Dumisa"
"KZN","ELLINGHAM OLWASINI","1","500321197","Ellingham Olwasini","Ellingham Olwasini"
"KZN","MAHWAQA LOCATION,","1","500318903","Mahwaqa Location,","Mahwaqa Location,"
"KZN","OSWANINI","1","500307951","Oswanini","Oswanini"
"KZN","NKANYEZINI ROAD","1","500307988","Nkanyezini Road","Nkanyezini Road"
"KZN","1340 KAALVLAKTE FARM","1","500131794","1340 Kaalvlakte Farm","1340 Kaalvlakte Farm"
"KZN","TUGELA","1","500226810","Tugela","Tugela"
"KZN","FIFE ROAD","1","500304547","Fife Road","Fife Road"
"KZN","P.O BOX 312","1","500201095","P.O Box 312","P.O Box 312"
"KZN","DUNUSE LOCATION","1","500297443","Dunuse Location","Dunuse Location"
"KZN","P.O. MALANGENI","1","500294150","P.O. Malangeni","P.O. Malangeni"
"KZN","P.O UMZUMBE","1","500288896","P.O Umzumbe","P.O Umzumbe"
"KZN","VALE ROAD","1","500289599","Vale Road","Vale Road"
"KZN","UMGETANE","1","500198431","Umgetane","Umgetane"
"KZN","TOFFET","1","500283568","Toffet","Toffet"
"KZN","OSHABENI","1","500286824","Oshabeni","Oshabeni"
"KZN","NTWASHINI AREA","1","500175602","Ntwashini Area","Ntwashini Area"
"KZN","OSLO BEACH","1","500278314","Oslo Beach","Oslo Beach"
"KZN","EMABHELENI LOCATION WARD 12","1","500278203","Emabheleni Location Ward 12","Emabheleni Location Ward 12"
"KZN","OFF MAIN ROAD","1","500274984","Off Main Road","Off Main Road"
"KZN","SIPHOFU AREA","1","500274022","Siphofu Area","Siphofu Area"
"KZN","WARD 13 INDUMAKUDE","1","500272653","Ward 13 Indumakude","Ward 13 Indumakude"
"KZN","KWAMBOTHO","1","500270692","Kwambotho","Kwambotho"
"KZN","BOBHOXI LOCATION","1","500266955","Bobhoxi Location","Bobhoxi Location"
"KZN","IZINGOLWENI WARD","1","500266437","Izingolweni Ward","Izingolweni Ward"
"KZN","DUNJAZANE WARD 23","1","500264069","Dunjazane Ward 23","Dunjazane Ward 23"
"KZN","THUVUKEZI","1","500262885","Thuvukezi","Thuvukezi"
"KZN","MATHULINI TRIBAL AUTHORITY","1","500262922","Mathulini Tribal Authority","Mathulini Tribal Authority"
"KZN","ISITHUNDU","1","500169016","Isithundu","Isithundu"
"KZN","SHAYAMOYA TOWNSHIP","1","500261516","Shayamoya Township","Shayamoya Township"
"KZN","SEZELA","1","500260998","Sezela","Sezela"
"KZN","QWABE TRIBAL AUTHORITY","1","500159951","Qwabe Tribal Authority","Qwabe Tribal Authority"
"KZN","LIONSGROVE","1","500254486","Lionsgrove","Lionsgrove"
"KZN","EKWAZI LOCATION","1","500245606","Ekwazi Location","Ekwazi Location"
"KZN","MORRISON'S AREA","1","500242683","Morrison's Area","Morrison's Area"
"KZN","QINABOUT","1","500243164","Qinabout","Qinabout"
"KZN","UMUZIWABANTU MUNICIPALITY","1","500238724","Umuziwabantu Municipality","Umuziwabantu Municipality"
"KZN","INGWEMABALA","1","500235875","Ingwemabala","Ingwemabala"
"KZN","OATLANDS FARM","1","500236652","Oatlands Farm","Oatlands Farm"
"KZN","NOMAKHANZANA AREA","1","500234506","Nomakhanzana Area","Nomakhanzana Area"
"KZN","LILLY ROAD","1","500256521","Lilly Road","Lilly Road"
"KZN","P.O UMBUMBULU","1","500258667","P.O Umbumbulu","P.O Umbumbulu"
"KZN","TOPHET VILLAGE","1","500259259","Tophet","Tophet"
"KZN","DORINGKOP RD","1","500158989","Doringkop Rd","Doringkop Rd"
"KZN","IMFUME ROAD","1","500266622","Imfume Road","Imfume Road"
"KZN","EMAHLONGWA AREA","1","500121508","Emahlongwa Area","Emahlongwa Area"
"KZN","DEYI MISSION","1","500269804","Deyi Mission","Deyi Mission"
"KZN","UMKHUNYA","1","500269175","Umkhunya","Umkhunya"
"KZN","INDUNDUMA AREA NEAR TO L B KHWELA","1","500269064","Indunduma Area Near To L B Khwela","Indunduma Area Near To L B Khwela"
"KZN","VULAMEHLO ODIDINI","1","500278351","Vulamehlo Odidini","Vulamehlo Odidini"
"KZN","MANZAMHLOPHE","1","500282606","Manzamhlophe","Manzamhlophe"
"KZN","GUDWINI VILLAGE","1","500293780","Gudwini","Gudwini"
"KZN","SALT ROCK","1","500504125","Salt Rock","Salt Rock"
"KZN","TURN RIGHT AMAZULU STORE","1","500300847","Turn Right Amazulu Store","Turn Right Amazulu Store"
"KZN","NIKWE WARD 5","1","500308654","Nikwe Ward 5","Nikwe Ward 5"
"KZN","KWAXOLO TRIABAL ATHORITY","1","500319051","Kwaxolo Triabal Athority","Kwaxolo Triabal Athority"
"KZN","KENTERTON","1","500323047","Kenterton","Kenterton"
"KZN","REDCLIFF ROAD","1","500328188","Redcliff Road","Redcliff Road"
"KZN","GODLOZA WARD","1","500334739","Godloza Ward","Godloza Ward"
"KZN","UBUHLEBEZWE RURAL","1","500337144","Ubuhlebezwe Rural","Ubuhlebezwe Rural"
"KZN","BREAMER RURAL ROAD P69","1","500337218","Breamer Rural Road P69","Breamer Rural Road P69"
"KZN","HLANTI STORE","1","500338254","Hlanti Store","Hlanti Store"
"KZN","ASHVILLE","1","500103859","Ashville","Ashville"
"KZN","EXTENSION 3","1","500429866","Extension 3","Extension 3"
"KZN","MORRISON","1","500113257","Morrison","Morrison"
"KZN","MDLAZI LOCATION","1","500125615","Mdlazi Location","Mdlazi Location"
"KZN","NSIMBINI LOCATION","1","500146816","Nsimbini Location","Nsimbini Location"
"KZN","GAMALAKHE LOCATION","1","500146853","Gamalakhe Location","Gamalakhe Location"
"KZN","AMANDAWE","1","500152514","Amandawe","Amandawe"
"KZN","EMAWANI","1","500153069","Emawani","Emawani"
"KZN","R605 ROAD","1","500156954","R605 Road","R605 Road"
"KZN","BETANIA LOCATION","1","500163762","Betania Location","Betania Location"
"KZN","NDAYIKAZI LOCATION","1","500165464","Ndayikazi Location","Ndayikazi Location"
"KZN","KWAQWABE","1","500173900","Kwaqwabe","Kwaqwabe"
"KZN","BANGIBIZO","1","500179376","Bangibizo","Bangibizo"
"KZN","UMTWALUME","1","500178858","Umtwalume","Umtwalume"
"KZN","KWANZIMAKWE LOCATION","1","500180745","Kwanzimakwe Location","Kwanzimakwe Location"
"KZN","WARD 19/MNAFU AREA","1","500189218","Ward 19/Mnafu Area","Ward 19/Mnafu Area"
"KZN","NEXT TO MABHELENI TRIBAL COURT","1","500190180","Next To Mabheleni Tribal Court","Next To Mabheleni Tribal Court"
"KZN","KWANDELA LOCATION","1","500190328","Kwandela Location","Kwandela Location"
"KZN","NEAR LANGQENGQE TAXI RANK","1","500204832","Near Langqengqe Taxi Rank","Near Langqengqe Taxi Rank"
"KZN","UPPERMELLVILLE","1","500206164","Uppermellville","Uppermellville"
"KZN","MVUTSHINI","1","500212898","Mvutshini","Mvutshini"
"KZN","MAGOG LOCATION","1","500213860","Magog Location","Magog Location"
"KZN","WARD 05","1","500223036","Ward 05","Ward 05"
"KZN","UMZINTO HEIGHTS","1","500259407","Umzinto Heights","Umzinto Heights"
"KZN","P.O. BOX 3324","1","500306730","P.O. Box 3324","P.O. Box 3324"
"KZN","NEXT TO EMMANUEL ROMAN CHURCH","1","500400969","Next To Emmanuel Roman Church","Next To Emmanuel Roman Church"
"KZN","SAPEKOE TEA ESTATE","1","500258556","Sapekoe Tea Estate","Sapekoe Tea Estate"
"KZN","PIONEER PARK","1","500123432","Pioneer Park","Pioneer Park"
"KZN","CRAIGIEBURN ESTATE","1","500279572","Craigieburn Estate","Craigieburn Estate"
"KZN","MPOFANA","1","500279794","Mpofana","Mpofana"
"KZN","NEXT TO RIVERSIDE FARM","1","500280978","Next To Riverside Farm","Next To Riverside Farm"
"KZN","FOXHILL","1","500271210","Foxhill","Foxhill"
"KZN","MHLANGANDLOVU","1","500286935","Mhlangandlovu","Mhlangandlovu"
"KZN","PO BOX 45 UMLAAS ROAD","1","500193806","Po Box 45 Umlaas Road","Po Box 45 Umlaas Road"
"KZN","DSS ROCKYS DRIFT TRUST TRUST","1","500401968","Dss Rockys Drift Trust Trust","Dss Rockys Drift Trust Trust"
"KZN","ISLAND SECTION,","1","500270396","Island Section,","Island Section,"
"KZN","NKWEZELA","1","500448921","Nkwezela","Nkwezela"
"KZN","SECTION 2","1","500203537","Section 2","Section 2"
"KZN","ECHIBINI LOCATION","1","500228512","Echibini Location","Echibini Location"
"KZN","NONGUQA LOCATION","1","500224405","Nonguqa Location","Nonguqa Location"
"KZN","VIA GREYTOWN","1","500341547","Via Greytown","Via Greytown"
"KZN","BROUGHTON PLACE","1","500100603","Broughton Place","Broughton Place"
"KZN","ZANZANE VILLAGE","1","500104044","Zanzane","Zanzane"
"KZN","COOL AIR","1","500117919","Cool Air","Cool Air"
"KZN","ROAD P 729","1","500224738","Road P 729","Road P 729"
"KZN","ROSEBANK FARM","1","500127724","Rosebank Farm","Rosebank Farm"
"KZN","ZASHUKE T/A","1","500224035","Zashuke T/A","Zashuke T/A"
"KZN","MOY FARM","1","500215784","Moy Farm","Moy Farm"
"KZN","STAFFORD HILL","1","500220964","Stafford Hill","Stafford Hill"
"KZN","IXOPO RURAL DISTRICT","1","500195952","Ixopo Rural District","Ixopo Rural District"
"KZN","MAYORSWALK","1","500154771","Mayorswalk","Mayorswalk"
"KZN","MGXOBELENI LOCATION","1","500187035","Mgxobeleni Location","Mgxobeleni Location"
"KZN","STONEY RIDGE ROAD","1","500190254","Stoney Ridge Road","Stoney Ridge Road"
"KZN","PELHAM,","1","500199726","Pelham,","Pelham,"
"KZN","EMAKHUZENI","1","500193288","Emakhuzeni","Emakhuzeni"
"KZN","NEXT TO EMBO CLINIC","1","500228105","Next To Embo Clinic","Next To Embo Clinic"
"KZN","11 LAURISTON EAST N FARM","1","500215266","11 Lauriston East N Farm","11 Lauriston East N Farm"
"KZN","NEXT TO NAGLE DAM","1","500227143","Next To Nagle Dam","Next To Nagle Dam"
"KZN","UMSHWATHI","1","500226551","Umshwathi","Umshwathi"
"KZN","UMSHWATHI RURAL","1","500226588","Umshwathi Rural","Umshwathi Rural"
"KZN","THORNVILLE","1","500226218","Thornville","Thornville"
"KZN","TURN RIGHT","1","500224775","Turn Right","Turn Right"
"KZN","IMBALI STAGE2","1","500224294","Imbali Stage2","Imbali Stage2"
"KZN","CENTRAL TOWN","1","500226884","Central Town","Central Town"
"KZN","KWAMLABA AREA","1","500223073","Kwamlaba Area","Kwamlaba Area"
"KZN","P.M.B.","1","500223110","P.M.B.","P.M.B."
"KZN","NEAR VULISAKA STORE","1","500222111","Near Vulisaka Store","Near Vulisaka Store"
"KZN","BEHIND EDENDALE HOSPITAL","1","500219114","Behind Edendale Hospital","Behind Edendale Hospital"
"KZN","ENGWEGWE AREA","1","500219447","Engwegwe Area","Engwegwe Area"
"KZN","NAGLEDAM ROAD","1","500216043","Nagledam Road","Nagledam Road"
"KZN","WARD 8","1","500188959","Ward 8","Ward 8"
"KZN","HIGHFLATS FARM","1","500183779","Highflats Farm","Highflats Farm"
"KZN","EMQATSHENI AREA","1","500181966","Emqatsheni Area","Emqatsheni Area"
"KZN","MOO RIVER","1","500216968","Moo River","Moo River"
"KZN","R56 MAIN ROAD RICHMOND","1","500212380","R56 Main Road Richmond","R56 Main Road Richmond"
"KZN","KRUISFONTEIN FARM","1","500210974","Kruisfontein Farm","Kruisfontein Farm"
"KZN","HIDCOTE","1","500211048","Hidcote","Hidcote"
"KZN","ODLAMENI NKANYEZINI.SECTION","1","500211603","Odlameni Nkanyezini.Section","Odlameni Nkanyezini.Section"
"KZN","EMPUNGA RURAL","1","500161357","Empunga Rural","Empunga Rural"
"KZN","EMGODI LOCATION","1","500161209","Emgodi Location","Emgodi Location"
"KZN","VUMUKWENZA","1","500205239","Vumukwenza","Vumukwenza"
"KZN","C/O BREDASFONTEIN STORE","1","500205276","C/O Bredasfontein Store","C/O Bredasfontein Store"
"KZN","P.M.BURG","1","500205424","P.M.Burg","P.M.Burg"
"KZN","EMAULENI NKWEZELA","1","500124024","Emauleni Nkwezela","Emauleni Nkwezela"
"KZN","MAQONGQO TABLE MOUNTAIN","1","500198912","Maqongqo Table Mountain","Maqongqo Table Mountain"
"KZN","MANTSHOLWANE","1","500197543","Mantsholwane","Mantsholwane"
"KZN","LOTHENI AREA","1","500195434","Lotheni Area","Lotheni Area"
"KZN","VIA MACHOBENI AREA","1","500193362","Via Machobeni Area","Via Machobeni Area"
"KZN","MAGODA ROAD","1","500192400","Magoda Road","Magoda Road"
"KZN","KWADLIDLI","1","500121397","Kwadlidli","Kwadlidli"
"KZN","INGWE RURAL","1","500185629","Ingwe Rural","Ingwe Rural"
"KZN","MBALENHLE AREA","1","500184408","Mbalenhle Area","Mbalenhle Area"
"KZN","INADI TRIBAL AUTHORITY - VULINDLELA","1","500183409","Inadi Tribal Authority   Vulindlela","Inadi Tribal Authority   Vulindlela"
"KZN","BAYNESFIELD","1","500181781","Baynesfield","Baynesfield"
"KZN","NEXT TO INADI TRIBAL COURT","1","500182225","Next To Inadi Tribal Court","Next To Inadi Tribal Court"
"KZN","KWA_NOSHEZI","1","500182521","Kwa Noshezi","Kwa Noshezi"
"KZN","KWAMADLALA LOCATION","1","500180190","Kwamadlala Location","Kwamadlala Location"
"KZN","LIONS RIVER","1","500181072","Lions River","Lions River"
"KZN","NUNGWANE AREA","1","500179709","Nungwane Area","Nungwane Area"
"KZN","BHONGWENI LOC","1","500494505","Bhongweni Loc","Bhongweni Loc"
"KZN","BHONGWENI","1","500114478","Bhongweni","Bhongweni"
"KZN","EMPETHU","1","500175158","Empethu","Empethu"
"KZN","COPESVILLE","1","500342731","Copesville","Copesville"
"KZN","STEPMORE AREA","1","500174381","Stepmore Area","Stepmore Area"
"KZN","NCWADI LOCATION","1","500171865","Ncwadi Location","Ncwadi Location"
"KZN","HAZA LOCATION","1","500171939","Haza Location","Haza Location"
"KZN","KAMEEL HOEK","1","500172235","Kameel Hoek","Kameel Hoek"
"KZN","PANORAMA GARDENS","1","500171199","Panorama Gardens","Panorama Gardens"
"KZN","UMHLABASHANA","1","500113923","Umhlabashana","Umhlabashana"
"KZN","DARGLE","1","500169904","Dargle","Dargle"
"KZN","DEEPDALE STATION","1","500168868","Deepdale Station","Deepdale Station"
"KZN","RALODI LOCATION","1","500429644","Ralodi Location","Ralodi Location"
"KZN","KWAGWIJENDLWINI","1","500428238","Kwagwijendlwini","Kwagwijendlwini"
"KZN","EMAROMENI","1","500164169","Emaromeni","Emaromeni"
"KZN","TUMBLEWEED","1","500158767","Tumbleweed","Tumbleweed"
"KZN","BUCKHAWBROW FARM","1","500158471","Buckhawbrow Farm","Buckhawbrow Farm"
"KZN","GUGWINI (WARD 14)","1","500426943","Gugwini (Ward 14)","Gugwini (Ward 14)"
"KZN","MABHELENI AREA","1","500158027","Mabheleni Area","Mabheleni Area"
"KZN","INZINGA","1","500158212","Inzinga","Inzinga"
"KZN","P. O LOURDES","1","500426277","P. O Lourdes","P. O Lourdes"
"KZN","11170 GOMANE AREA","1","500156806","11170 Gomane Area","11170 Gomane Area"
"KZN","PO HOHA","1","500425130","Po Hoha","Po Hoha"
"KZN","OFAFA LOCATION","1","500322899","Ofafa Location","Ofafa Location"
"KZN","RIGHT TURN D1123","1","500154660","Right Turn D1123","Right Turn D1123"
"KZN","KWASHANGE AREAKWASHANGE AREA","1","500154697","Kwashange Areakwashange Area","Kwashange Areakwashange Area"
"KZN","DAMBUZA ROAD","1","500154734","Dambuza Road","Dambuza Road"
"KZN","NCWADI","1","500152440","Ncwadi","Ncwadi"
"KZN","P 728 GULUBE  AREA","1","500152625","P 728 Gulube  Area","P 728 Gulube  Area"
"KZN","MAIN ROAD TO IMPENDLE VILLAGE","1","500150960","Main Road To Impendle","Main Road To Impendle"
"KZN","CHIBINI","1","500323010","Chibini","Chibini"
"KZN","ENKELABANTWANA","1","500308136","Enkelabantwana","Enkelabantwana"
"KZN","VIA KILMUN STORES","1","500308284","Via Kilmun Stores","Via Kilmun Stores"
"KZN","MOOIPLAAS FARM","1","500145410","Mooiplaas Farm","Mooiplaas Farm"
"KZN","NEXT TO CEKAZI PRIMARY SCHOOL","1","500308247","Next To Cekazi Primary School","Next To Cekazi Primary School"
"KZN","KWAZIBUSELE AREA","1","500140600","Kwazibusele Area","Kwazibusele Area"
"KZN","WATERFALL ROAD","1","500140378","Waterfall Road","Waterfall Road"
"KZN","VIA INDALENI MISSION","1","500140785","Via Indaleni Mission","Via Indaleni Mission"
"KZN","MT. WEST","1","500141044","Mt. West","Mt. West"
"KZN","EKUPHOLENI WARD 11","1","500136493","Ekupholeni Ward 11","Ekupholeni Ward 11"
"KZN","GEZUBUSO","1","500135568","Gezubuso","Gezubuso"
"KZN","OFF RICHMOND ROAD","1","500132053","Off Richmond Road","Off Richmond Road"
"KZN","EFAYE LOCATION","1","500130721","Efaye Location","Efaye Location"
"KZN","C/O INHLAZUKA","1","500127206","C/O Inhlazuka","C/O Inhlazuka"
"KZN","DALTON","1","500127021","Dalton","Dalton"
"KZN","MADADIYELA STORE","1","500308432","Madadiyela Store","Madadiyela Store"
"KZN","1ST SCHOOL ON YOUR LEFT","1","500122174","1 St School On Your Left","1 St School On Your Left"
"KZN","BETHLEHEM LOCATION","1","500299367","Bethlehem Location","Bethlehem Location"
"KZN","DARGL FARM E","1","500119954","Dargl Farm E","Dargl Farm E"
"KZN","ISANGCWABA LOCATION","1","500286676","Isangcwaba Location","Isangcwaba Location"
"KZN","TOWN HILL","1","500118104","Town Hill","Town Hill"
"KZN","FARM NO. 25 DARGLE","1","500118215","Farm No. 25 Dargle","Farm No. 25 Dargle"
"KZN","UMLAAS ROAD","1","500118289","Umlaas Road","Umlaas Road"
"KZN","NOMALANGA RESERVE","1","500118511","Nomalanga Reserve","Nomalanga Reserve"
"KZN","R103,CAVERSHAM ROAD","1","500118844","R103,Caversham Road","R103,Caversham Road"
"KZN","CURRY'S POST SHOP","1","500118955","Curry's Post Shop","Curry's Post Shop"
"KZN","DALTON AREA","1","500119547","Dalton Area","Dalton Area"
"KZN","NDWEDWE RURAL","1","500117364","Ndwedwe Rural","Ndwedwe Rural"
"KZN","HAYFIELDS","1","500493876","Hayfields","Hayfields"
"KZN","KHANYA VILLAGE","1","500115107","Khanya","Khanya"
"KZN","KILMUN","1","500271950","Kilmun","Kilmun"
"KZN","ANATHULI TRIBALAREA","1","500113590","Anathuli Tribalarea","Anathuli Tribalarea"
"KZN","KWAHLAFUNA","1","500268065","Kwahlafuna","Kwahlafuna"
"KZN","ST PAUL'S ESTATE","1","500112776","St Paul's Estate","St Paul's Estate"
"KZN","OTTO'S BLUFF ROAD","1","500112887","Otto's Bluff Road","Otto's Bluff Road"
"KZN","HLOKOZI CLINIC","1","500234543","Hlokozi Clinic","Hlokozi Clinic"
"KZN","PMB","1","500444814","Pmb","Pmb"
"KZN","EDENDALE EAST","1","500443963","Edendale East","Edendale East"
"KZN","VULINDLELA AREA","1","500108336","Vulindlela Area","Vulindlela Area"
"KZN","KWANOKWEJALOCATION","1","500234210","Kwanokwejalocation","Kwanokwejalocation"
"KZN","CO MASELEKWINI  AREA","1","500106412","Co Maselekwini  Area","Co Maselekwini  Area"
"KZN","NEAR  SEVONTEIN  PRISON","1","500442224","Near  Sevontein  Prison","Near  Sevontein  Prison"
"KZN","EHHASHINI AREA","1","500442261","Ehhashini Area","Ehhashini Area"
"KZN","ATHLONE","1","500104266","Athlone","Athlone"
"KZN","D 959 BHOBHOBHO","1","500235542","D 959 Bhobhobho","D 959 Bhobhobho"
"KZN","P.O. BOX 6","1","500103341","P.O. Box 6","P.O. Box 6"
"KZN","OPPOSITE SIKHULILE SECONDARY","1","500102638","Opposite Sikhulile Secondary","Opposite Sikhulile Secondary"
"KZN","ALLANDALE","1","500100862","Allandale","Allandale"
"KZN","PMB CENTRAL","1","500101047","Pmb Central","Pmb Central"
"KZN","PMBURG","1","500422873","Pmburg","Pmburg"
"KZN","KWAMYELELE,ESIKHOTHO AREA","1","500343656","Kwamyelele,Esikhotho Area","Kwamyelele,Esikhotho Area"
"KZN","EZIPHAMBATHINI","1","500342509","Eziphambathini","Eziphambathini"
"KZN","CANNAN","1","500341880","Cannan","Cannan"
"KZN","GRAVEL ROAD THE SCHOOL IS ON THE LEFT","1","500239168","Gravel Road The School Is On The Left","Gravel Road The School Is On The Left"
"KZN","EMBOTHIMUNITRIBALATHORITY","1","500306064","Embothimunitribalathority","Embothimunitribalathority"
"KZN","NEAR ZONDI STORE","1","500302068","Near Zondi Store","Near Zondi Store"
"KZN","KILMUN AREA, D200","1","500238169","Kilmun Area, D200","Kilmun Area, D200"
"KZN","EBHOBHONONO","1","500288785","Ebhobhonono","Ebhobhonono"
"KZN","NEW GREYTOWN ROAD","1","500288859","New Greytown Road","New Greytown Road"
"KZN","MPANGISA VILLAGE","1","500283864","Mpangisa","Mpangisa"
"KZN","KWA-GAYE","1","500284678","Kwa Gaye","Kwa Gaye"
"KZN","P.O.BOX 793","1","500253968","P.O.Box 793","P.O.Box 793"
"KZN","EKUKHANYENI AREA","1","500286491","Ekukhanyeni Area","Ekukhanyeni Area"
"KZN","ETSHENI NEAR  TRIBAL COURT","1","500286713","Etsheni Near  Tribal Court","Etsheni Near  Tribal Court"
"KZN","CLINIC","1","500281940","Clinic","Clinic"
"KZN","DROEWIG AREA","1","500256706","Droewig Area","Droewig Area"
"KZN","THE GRANGE","1","500280941","The Grange","The Grange"
"KZN","VEZOKUHLE TRIBAL AUTHORITY","1","500257964","Vezokuhle Tribal Authority","Vezokuhle Tribal Authority"
"KZN","ROAD D1126  TAYLORS HALT","1","500279609","Road D1126  Taylors Halt","Road D1126  Taylors Halt"
"KZN","NEWHOLME","1","500279313","Newholme","Newholme"
"KZN","SWEETWATERS AREA","1","500279202","Sweetwaters Area","Sweetwaters Area"
"KZN","AND RIGHT AT D1141","1","500273652","And Right At D1141","And Right At D1141"
"KZN","SLANGSPRUIT","1","500272172","Slangspruit","Slangspruit"
"KZN","BEKEZELA STORE","1","500269323","Bekezela Store","Bekezela Store"
"KZN","IMBALI UNIT 3","1","500266215","Imbali Unit 3","Imbali Unit 3"
"KZN","NEAR AMAKHOLWA HIGH SCHOOL","1","500266252","Near Amakholwa High School","Near Amakholwa High School"
"KZN","GANESOKENI-MGWAGWA","1","500265549","Ganesokeni Mgwagwa","Ganesokeni Mgwagwa"
"KZN","KWAPHUPHA","1","500265882","Kwaphupha","Kwaphupha"
"KZN","OGAGWINI AREA","1","500265031","Ogagwini Area","Ogagwini Area"
"KZN","PHATHENI CLINIC","1","500264143","Phatheni Clinic","Phatheni Clinic"
"KZN","MPOPHOMENI TOWNSHIP","1","500264217","Mpophomeni Township","Mpophomeni Township"
"KZN","IGOXE AREA","1","500259000","Igoxe Area","Igoxe Area"
"KZN","MACHIBISA","1","500263107","Machibisa","Machibisa"
"KZN","NEAR BHAMSHELA RANK","1","500263144","Near Bhamshela Rank","Near Bhamshela Rank"
"KZN","CITY","1","500262330","City","City"
"KZN","STOP NO.8 OPHOKWENI","1","500258445","Stop No.8 Ophokweni","Stop No.8 Ophokweni"
"KZN","DAMBUZA","1","500258519","Dambuza","Dambuza"
"KZN","WARDHILL FARM","1","500256447","Wardhill Farm","Wardhill Farm"
"KZN","NAPIERVILLE","1","500250305","Napierville","Napierville"
"KZN","KWA-MAHLEKA / EZIMNWINI","1","500251378","Kwa Mahleka / Ezimnwini","Kwa Mahleka / Ezimnwini"
"KZN","PRESTBURY","1","500251452","Prestbury","Prestbury"
"KZN","KWA-DEDA AREA","1","500252340","Kwa Deda Area","Kwa Deda Area"
"KZN","BOX 102","1","500259777","Box 102","Box 102"
"KZN","SHAYAMOYA","1","500260850","Shayamoya","Shayamoya"
"KZN","KWANYAVU TRIBAL","1","500247641","Kwanyavu Tribal","Kwanyavu Tribal"
"KZN","ESIGCAKINI","1","500260702","Esigcakini","Esigcakini"
"KZN","WINDY HILL ROAD","1","500246864","Windy Hill Road","Windy Hill Road"
"KZN","ORIENT HEIGHTS","1","500244570","Orient Heights","Orient Heights"
"KZN","FARM TURN RIGHT INTO SCHOOL","1","500261331","Farm Turn Right Into School","Farm Turn Right Into School"
"KZN","GUBESHE ROAD","1","500241573","Gubeshe Road","Gubeshe Road"
"KZN","SIPHAHLENI","1","500266918","Siphahleni","Siphahleni"
"KZN","MAQONGQO LOCATION","1","500235912","Maqongqo Location","Maqongqo Location"
"KZN","NORTHERN PARK","1","500236282","Northern Park","Northern Park"
"KZN","SPRING","1","500274873","Spring","Spring"
"KZN","MAFUNZE","1","500231361","Mafunze","Mafunze"
"KZN","WARD 39 MSUNDUZI MUNICIPALITY","1","500239057","Ward 39 Msunduzi Municipality","Ward 39 Msunduzi Municipality"
"KZN","CENTRAL","1","500256632","Central","Central"
"KZN","EGCEBENI AREA","1","500261442","Egcebeni Area","Egcebeni Area"
"KZN","INADI TRIBAL AUTHORITY","1","500262589","Inadi Tribal Authority","Inadi Tribal Authority"
"KZN","MADWALENI, SWEETWATERS","1","500269952","Madwaleni, Sweetwaters","Madwaleni, Sweetwaters"
"KZN","GOMANE","1","500270507","Gomane","Gomane"
"KZN","P O SOBANTU","1","500272468","P O Sobantu","P O Sobantu"
"KZN","OPPOSITE ST BERNARD MISSION","1","500275169","Opposite St Bernard Mission","Opposite St Bernard Mission"
"KZN","NXAMALALA","1","500289192","Nxamalala","Nxamalala"
"KZN","NEAR LION PARK","1","500289969","Near Lion Park","Near Lion Park"
"KZN","IMBALI STAGE  2","1","500298775","Imbali Stage  2","Imbali Stage  2"
"KZN","VIA FAWN LEAS","1","500304806","Via Fawn Leas","Via Fawn Leas"
"KZN","MACSAME","1","500312761","Macsame","Macsame"
"KZN","CAMPS DRIFT","1","500328299","Camps Drift","Camps Drift"
"KZN","BERRY HILL","1","500335220","Berry Hill","Berry Hill"
"KZN","JOLIVET NEAR JOLIVET EDUC CENTRE","1","500274096","Jolivet Near Jolivet Educ Centre","Jolivet Near Jolivet Educ Centre"
"KZN","LEONARD","1","500274947","Leonard","Leonard"
"KZN","GOMANE AREA","1","500103674","Gomane Area","Gomane Area"
"KZN","D- APPROX. KM","1","500277093","D  Approx. Km","D  Approx. Km"
"KZN","TAFULENI","1","500109261","Tafuleni","Tafuleni"
"KZN","MIDILLOVO","1","500125726","Midillovo","Midillovo"
"KZN","KWAMNYANDU","1","500135420","Kwamnyandu","Kwamnyandu"
"KZN","MALIZAYO","1","500146187","Malizayo","Malizayo"
"KZN","GREENDALE PARK","1","500158619","Greendale Park","Greendale Park"
"KZN","HOWICK WEST","1","500158730","Howick West","Howick West"
"KZN","MAGODA","1","500158915","Magoda","Magoda"
"KZN","KWANYAVU","1","500164095","Kwanyavu","Kwanyavu"
"KZN","KWANOSHEZI","1","500163577","Kwanoshezi","Kwanoshezi"
"KZN","INKUMANE","1","500165131","Inkumane","Inkumane"
"KZN","VIA NGCONGO STORE","1","500169127","Via Ngcongo Store","Via Ngcongo Store"
"KZN","AZALEA ROAD","1","500182891","Azalea Road","Azalea Road"
"KZN","MAFUNZE LOCATION","1","500185259","Mafunze Location","Mafunze Location"
"KZN","BOUGHTON","1","500186998","Boughton","Boughton"
"KZN","SMILOBAR LOCATION","1","500189070","Smilobar Location","Smilobar Location"
"KZN","PO EMBUTHWENI","1","500191253","Po Embuthweni","Po Embuthweni"
"KZN","NTSHIYABANTU","1","500191697","Ntshiyabantu","Ntshiyabantu"
"KZN","COOL AIR MAIN ROAD DALTON","1","500201391","Cool Air Main Road Dalton","Cool Air Main Road Dalton"
"KZN","KWANOVUKA","1","500200984","Kwanovuka","Kwanovuka"
"KZN","ESTEZI","1","500203278","Estezi","Estezi"
"KZN","PIERTERMARITZBURG","1","500205905","Piertermaritzburg","Piertermaritzburg"
"KZN","KWA-NXAMALALA LOCATION","1","500205831","Kwa Nxamalala Location","Kwa Nxamalala Location"
"KZN","IMBALI UNIT DD","1","500207015","Imbali Unit Dd","Imbali Unit Dd"
"KZN","D158","1","500213749","D158","D158"
"KZN","NKALA ROAD","1","500217264","Nkala Road","Nkala Road"
"KZN","MPOLWENI","1","500217153","Mpolweni","Mpolweni"
"KZN","VIA SWEETWATERS","1","500216006","Via Sweetwaters","Via Sweetwaters"
"KZN","SEVEN OAKS","1","500216487","Seven Oaks","Seven Oaks"
"KZN","VIA FAWNLEAS","1","500220927","Via Fawnleas","Via Fawnleas"
"KZN","SWEETWATERS LOCATION","1","500218633","Sweetwaters Location","Sweetwaters Location"
"KZN","VULINDLELA","1","500219262","Vulindlela","Vulindlela"
"KZN","NGCEDOMHLOPHE HALL","1","500227587","Ngcedomhlophe Hall","Ngcedomhlophe Hall"
"KZN","LOTHENI","1","500230029","Lotheni","Lotheni"
"KZN","MANOR","1","500227069","Manor","Manor"
"KZN","MPUMUZA LOCATION","1","500138491","Mpumuza Location","Mpumuza Location"
"KZN","PIETERMARITZBURG CENTRAL","1","500275428","Pietermaritzburg Central","Pietermaritzburg Central"
"KZN","535 BOOM STREET","1","500244126","535 Boom Street","535 Boom Street"
"KZN","RONDEHOEK FARM","1","500227513","Rondehoek Farm","Rondehoek Farm"
"KZN","NEAR MAVELA STORE","1","500193880","Near Mavela Store","Near Mavela Store"
"KZN","ENDLONDLWENI RESERVE","1","500193954","Endlondlweni Reserve","Endlondlweni Reserve"
"KZN","FRIESGEWAAGDE FARM","1","500226107","Friesgewaagde Farm","Friesgewaagde Farm"
"KZN","IDUBE STREET","1","500446035","Idube Street","Idube Street"
"KZN","NEAR ZANGOMENI SHOP","1","500446257","Near Zangomeni Shop","Near Zangomeni Shop"
"KZN","NEAR PHELANDABA","1","500343027","Near Phelandaba","Near Phelandaba"
"KZN","NONJINJIKAZI PRIMART SCHOOL","1","500341288","Nonjinjikazi Primart School","Nonjinjikazi Primart School"
"KZN","NDONYANE MISSION","1","500276316","Ndonyane Mission","Ndonyane Mission"
"KZN","GUDLUCINGO WARD 6","1","500276427","Gudlucingo Ward 6","Gudlucingo Ward 6"
"KZN","MAKHASA RESERVE","1","500442779","Makhasa Reserve","Makhasa Reserve"
"KZN","NORMANDIEN HOPE FARM","1","500223406","Normandien Hope Farm","Normandien Hope Farm"
"KZN","P.O BOX","1","500147926","P.O Box","P.O Box"
"KZN","THEMBALEHTU VILLAGE UMKUZE","1","500220372","Thembalehtu Village Umkuze","Thembalehtu Village Umkuze"
"KZN","UNDER MNGOMEZULU TRIBAL AUTHORITY","1","500223147","Under Mngomezulu Tribal Authority","Under Mngomezulu Tribal Authority"
"KZN","BREARY FARM","1","500218929","Breary Farm","Breary Farm"
"KZN","MAKHOLWENI VILLAGE","1","500280645","Makholweni","Makholweni"
"KZN","KOPPIE ALLEEN FARM","1","500191660","Koppie Alleen Farm","Koppie Alleen Farm"
"KZN","KROMELLENBOOG FARM","1","500177489","Kromellenboog Farm","Kromellenboog Farm"
"KZN","KWATHUNZI","1","500283679","Kwathunzi","Kwathunzi"
"KZN","NEAR EGAGASINI","1","500217967","Near Egagasini","Near Egagasini"
"KZN","NEXT TO GUMEDE STORE","1","500218818","Next To Gumede Store","Next To Gumede Store"
"KZN","DRIVE+-4KM","1","500283827","Drive+ 4 Km","Drive+ 4 Km"
"KZN","NEAR NGWANE LIQUOR STORE","1","500219817","Near Ngwane Liquor Store","Near Ngwane Liquor Store"
"KZN","NEXT TO AFRICA CENTRE","1","500220039","Next To Africa Centre","Next To Africa Centre"
"KZN","EASTON FARM","1","500283420","Easton Farm","Easton Farm"
"KZN","MUTHIDLWE AREA","1","500220890","Muthidlwe Area","Muthidlwe Area"
"KZN","MPELENYANE AREA","1","500216117","Mpelenyane Area","Mpelenyane Area"
"KZN","455 KINGSLEY FARM","1","500176120","455 Kingsley Farm","455 Kingsley Farm"
"KZN","KWANHLAMVU","1","500218189","Kwanhlamvu","Kwanhlamvu"
"KZN","ST FAITHS ROAD","1","500287638","St Faiths Road","St Faiths Road"
"KZN","KWAMSANE TOWNSHIP","1","500213490","Kwamsane Township","Kwamsane Township"
"KZN","VIA MAKATINI CLINIC","1","500212158","Via Makatini Clinic","Via Makatini Clinic"
"KZN","KWAYANGENI  AREA","1","500210604","Kwayangeni  Area","Kwayangeni  Area"
"KZN","FALSE BAY","1","500210634","False Bay","False Bay"
"KZN","NEXT TO MSIYANE HIGH","1","500208902","Next To Msiyane High","Next To Msiyane High"
"KZN","BEHIND ZAMIMPILO MARKET","1","500208791","Behind Zamimpilo Market","Behind Zamimpilo Market"
"KZN","MFAKUBHEKA","1","500208310","Mfakubheka","Mfakubheka"
"KZN","TRADITIONAL AUTHORITY","1","500203019","Traditional Authority","Traditional Authority"
"KZN","NEXT TO MBODLA STORE","1","500204573","Next To Mbodla Store","Next To Mbodla Store"
"KZN","WYARDS","1","500288563","Wyards","Wyards"
"KZN","KWA - NGWANASE","1","500198653","Kwa   Ngwanase","Kwa   Ngwanase"
"KZN","MASHABANE T/ A","1","500197691","Mashabane T/ A","Mashabane T/ A"
"KZN","P.O. BOX 54","1","500198098","P.O. Box 54","P.O. Box 54"
"KZN","/THOKAZI RESIDANTIAL","1","500195915","/Thokazi Residantial","/Thokazi Residantial"
"KZN","MDLETSHE TRADITIONAL AUTHORITY","1","500194805","Mdletshe Traditional Authority","Mdletshe Traditional Authority"
"KZN","MAMFENE AREA","1","500195767","Mamfene Area","Mamfene Area"
"KZN","ESIBHOJENI RESERVE","1","500191623","Esibhojeni Reserve","Esibhojeni Reserve"
"KZN","ALONG THE ROAD TO NDUMO GAME RESERVE","1","500194176","Along The Road To Ndumo Game Reserve","Along The Road To Ndumo Game Reserve"
"KZN","NEXT TO METHODIST CHURCH","1","500192696","Next To Methodist Church","Next To Methodist Church"
"KZN","VOGELVLEI","1","500292522","Vogelvlei","Vogelvlei"
"KZN","400 M NEAR ZULUVUKA STORE","1","500190698","400 M Near Zuluvuka Store","400 M Near Zuluvuka Store"
"KZN","EMANYISENI AREA","1","500188219","Emanyiseni Area","Emanyiseni Area"
"KZN","DOWN TO KWASHUKELA AREA","1","500183446","Down To Kwashukela Area","Down To Kwashukela Area"
"KZN","MSHUDU CLINIC THEN","1","500181744","Mshudu Clinic Then","Mshudu Clinic Then"
"KZN","P.O. BOX 2","1","500180523","P.O. Box 2","P.O. Box 2"
"KZN","8 KM NORTH OF MBAZWANA","1","500180893","8 Km North Of Mbazwana","8 Km North Of Mbazwana"
"KZN","D622 PROCEED TO SCHOOL","1","500294483","D622 Proceed To School","D622 Proceed To School"
"KZN","MTHAMBALALA  AREA","1","500179302","Mthambalala  Area","Mthambalala  Area"
"KZN","EMANYISENI WARD","1","500175454","Emanyiseni Ward","Emanyiseni Ward"
"KZN","BHIDLA TRIBAL COUNCIL","1","500294113","Bhidla Tribal Council","Bhidla Tribal Council"
"KZN","NEAR NTAMU STORE","1","500171310","Near Ntamu Store","Near Ntamu Store"
"KZN","D626 +- 6 KM FROM KOKSTAD TO EASTERN CAPE","1","500295741","D626 +  6 Km From Kokstad To Eastern Cape","D626 +  6 Km From Kokstad To Eastern Cape"
"KZN","ISIHLLLANGWINI AREA","1","500168017","Isihlllangwini Area","Isihlllangwini Area"
"KZN","PHONDWENI AREA","1","500167795","Phondweni Area","Phondweni Area"
"KZN","MAKOPINI AREA","1","500167388","Makopini Area","Makopini Area"
"KZN","KWASMOLLO AREA","1","500166500","Kwasmollo Area","Kwasmollo Area"
"KZN","RES.12","1","500163503","Res.12","Res.12"
"KZN","NEXT TO MBOZA CLINIC","1","500157176","Next To Mboza Clinic","Next To Mboza Clinic"
"KZN","DONNYBROOK RURAL DISTRICT","1","500296999","Donnybrook Rural District","Donnybrook Rural District"
"KZN","INDLOVU VILLAGE","1","500155252","Indlovu","Indlovu"
"KZN","NEAR INHLWATHI MISSION","1","500152588","Near Inhlwathi Mission","Near Inhlwathi Mission"
"KZN","ENSOLWENI AREA","1","500152662","Ensolweni Area","Ensolweni Area"
"KZN","BHONGWENI LOCATION","1","500297850","Bhongweni Location","Bhongweni Location"
"KZN","MACAMBENI AREA","1","500145595","Macambeni Area","Macambeni Area"
"KZN","MASHABANE","1","500140008","Mashabane","Mashabane"
"KZN","KWATHATHANE LOCATION","1","500302031","Kwathathane Location","Kwathathane Location"
"KZN","NEAR SODWANA BAY","1","500140970","Near Sodwana Bay","Near Sodwana Bay"
"KZN","ESIBONGILE AREA","1","500139712","Esibongile Area","Esibongile Area"
"KZN","ENTWENI SUB-AREA","1","500138787","Entweni Sub Area","Entweni Sub Area"
"KZN","MPUKUNYONI   RESERVE","1","500136049","Mpukunyoni   Reserve","Mpukunyoni   Reserve"
"KZN","NEAR KOSI MOUTH","1","500137751","Near Kosi Mouth","Near Kosi Mouth"
"KZN","ENDLOVINI VILLAGE","1","500136789","Endlovini","Endlovini"
"KZN","MTANENKOSI AREA","1","500136826","Mtanenkosi Area","Mtanenkosi Area"
"KZN","EMPHAYENI PRIMARY","1","500134051","Emphayeni Primary","Emphayeni Primary"
"KZN","EMTHONJENI AREA","1","500134902","Emthonjeni Area","Emthonjeni Area"
"KZN","3969","1","500132312","3969","3969"
"KZN","NYAMANE HIGH SCHOOL","1","500133237","Nyamane High School","Nyamane High School"
"KZN","MYENI TRIBAL AUTHORITY","1","500131313","Myeni Tribal Authority","Myeni Tribal Authority"
"KZN","PRIVATE BAG X2204","1","500131350","Private Bag X2204","Private Bag X2204"
"KZN","MATHENJWA TRIBAL/ A INGWAVUMA","1","500131868","Mathenjwa Tribal/ A Ingwavuma","Mathenjwa Tribal/ A Ingwavuma"
"KZN","D1923 EKUPHINDISENI  AREA","1","500128908","D1923 Ekuphindiseni  Area","D1923 Ekuphindiseni  Area"
"KZN","KWAMAKHASA","1","500129019","Kwamakhasa","Kwamakhasa"
"KZN","P.O.BOX 177","1","500129537","P.O.Box 177","P.O.Box 177"
"KZN","EMAFA RESERVE","1","500130351","Emafa Reserve","Emafa Reserve"
"KZN","KWA JOBE","1","500128353","Kwa Jobe","Kwa Jobe"
"KZN","PO BOX 104","1","500308395","Po Box 104","Po Box 104"
"KZN","NEXT TO DUFFSROAD TEAROOM","1","500127502","Next To Duffsroad Tearoom","Next To Duffsroad Tearoom"
"KZN","WARD 13, ROAD D 2329","1","500126022","Ward 13, Road D 2329","Ward 13, Road D 2329"
"KZN","NEAR SBAYA LAKE","1","500124468","Near Sbaya Lake","Near Sbaya Lake"
"KZN","NEAR HLUHLUWE DAM","1","500123987","Near Hluhluwe Dam","Near Hluhluwe Dam"
"KZN","NEXT TO ESIYEMBENI CLINIC","1","500120990","Next To Esiyembeni Clinic","Next To Esiyembeni Clinic"
"KZN","EZIMPISINI","1","500496799","Ezimpisini","Ezimpisini"
"KZN","R612 DONNYBROOK ROAD","1","500316353","R612 Donnybrook Road","R612 Donnybrook Road"
"KZN","EKUTHUKUZENI","1","500111407","Ekuthukuzeni","Ekuthukuzeni"
"KZN","P.O BOX 600","1","500108299","P.O Box 600","P.O Box 600"
"KZN","OTHANDWENI CHURCH","1","500108743","Othandweni Church","Othandweni Church"
"KZN","GUNJANENI","1","500108669","Gunjaneni","Gunjaneni"
"KZN","EMFEKAYI AREA","1","500109631","Emfekayi Area","Emfekayi Area"
"KZN","QONGWANE","1","500444037","Qongwane","Qongwane"
"KZN","MAKATINI FLAT","1","500105524","Makatini Flat","Makatini Flat"
"KZN","KWANDONGENI","1","500441558","Kwandongeni","Kwandongeni"
"KZN","NONDABUYA","1","500441780","Nondabuya","Nondabuya"
"KZN","EKUTHUKUZENI AREA","1","500441817","Ekuthukuzeni Area","Ekuthukuzeni Area"
"KZN","NEXT TO MALI STORE","1","500441928","Next To Mali Store","Next To Mali Store"
"KZN","NEAR BOOM GATE","1","500102527","Near Boom Gate","Near Boom Gate"
"KZN","NKOMBOSE AREA","1","500101898","Nkombose Area","Nkombose Area"
"KZN","EZIBAYENI ROAD","1","500410367","Ezibayeni Road","Ezibayeni Road"
"KZN","JOZINI MUNICIPALITY","1","500327413","Jozini Municipality","Jozini Municipality"
"KZN","NEXT TO HOLY FAMILY PRIMARY","1","500325970","Next To Holy Family Primary","Next To Holy Family Primary"
"KZN","ESIKWAKWANENI","1","500325230","Esikwakwaneni","Esikwakwaneni"
"KZN","MZINENE AREA","1","500318422","Mzinene Area","Mzinene Area"
"KZN","NKWALINI MANGUZI","1","500310985","Nkwalini Manguzi","Nkwalini Manguzi"
"KZN","OPPOSITE  MALARIA C0NTROL CAMP","1","500314463","Opposite  Malaria C0 Ntrol Camp","Opposite  Malaria C0 Ntrol Camp"
"KZN","VIA EMFIHLWENI SCHOOL","1","500314611","Via Emfihlweni School","Via Emfihlweni School"
"KZN","EMUNYWANA AREA","1","500310504","Emunywana Area","Emunywana Area"
"KZN","P.O BOX 423","1","500310245","P.O Box 423","P.O Box 423"
"KZN","MAHLAKWE","1","500310319","Mahlakwe","Mahlakwe"
"KZN","VIA LIBUYILE PRIMARY SCHOOL","1","500309838","Via Libuyile Primary School","Via Libuyile Primary School"
"KZN","ST LUCIA","1","500307285","St Lucia","St Lucia"
"KZN","UMKHOMAZANA TAXI RANK","1","500323862","Umkhomazana Taxi Rank","Umkhomazana Taxi Rank"
"KZN","NEXT TO GUGULETHU STORE","1","500307100","Next To Gugulethu Store","Next To Gugulethu Store"
"KZN","EZWENELISHA","1","500306915","Ezwenelisha","Ezwenelisha"
"KZN","SOMKHELE ROAD","1","500295186","Somkhele Road","Somkhele Road"
"KZN","ON THE WAY TO HLUHLUWETURN LEFT TO ROAD D464 TURN","1","500291153","On The Way To Hluhluweturn Left To Road D464 Turn","On The Way To Hluhluweturn Left To Road D464 Turn"
"KZN","UBOMBO MAGISTERIAL DISTRIC","1","500290043","Ubombo Magisterial Distric","Ubombo Magisterial Distric"
"KZN","DUKUDUKU","1","500285862","Dukuduku","Dukuduku"
"KZN","KWAMAHLUNGULU AREA","1","500275983","Kwamahlungulu Area","Kwamahlungulu Area"
"KZN","KWA-MSANE WARD","1","500270322","Kwa Msane Ward","Kwa Msane Ward"
"KZN","NEAR GEDLEZA CLINIC","1","500267954","Near Gedleza Clinic","Near Gedleza Clinic"
"KZN","MYEKI AREA","1","500267177","Myeki Area","Myeki Area"
"KZN","SHIKISHELA RESERVE","1","500262108","Shikishela Reserve","Shikishela Reserve"
"KZN","P. O BOX 500","1","500261109","P. O Box 500","P. O Box 500"
"KZN","WARD 16","1","500258371","Ward 16","Ward 16"
"KZN","KWAMYEKI","1","500254042","Kwamyeki","Kwamyeki"
"KZN","QOMUKUPHILA","1","500253561","Qomukuphila","Qomukuphila"
"KZN","SODWANA BAY ROAD","1","500253746","Sodwana Bay Road","Sodwana Bay Road"
"KZN","INHLWATHI","1","500249898","Inhlwathi","Inhlwathi"
"KZN","MATSHAMNYAMA  ROAD","1","500250157","Matshamnyama  Road","Matshamnyama  Road"
"KZN","OLD ROAD TO EZIMAMBENI GATE, GAME RESERVE","1","500252118","Old Road To Ezimambeni Gate, Game Reserve","Old Road To Ezimambeni Gate, Game Reserve"
"KZN","PHOHLO RESERVE","1","500249269","Phohlo Reserve","Phohlo Reserve"
"KZN","OPHONDWENI RESERVE","1","500248344","Ophondweni Reserve","Ophondweni Reserve"
"KZN","MABASA TRIBAL AUTHORITY","1","500244459","Mabasa Tribal Authority","Mabasa Tribal Authority"
"KZN","ELANGENI LOCATION","1","500325415","Elangeni Location","Elangeni Location"
"KZN","KWENYATHI TEAROOM","1","500241721","Kwenyathi Tearoom","Kwenyathi Tearoom"
"KZN","MNGOMEZULU T/A","1","500238391","Mngomezulu T/A","Mngomezulu T/A"
"KZN","EMADOLWENI","1","500237466","Emadolweni","Emadolweni"
"KZN","NEXT TO WELFARE","1","500237355","Next To Welfare","Next To Welfare"
"KZN","NJAKAZANA","1","500231028","Njakazana","Njakazana"
"KZN","NEXT  TO HLAMBANYATHI PRIMARY SCHOOL","1","500235357","Next  To Hlambanyathi Primary School","Next  To Hlambanyathi Primary School"
"KZN","TEMBE AUTHORITY","1","500237836","Tembe Authority","Tembe Authority"
"KZN","HLABISA EMDLETSHENI","1","500239205","Hlabisa Emdletsheni","Hlabisa Emdletsheni"
"KZN","BETHANGWE AREA","1","500248973","Bethangwe Area","Bethangwe Area"
"KZN","MNYAYIZA","1","500261849","Mnyayiza","Mnyayiza"
"KZN","KWANGWANASE AREA","1","500261553","Kwangwanase Area","Kwangwanase Area"
"KZN","DUMAKUDE AA","1","500423613","Dumakude Aa","Dumakude Aa"
"KZN","P484 UPHAPHAZI-ENTWENI ROAD","1","500270211","P484 Uphaphazi Entweni Road","P484 Uphaphazi Entweni Road"
"KZN","EMPEMBENI MAIN ROAD","1","500273060","Empembeni Main Road","Empembeni Main Road"
"KZN","NEAR STAR MISSION","1","500277722","Near Star Mission","Near Star Mission"
"KZN","WARD 19","1","500283457","Ward 19","Ward 19"
"KZN","KWA-MSANE  TOWNSHIP","1","500287305","Kwa Msane  Township","Kwa Msane  Township"
"KZN","NEXT TO EZAMA TUCK SHOP","1","500293003","Next To Ezama Tuck Shop","Next To Ezama Tuck Shop"
"KZN","MATHENJWA  TRIBAL AUTHORITY","1","500299256","Mathenjwa  Tribal Authority","Mathenjwa  Tribal Authority"
"KZN","RICHARDSBAY","1","500304362","Richardsbay","Richardsbay"
"KZN","ACROSS NZIMANENI RIVER","1","500307470","Across Nzimaneni River","Across Nzimaneni River"
"KZN","P.O. BOX 410","1","500309986","P.O. Box 410","P.O. Box 410"
"KZN","P.O.BOX 393","1","500310430","P.O.Box 393","P.O.Box 393"
"KZN","NGWENYA TRIBAL AUTHORITY","1","500310134","Ngwenya Tribal Authority","Ngwenya Tribal Authority"
"KZN","MSELENI AREA","1","500310911","Mseleni Area","Mseleni Area"
"KZN","BETWEEN MBAZWANA AND MSELENI HOSPITAL","1","500310948","Between Mbazwana And Mseleni Hospital","Between Mbazwana And Mseleni Hospital"
"KZN","EGAGASINI","1","500314426","Egagasini","Egagasini"
"KZN","MBAZWANA AREA","1","500311022","Mbazwana Area","Mbazwana Area"
"KZN","EQAKWINI RESERVE","1","500320124","Eqakwini Reserve","Eqakwini Reserve"
"KZN","GEDLEZA AREA","1","500325267","Gedleza Area","Gedleza Area"
"KZN","ULWAZI","1","500325304","Ulwazi","Ulwazi"
"KZN","TSHANENI","1","500325045","Tshaneni","Tshaneni"
"KZN","VILLAGE","1","500324675","Village","Village"
"KZN","P.O BOX 301","1","500326044","P.O Box 301","P.O Box 301"
"KZN","EKUHLEHLENI AREA","1","500327265","Ekuhlehleni Area","Ekuhlehleni Area"
"KZN","EZINKUNINI","1","500333777","Ezinkunini","Ezinkunini"
"KZN","NEXT TO MOBILE CLINIC","1","500341362","Next To Mobile Clinic","Next To Mobile Clinic"
"KZN","KWANGWANASE`","1","500411144","Kwangwanase`","Kwangwanase`"
"KZN","MAHLUNGULU AREA","1","500101824","Mahlungulu Area","Mahlungulu Area"
"KZN","SCHOOL","1","500442039","School","School"
"KZN","BHEKABANTU AREA","1","500441891","Bhekabantu Area","Bhekabantu Area"
"KZN","NEAR EMNGCELENI PRIMARY","1","500441669","Near Emngceleni Primary","Near Emngceleni Primary"
"KZN","NORDALE","1","500443556","Nordale","Nordale"
"KZN","NKOMBOSE","1","500443593","Nkombose","Nkombose"
"KZN","BEHIND  ZAMIMPILO MARKET NEXT TO KHONZELA STORE","1","500443334","Behind  Zamimpilo Market Next To Khonzela Store","Behind  Zamimpilo Market Next To Khonzela Store"
"KZN","THEMBALIHLE STORE","1","500108706","Thembalihle Store","Thembalihle Store"
"KZN","P.O.BOX 927","1","500109446","P.O.Box 927","P.O.Box 927"
"KZN","MTUBA","1","500445998","Mtuba","Mtuba"
"KZN","KWA -JOBE  AREA","1","500444629","Kwa  Jobe  Area","Kwa  Jobe  Area"
"KZN","P/BAG X 6010","1","500113553","P/Bag X 6010","P/Bag X 6010"
"KZN","NIBELA","1","500495356","Nibela","Nibela"
"KZN","MKHUZE","1","500498057","Mkhuze","Mkhuze"
"KZN","MAKHOWE P470 ROAD","1","500119029","Makhowe P470 Road","Makhowe P470 Road"
"KZN","KWAMYEKI AREA","1","500135013","Kwamyeki Area","Kwamyeki Area"
"KZN","SODWANA ROAD","1","500143190","Sodwana Road","Sodwana Road"
"KZN","INGWAVUMA MAIN ROAD","1","500163725","Ingwavuma Main Road","Ingwavuma Main Road"
"KZN","MACHOBENI AREA","1","500167684","Machobeni Area","Machobeni Area"
"KZN","8  KM FROM JOZINI DAM","1","500168535","8  Km From Jozini Dam","8  Km From Jozini Dam"
"KZN","PRIMARY","1","500189773","Primary","Primary"
"KZN","NIBELA RESERVE","1","500194916","Nibela Reserve","Nibela Reserve"
"KZN","ENKATHWENI AREA","1","500200170","Enkathweni Area","Enkathweni Area"
"KZN","KHWAMBOSI","1","500206127","Khwambosi","Khwambosi"
"KZN","KWANGWENYA TRIBAL","1","500213083","Kwangwenya Tribal","Kwangwenya Tribal"
"KZN","HLUHLUWE ROAD TO","1","500213675","Hluhluwe Road To","Hluhluwe Road To"
"KZN","MANABA AREA","1","500218374","Manaba Area","Manaba Area"
"KZN","OLAKENI AREA","1","500216857","Olakeni Area","Olakeni Area"
"KZN","MAKHANA","1","500222999","Makhana","Makhana"
"KZN","P. O. BOX 1173","1","500225034","P. O. Box 1173","P. O. Box 1173"
"KZN","MAKHASA","1","500448810","Makhasa","Makhasa"
"KZN","ESIWENI RESERVE","1","500423539","Esiweni Reserve","Esiweni Reserve"
"KZN","LOURDES MISSION","1","500424020","Lourdes Mission","Lourdes Mission"
"KZN","NGUDWINI LOCATION","1","500425574","Ngudwini Location","Ngudwini Location"
"KZN","INDAWANA","1","500425796","Indawana","Indawana"
"KZN","EMAIL :AVOCAPS@TELKOMSA.NET","1","500104414","Email :Avocaps@Telkomsa.Net","Email :Avocaps@Telkomsa.Net"
"KZN","UMZINTLANGA, RIVERSIDE","1","500426351","Umzintlanga, Riverside","Umzintlanga, Riverside"
"KZN","BOX 35","1","500427424","Box 35","Box 35"
"KZN","MFULAMHLE A/A","1","500427609","Mfulamhle A/A","Mfulamhle A/A"
"KZN","HILLARY","1","500295519","Hillary","Hillary"
"KZN","ENGWAQA","1","500428164","Engwaqa","Engwaqa"
"KZN","BREMMER","1","500428349","Bremmer","Bremmer"
"KZN","NCANDU PARK","1","500158434","Ncandu Park","Ncandu Park"
"KZN","LCT CENTRE","1","500341806","Lct Centre","Lct Centre"
"KZN","KROMHOEK WARD","1","500428608","Kromhoek Ward","Kromhoek Ward"
"KZN","WESTRIDGE","1","500199689","Westridge","Westridge"
"KZN","MOUNT ROYAL","1","500440892","Mount Royal","Mount Royal"
"KZN","NEXT TO MKHOMAZI BRIDGE","1","500104007","Next To Mkhomazi Bridge","Next To Mkhomazi Bridge"
"KZN","MADWALENI AREA","1","500442409","Madwaleni Area","Madwaleni Area"
"KZN","UMLAZI V SECTION","1","500498908","Umlazi V Section","Umlazi V Section"
"KZN","D200.KILMUN","1","500442372","D200.Kilmun","D200.Kilmun"
"KZN","MUSGRAVE","1","500125208","Musgrave","Musgrave"
"KZN","PO BOX 7","1","500429570","Po Box 7","Po Box 7"
"KZN","PO BOX 54094","1","500228734","Po Box 54094","Po Box 54094"
"KZN","M SECTION","1","500228142","M Section","M Section"
"KZN","HILLTOP STEILDRIFT FARM","1","500155585","Hilltop Steildrift Farm","Hilltop Steildrift Farm"
"KZN","DION MKHIZE ROAD","1","500222777","Dion Mkhize Road","Dion Mkhize Road"
"KZN","STRAIGHTFONTEIN B","1","500429459","Straightfontein B","Straightfontein B"
"KZN","MALENGE ADMIN AREA","1","500429755","Malenge Admin Area","Malenge Admin Area"
"KZN","CRAIGIEBURN","1","500222925","Craigieburn","Craigieburn"
"KZN","MTHOMBENI PRIMARY SCHOOL","1","500219336","Mthombeni Primary School","Mthombeni Primary School"
"KZN","CARISBROOK","1","500114441","Carisbrook","Carisbrook"
"KZN","GILSONFARM","1","500118918","Gilsonfarm","Gilsonfarm"
"KZN","DONNYBROOK VILLAGE","1","500122729","Donnybrook","Donnybrook"
"KZN","EHLANE LOCATION","1","500127576","Ehlane Location","Ehlane Location"
"KZN","WARD 4 DR NDZ MUNICIPALITY, ESIDANGENI, KILMUN","1","500130536","Ward 4 Dr Ndz Municipality, Esidangeni, Kilmun","Ward 4 Dr Ndz Municipality, Esidangeni, Kilmun"
"KZN","KWACELE TRIBAL","1","500205313","Kwacele Tribal","Kwacele Tribal"
"KZN","EMAZABEKWENI LOCATION","1","500130132","Emazabekweni Location","Emazabekweni Location"
"KZN","UMBUMBULU MAIN ROAD","1","500201243","Umbumbulu Main Road","Umbumbulu Main Road"
"KZN","HOWARDENE","1","500197210","Howardene","Howardene"
"KZN","PONDEROSA FARM","1","500131757","Ponderosa Farm","Ponderosa Farm"
"KZN","NEXT TO GCINOKUHLE CLINIC","1","500131720","Next To Gcinokuhle Clinic","Next To Gcinokuhle Clinic"
"KZN","MAGABHENI TOWNSHIP","1","500191956","Magabheni Township","Magabheni Township"
"KZN","P.O","1","500192030","P.O","P.O"
"KZN","EMACABAZINI LOCATION","1","500130055","Emacabazini Location","Emacabazini Location"
"KZN","BOX 624","1","500183742","Box 624","Box 624"
"KZN","M14N MAGABHENI ROAD.","1","500179635","M14 N Magabheni Road.","M14 N Magabheni Road."
"KZN","BOX 146","1","500177711","Box 146","Box 146"
"KZN","GATE NO. 5","1","500177933","Gate No. 5","Gate No. 5"
"KZN","NDLOVU STREET","1","500176305","Ndlovu Street","Ndlovu Street"
"KZN","CHESTERVILLE EXTENSION 1","1","500342657","Chesterville Extension 1","Chesterville Extension 1"
"KZN","EHLANZENI AREA","1","500342583","Ehlanzeni Area","Ehlanzeni Area"
"KZN","KWA NKONKA","1","500174492","Kwa Nkonka","Kwa Nkonka"
"KZN","D1220","1","500131165","D1220","D1220"
"KZN","KENVILLE","1","500172753","Kenville","Kenville"
"KZN","EMNQUNDEKWENI AREA","1","500133496","Emnqundekweni Area","Emnqundekweni Area"
"KZN","UNKONKA PLACE","1","500168239","Unkonka Place","Unkonka Place"
"KZN","ISIPINGO BEACH","1","500168572","Isipingo Beach","Isipingo Beach"
"KZN","SIBIZANE LOCATION","1","500135124","Sibizane Location","Sibizane Location"
"KZN","KWA VISHA VISHA","1","500141192","Kwa Visha Visha","Kwa Visha Visha"
"KZN","P.O. NTOKOZWENI","1","500164909","P.O. Ntokozweni","P.O. Ntokozweni"
"KZN","DINGAAN STREET","1","500165575","Dingaan Street","Dingaan Street"
"KZN","GOXHILL","1","500151256","Goxhill","Goxhill"
"KZN","P.O.BOX 33276","1","500151478","P.O.Box 33276","P.O.Box 33276"
"KZN","BAZINI AREA","1","500152921","Bazini Area","Bazini Area"
"KZN","NEAR CENTOCOW","1","500155918","Near Centocow","Near Centocow"
"KZN","ISIPINGO RAIL","1","500150590","Isipingo Rail","Isipingo Rail"
"KZN","P.O BOX 183","1","500150886","P.O Box 183","P.O Box 183"
"KZN","SILVERGLEN","1","500148888","Silverglen","Silverglen"
"KZN","GLENASHLEY","1","500149184","Glenashley","Glenashley"
"KZN","GLENASHELY","1","500149221","Glenashely","Glenashely"
"KZN","HLUTHANKUNGU AREA","1","500157953","Hluthankungu Area","Hluthankungu Area"
"KZN","UNIT R682","1","500145706","Unit R682","Unit R682"
"KZN","BEHIND BIZEECORP 106CC","1","500157916","Behind Bizeecorp 106 Cc","Behind Bizeecorp 106 Cc"
"KZN","KILMUN AREA THONSINI LOCATION","1","500161468","Kilmun Area Thonsini Location","Kilmun Area Thonsini Location"
"KZN","MOBENI HEIGHTS","1","500142931","Mobeni Heights","Mobeni Heights"
"KZN","ENGONYAMENI   AREA","1","500141155","Engonyameni   Area","Engonyameni   Area"
"KZN","ESCOMBE","1","500139638","Escombe","Escombe"
"KZN","ETHEKWINI","1","500136567","Ethekwini","Ethekwini"
"KZN","EMPHUSHENI RESERVE","1","500134532","Emphusheni Reserve","Emphusheni Reserve"
"KZN","ADAMS","1","500128871","Adams","Adams"
"KZN","INKAMPINI","1","500164465","Inkampini","Inkampini"
"KZN","ALOEKOP","1","500163281","Aloekop","Aloekop"
"KZN","SANGCWABA LOCATION","1","500167240","Sangcwaba Location","Sangcwaba Location"
"KZN","DUFFS","1","500123765","Duffs","Duffs"
"KZN","LILYDALE","1","500171162","Lilydale","Lilydale"
"KZN","UMHLATUZANA","1","500504976","Umhlatuzana","Umhlatuzana"
"KZN","DOONHEIGHTS","1","500122877","Doonheights","Doonheights"
"KZN","P.O.UMKOMAAS","1","500121915","P.O.Umkomaas","P.O.Umkomaas"
"KZN","MOORTON, CHATSWORTH","1","500120287","Moorton, Chatsworth","Moorton, Chatsworth"
"KZN","AVOCA HILLS","1","500118178","Avoca Hills","Avoca Hills"
"KZN","EZITENDENI","1","500174344","Ezitendeni","Ezitendeni"
"KZN","FOLWENI TOWNSHIP TOWNSHIP","1","500119288","Folweni Township Township","Folweni Township Township"
"KZN","CLARE HILLS","1","500117031","Clare Hills","Clare Hills"
"KZN","CARRINGTON HEIGHTS","1","500114626","Carrington Heights","Carrington Heights"
"KZN","BHONGWENI  LOC","1","500176971","Bhongweni  Loc","Bhongweni  Loc"
"KZN","CASTLEHILL NEWLANDS WEST","1","500114774","Castlehill Newlands West","Castlehill Newlands West"
"KZN","IMPANDWINI","1","500112406","Impandwini","Impandwini"
"KZN","13 KM D609 / D631 / D644","1","500177341","13 Km D609 / D631 / D644","13 Km D609 / D631 / D644"
"KZN","LOVU TOWN","1","500449920","Lovu Town","Lovu Town"
"KZN","QUARRY HEIGHTS","1","500443482","Quarry Heights","Quarry Heights"
"KZN","BELLAIR","1","500107004","Bellair","Bellair"
"KZN","CROFTDENE, CHATSWORTH","1","500107041","Croftdene, Chatsworth","Croftdene, Chatsworth"
"KZN","ILLOVU TOWNSHIP","1","500442742","Illovu Township","Illovu Township"
"KZN","BANGUBUKHOSI ROAD","1","500105450","Bangubukhosi Road","Bangubukhosi Road"
"KZN","ENGONYAMENI AREA","1","500440966","Engonyameni Area","Engonyameni Area"
"KZN","4110","1","500441003","4110","4110"
"KZN","BHOBHOYI LOCATION","1","500177896","Bhobhoyi Location","Bhobhoyi Location"
"KZN","MAWUSHENI LOCATION","1","500179191","Mawusheni Location","Mawusheni Location"
"KZN","NOKWEJA LOCATION","1","500180856","Nokweja Location","Nokweja Location"
"KZN","EBHAYI LOCATION","1","500183520","Ebhayi Location","Ebhayi Location"
"KZN","SUNRISE FARM","1","500185909","Sunrise Farm","Sunrise Farm"
"KZN","SOUTH BEACH","1","500100455","South Beach","South Beach"
"KZN","RUSSIA-NQUTSHINI","1","500342546","Russia Nqutshini","Russia Nqutshini"
"KZN","INKUMANDEOFAFA LOCATION NO","1","500188293","Inkumandeofafa Location No","Inkumandeofafa Location No"
"KZN","SOKESIMBONE RD","1","500299219","Sokesimbone Rd","Sokesimbone Rd"
"KZN","YELLOWWOOD PARK","1","500297998","Yellowwood Park","Yellowwood Park"
"KZN","KWAMAKHUTHA TOWN SHIP","1","500298035","Kwamakhutha Town Ship","Kwamakhutha Town Ship"
"KZN","MALUKAZI","1","500296481","Malukazi","Malukazi"
"KZN","TURN RIGHT TO RDP HOUSES IN MAKHOBA SETTLEMENT","1","500188478","Turn Right To Rdp Houses In Makhoba Settlement","Turn Right To Rdp Houses In Makhoba Settlement"
"KZN","ZASHUKE AREA","1","500188404","Zashuke Area","Zashuke Area"
"KZN","CHIBINI  LOCATION","1","500188922","Chibini  Location","Chibini  Location"
"KZN","LUFAFA","1","500192326","Lufafa","Lufafa"
"KZN","UMNINI","1","500288526","Umnini","Umnini"
"KZN","MALUNDI","1","500288045","Malundi","Malundi"
"KZN","KWAMZAMO FARM","1","500195175","Kwamzamo Farm","Kwamzamo Farm"
"KZN","SUKUMA ROAD","1","500278425","Sukuma Road","Sukuma Road"
"KZN","REDHILL","1","500276353","Redhill","Redhill"
"KZN","PLAINHILL","1","500200022","Plainhill","Plainhill"
"KZN","ISIPINGO ROAD","1","500273911","Isipingo Road","Isipingo Road"
"KZN","P.O.  UMLAZI","1","500268546","P.O.  Umlazi","P.O.  Umlazi"
"KZN","PO BOX 2102","1","500263995","Po Box 2102","Po Box 2102"
"KZN","VIA UMBUMBULU","1","500263477","Via Umbumbulu","Via Umbumbulu"
"KZN","DEMAT","1","500261257","Demat","Demat"
"KZN","UMGODI AREA","1","500200651","Umgodi Area","Umgodi Area"
"KZN","KWATHATHANI LOCATION","1","500200355","Kwathathani Location","Kwathathani Location"
"KZN","P.O UMLAZI TOWNSHIP","1","500259074","P.O Umlazi Township","P.O Umlazi Township"
"KZN","UMALZI","1","500258593","Umalzi","Umalzi"
"KZN","P.O ADAMS MISSION","1","500258630","P.O Adams Mission","P.O Adams Mission"
"KZN","KILMUN AREA","1","500200244","Kilmun Area","Kilmun Area"
"KZN","UMBUMBULU ROAD","1","500252007","Umbumbulu Road","Umbumbulu Road"
"KZN","WARD 100 AT EMADUNDUBE","1","500247678","Ward 100 At Emadundube","Ward 100 At Emadundube"
"KZN","EARLISFIELD","1","500246605","Earlisfield","Earlisfield"
"KZN","UMGODI LOCATION","1","500203574","Umgodi Location","Umgodi Location"
"KZN","K. HLABANGANI ROAD","1","500241647","K. Hlabangani Road","K. Hlabangani Road"
"KZN","MARRIANHILL","1","500232397","Marrianhill","Marrianhill"
"KZN","ENGONYAMENI","1","500241277","Engonyameni","Engonyameni"
"KZN","PHAMBILI ROAD","1","500243053","Phambili Road","Phambili Road"
"KZN","PHASE 3","1","500243571","Phase 3","Phase 3"
"KZN","KLAARWATER TOWNSHIP","1","500247308","Klaarwater Township","Klaarwater Township"
"KZN","ROSSBURGH","1","500247567","Rossburgh","Rossburgh"
"KZN","MALABAR HILLS","1","500255189","Malabar Hills","Malabar Hills"
"KZN","EMAKHUZENI AREA","1","500203352","Emakhuzeni Area","Emakhuzeni Area"
"KZN","P.O BOX 24813","1","500262515","P.O Box 24813","P.O Box 24813"
"KZN","AA SECTION; UMLAZI","1","500268287","Aa Section; Umlazi","Aa Section; Umlazi"
"KZN","PROVINCIAL HOUSE","1","500275761","Provincial House","Provincial House"
"KZN","MANGOSUTHU HIGHWAY","1","500288230","Mangosuthu Highway","Mangosuthu Highway"
"KZN","NQUTSHINI","1","500292263","Nqutshini","Nqutshini"
"KZN","OFF HELLA HELLA ROAD","1","500202242","Off Hella Hella Road","Off Hella Hella Road"
"KZN","RISECLIFF","1","500295223","Risecliff","Risecliff"
"KZN","P.O. AMANZIMTOTI","1","500305879","P.O. Amanzimtoti","P.O. Amanzimtoti"
"KZN","MARIANHILL","1","500306212","Marianhill","Marianhill"
"KZN","1ST FLOOR QUALBERT CENTRE","1","500407000","1 St Floor Qualbert Centre","1 St Floor Qualbert Centre"
"KZN","THULESHE FARM","1","500207089","Thuleshe Farm","Thuleshe Farm"
"KZN","AVOCA","1","500104451","Avoca","Avoca"
"KZN","WELBEDACHT WEST","1","500443038","Welbedacht West","Welbedacht West"
"KZN","CBD","1","500442853","Cbd","Cbd"
"KZN","106 BERTHA MKHIZE STREET","1","500444148","106 Bertha Mkhize Street","106 Bertha Mkhize Street"
"KZN","BONELA","1","500110889","Bonela","Bonela"
"KZN","MEMELA TRIBAL AUTHORITY","1","500207533","Memela Tribal Authority","Memela Tribal Authority"
"KZN","CROSSMOOR,CHATSWORTH","1","500118696","Crossmoor,Chatsworth","Crossmoor,Chatsworth"
"KZN","VIRGINIA","1","500119917","Virginia","Virginia"
"KZN","NORTH BEACH","1","500148185","North Beach","North Beach"
"KZN","GROSVENOR","1","500152181","Grosvenor","Grosvenor"
"KZN","E SECTION","1","500183335","E Section","E Section"
"KZN","ST. WENDELINS","1","500183261","St. Wendelins","St. Wendelins"
"KZN","MAPONYA STREET","1","500207681","Maponya Street","Maponya Street"
"KZN","ENGONYAMENI RESERVE","1","500209975","Engonyameni Reserve","Engonyameni Reserve"
"KZN","SAICCOR ROAD","1","500213342","Saiccor Road","Saiccor Road"
"KZN","EMALANDENI","1","500201169","Emalandeni","Emalandeni"
"KZN","P.O. BOX 76094","1","500161838","P.O. Box 76094","P.O. Box 76094"
"KZN","REUNION","1","500281089","Reunion","Reunion"
"KZN","UMALAKATHA","1","500233100","Umalakatha","Umalakatha"
"KZN","GROENVLEI FARM","1","500152070","Groenvlei Farm","Groenvlei Farm"
"KZN","NODLOZI   AREA","1","500247382","Nodlozi   Area","Nodlozi   Area"
"KZN","KWA MABASO","1","500257816","Kwa Mabaso","Kwa Mabaso"
"KZN","MALENGE SAWMILLS RIVERSIDE STATION (KZN)","1","500211788","Malenge Sawmills Riverside Station (Kzn)","Malenge Sawmills Riverside Station (Kzn)"
"KZN","NGCENGENI - MTHEMBU TRIB","1","500281311","Ngcengeni   Mthembu Trib","Ngcengeni   Mthembu Trib"
"KZN","BALLANGEICH","1","500147112","Ballangeich","Ballangeich"
"KZN","KWAVUNA","1","500193695","Kwavuna","Kwavuna"
"KZN","NEXT TO ZAMANI 3 STORE","1","500446590","Next To Zamani 3 Store","Next To Zamani 3 Store"
"KZN","NYONINI   AREA","1","500446627","Nyonini   Area","Nyonini   Area"
"KZN","ENKOBONGWENI AREA","1","500446775","Enkobongweni Area","Enkobongweni Area"
"KZN","ESIKHESHINI","1","500218115","Esikheshini","Esikheshini"
"KZN","NKANDLA AREA","1","500447034","Nkandla Area","Nkandla Area"
"KZN","GUNJANA AREA","1","500447071","Gunjana Area","Gunjana Area"
"KZN","NEAR MUMBE SCHOOL","1","500447108","Near Mumbe School","Near Mumbe School"
"KZN","EMADULANENI AREA","1","500447182","Emadulaneni Area","Emadulaneni Area"
"KZN","VUKANI TRIBAL AUTHORITY","1","500217042","Vukani Tribal Authority","Vukani Tribal Authority"
"KZN","ZIMBIDLI","1","500447734","Zimbidli","Zimbidli"
"KZN","ZOETMELK FARM","1","500139194","Zoetmelk Farm","Zoetmelk Farm"
"KZN","HLAFUNA AREA","1","500216598","Hlafuna Area","Hlafuna Area"
"KZN","SAVUYE","1","500304584","Savuye","Savuye"
"KZN","MSINGA RURAL","1","500305250","Msinga Rural","Msinga Rural"
"KZN","WEMBLEY","1","500325894","Wembley","Wembley"
"KZN","ESIJOZINI","1","500344063","Esijozini","Esijozini"
"KZN","NEXT TO SECTION 5 LIQUOR STORE","1","500410907","Next To Section 5 Liquor Store","Next To Section 5 Liquor Store"
"KZN","FREIBERG","1","500101121","Freiberg","Freiberg"
"KZN","SHIYANE","1","500103082","Shiyane","Shiyane"
"KZN","MANGWENI","1","500113072","Mangweni","Mangweni"
"KZN","ACROSS GOLOKODO STREAM","1","500222740","Across Golokodo Stream","Across Golokodo Stream"
"KZN","UMVOTI RURAL","1","500120879","Umvoti Rural","Umvoti Rural"
"KZN","NEXT TO MAJIKI STORE","1","500224701","Next To Majiki Store","Next To Majiki Store"
"KZN","MADZIKANE","1","500227106","Madzikane","Madzikane"
"KZN","NGXOLA","1","500229437","Ngxola","Ngxola"
"KZN","KWENHLANYANGA MZWENI","1","500152403","Kwenhlanyanga Mzweni","Kwenhlanyanga Mzweni"
"KZN","MANXILI AREA","1","500156140","Manxili Area","Manxili Area"
"KZN","NEW MARKET","1","500226662","New Market","New Market"
"KZN","HWANQANA","1","500159174","Hwanqana","Hwanqana"
"KZN","EMKHUZENI AREA","1","500186295","Emkhuzeni Area","Emkhuzeni Area"
"KZN","MAGABENI","1","500191919","Magabeni","Magabeni"
"KZN","MCHUNU TRADITIONAL COUNCIL","1","500193325","Mchunu Traditional Council","Mchunu Traditional Council"
"KZN","GABELA","1","500194287","Gabela","Gabela"
"KZN","MANDLENI AREA - MTHEMBU TRIB","1","500196359","Mandleni Area   Mthembu Trib","Mandleni Area   Mthembu Trib"
"KZN","WATERVAL FARM","1","500135383","Waterval Farm","Waterval Farm"
"KZN","DUNGAMANZI AREA","1","500208014","Dungamanzi Area","Dungamanzi Area"
"KZN","L2014","1","500208865","L2014","L2014"
"KZN","NEXT TO MASHAYINYONI STORE","1","500209901","Next To Mashayinyoni Store","Next To Mashayinyoni Store"
"KZN","MARIATHAL COMBINED SCHOOL","1","500199615","Mariathal Combined School","Mariathal Combined School"
"KZN","WHITE BANK FARM","1","500215118","White Bank Farm","White Bank Farm"
"KZN","BEHIND FAIRVIEW COMMUNITY HALL","1","500170274","Behind Fairview Community Hall","Behind Fairview Community Hall"
"KZN","EMAKHOLWENI AREA","1","500137048","Emakholweni Area","Emakholweni Area"
"KZN","STUARTSVILLE","1","500498205","Stuartsville","Stuartsville"
"KZN","NGWEBINI   AREA","1","500229215","Ngwebini   Area","Ngwebini   Area"
"KZN","NEW CLYDESDALE","1","500447959","New Clydesdale","New Clydesdale"
"KZN","KWA GUQA, EMATHINTA","1","500228364","Kwa Guqa, Emathinta","Kwa Guqa, Emathinta"
"KZN","MBULWANE AREA (OFF MTHIZE  RD )","1","500225811","Mbulwane Area (Off Mthize  Rd )","Mbulwane Area (Off Mthize  Rd )"
"KZN","NDATSHANA","1","500224627","Ndatshana","Ndatshana"
"KZN","2KM LEFT MZWENI RD","1","500218707","2 Km Left Mzweni Rd","2 Km Left Mzweni Rd"
"KZN","BOX","1","500429200","Box","Box"
"KZN","D577","1","500215747","D577","D577"
"KZN","MPALAZA","1","500215969","Mpalaza","Mpalaza"
"KZN","OBANJENI","1","500217190","Obanjeni","Obanjeni"
"KZN","ST JAMES MISSION","1","500212121","St James Mission","St James Mission"
"KZN","OPHATHE AREA","1","500210567","Ophathe Area","Ophathe Area"
"KZN","C / O PHAMBILI STORE","1","500208532","C / O Phambili Store","C / O Phambili Store"
"KZN","NUTHU","1","500208606","Nuthu","Nuthu"
"KZN","MAJAARDIN","1","500428830","Majaardin","Majaardin"
"KZN","EMBOKODWEBOMVU","1","500209568","Embokodwebomvu","Embokodwebomvu"
"KZN","NEXT TO NDLANGAMANDLA HIGH","1","500206312","Next To Ndlangamandla High","Next To Ndlangamandla High"
"KZN","NOMEVA A/A","1","500429015","Nomeva A/A","Nomeva A/A"
"KZN","INADI ROAD","1","500202723","Inadi Road","Inadi Road"
"KZN","MBULWANE","1","500203463","Mbulwane","Mbulwane"
"KZN","MBEWUNY","1","500204240","Mbewuny","Mbewuny"
"KZN","KWAWOZA AREA","1","500204499","Kwawoza Area","Kwawoza Area"
"KZN","ST. AUGUSTINES","1","500201206","St. Augustines","St. Augustines"
"KZN","KWAGUQA","1","500201687","Kwaguqa","Kwaguqa"
"KZN","ODUDELA","1","500196396","Odudela","Odudela"
"KZN","GORDON","1","500196433","Gordon","Gordon"
"KZN","ENHLONGA","1","500194250","Enhlonga","Enhlonga"
"KZN","UMZIMKUL,U","1","500428941","Umzimkul,U","Umzimkul,U"
"KZN","MAGOBHE","1","500192363","Magobhe","Magobhe"
"KZN","+_ 1KM OPP. TURN OFF TO ST AUGUSTINE'S","1","500191734","+  1 Km Opp. Turn Off To St Augustine's","+  1 Km Opp. Turn Off To St Augustine's"
"KZN","TONJENI LOCATION","1","500428645","Tonjeni Location","Tonjeni Location"
"KZN","MACONGCO","1","500190846","Macongco","Macongco"
"KZN","LUVISI","1","500189255","Luvisi","Luvisi"
"KZN","NADI/NGUBEVU","1","500187590","Nadi/Ngubevu","Nadi/Ngubevu"
"KZN","SIHLEZA    A/A","1","500427905","Sihleza    A/A","Sihleza    A/A"
"KZN","NADI ROAD, D215","1","500183298","Nadi Road, D215","Nadi Road, D215"
"KZN","UMBIKO SCHOOL UHLANGANDLOVU AREA","1","500184260","Umbiko School Uhlangandlovu Area","Umbiko School Uhlangandlovu Area"
"KZN","QHUDENI AREA","1","500178414","Qhudeni Area","Qhudeni Area"
"KZN","MISPA","1","500175195","Mispa","Mispa"
"KZN","P.O BOX 156","1","500427535","P.O Box 156","P.O Box 156"
"KZN","NHLABAMKHOSI AREA","1","500401191","Nhlabamkhosi Area","Nhlabamkhosi Area"
"KZN","OTHULINI LWEZULU","1","500172568","Othulini Lwezulu","Othulini Lwezulu"
"KZN","JABAVU AREA","1","500170644","Jabavu Area","Jabavu Area"
"KZN","MAWOZINI","1","500171051","Mawozini","Mawozini"
"KZN","BOMVINI AREA","1","500169534","Bomvini Area","Bomvini Area"
"KZN","TIN TOWN","1","500169460","Tin Town","Tin Town"
"KZN","UMZIKULU","1","500427498","Umzikulu","Umzikulu"
"KZN","KWANGABAYENA AREA.","1","500167055","Kwangabayena Area.","Kwangabayena Area."
"KZN","KWAMACEBA","1","500167610","Kwamaceba","Kwamaceba"
"KZN","ZICOLE ROAD","1","500166278","Zicole Road","Zicole Road"
"KZN","BHAZA AREA, MSINGA","1","500165494","Bhaza Area, Msinga","Bhaza Area, Msinga"
"KZN","KHAYALETHU VILLAGE","1","500130980","Khayalethu","Khayalethu"
"KZN","ANNIE","1","500114145","Annie","Annie"
"KZN","IKAHENG AREA","1","500159803","Ikaheng Area","Ikaheng Area"
"KZN","MAGABENG","1","500157324","Magabeng","Magabeng"
"KZN","KWAHLAZAKAZI","1","500156621","Kwahlazakazi","Kwahlazakazi"
"KZN","MISPAH","1","500153254","Mispah","Mispah"
"KZN","KEMP STREET","1","500149406","Kemp Street","Kemp Street"
"KZN","MAHAWINI LOCATION","1","500426536","Mahawini Location","Mahawini Location"
"KZN","FABENI","1","500143930","Fabeni","Fabeni"
"KZN","FAHLAZA","1","500143967","Fahlaza","Fahlaza"
"KZN","EZIBOMVINI","1","500143153","Ezibomvini","Ezibomvini"
"KZN","GUGWINI A/A","1","500426425","Gugwini A/A","Gugwini A/A"
"KZN","NOOITGEDAGHT","1","500426832","Nooitgedaght","Nooitgedaght"
"KZN","P.O.BOX.866","1","500426795","P.O.Box.866","P.O.Box.866"
"KZN","ESHANE AREA","1","500139786","Eshane Area","Eshane Area"
"KZN","D 77 MIZPAH ROAD","1","500138380","D 77 Mizpah Road","D 77 Mizpah Road"
"KZN","ENDUNDUMENI","1","500137307","Endundumeni","Endundumeni"
"KZN","RORKES DRIFT","1","500136678","Rorkes Drift","Rorkes Drift"
"KZN","MVUBUKAZI","1","500424945","Mvubukazi","Mvubukazi"
"KZN","EMKHUPHULA AREA","1","500133163","Emkhuphula Area","Emkhuphula Area"
"KZN","NDANYANA","1","500129574","Ndanyana","Ndanyana"
"KZN","MJINTINI","1","500130129","Mjintini","Mjintini"
"KZN","ENSUBENI AREA","1","500130166","Ensubeni Area","Ensubeni Area"
"KZN","DIMANE","1","500130758","Dimane","Dimane"
"KZN","GALIBASI AREA","1","500124061","Galibasi Area","Galibasi Area"
"KZN","UNTUNJAMBILI, LEFT GRAVELL RD, IN S/C","1","500123950","Untunjambili, Left Gravell Rd, In S/C","Untunjambili, Left Gravell Rd, In S/C"
"KZN","D 1525 ROAD ISITHUNDU HILL","1","500122618","D 1525 Road Isithundu Hill","D 1525 Road Isithundu Hill"
"KZN","15KM TO NGUBEVU AREA","1","500120472","15 Km To Ngubevu Area","15 Km To Ngubevu Area"
"KZN","DEWAAR FARM","1","500120509","Dewaar Farm","Dewaar Farm"
"KZN","BAHULAZIGQOHI AREA","1","500117734","Bahulazigqohi Area","Bahulazigqohi Area"
"KZN","TUGELA  FERRY","1","500116624","Tugela  Ferry","Tugela  Ferry"
"KZN","MPANZA","1","500504014","Mpanza","Mpanza"
"KZN","ENSELENI","1","500494912","Enseleni","Enseleni"
"KZN","KWANKOBE","1","500495467","Kwankobe","Kwankobe"
"KZN","NKAWINI AREA","1","500496503","Nkawini Area","Nkawini Area"
"KZN","NGULULE","1","500115366","Ngulule","Ngulule"
"KZN","KWA-NXAMALALA  AREA","1","500112998","Kwa Nxamalala  Area","Kwa Nxamalala  Area"
"KZN","HERMANNSBURG","1","500111740","Hermannsburg","Hermannsburg"
"KZN","ENZIMANE","1","500490324","Enzimane","Enzimane"
"KZN","GLENCOE","1","500110075","Glencoe","Glencoe"
"KZN","KWANXAMALALA AREA","1","500448033","Kwanxamalala Area","Kwanxamalala Area"
"KZN","BHEKIZWE","1","500109002","Bhekizwe","Bhekizwe"
"KZN","ST SIMON","1","500106301","St Simon","St Simon"
"KZN","ISANDLWANA AREA","1","500440818","Isandlwana Area","Isandlwana Area"
"KZN","P.O BOX 1077","1","500105487","P.O Box 1077","P.O Box 1077"
"KZN","STAFFORD'S  POST","1","500424871","Stafford's  Post","Stafford's  Post"
"KZN","MCHUNU T/AUTHORITY","1","500440226","Mchunu T/Authority","Mchunu T/Authority"
"KZN","OQOTHWENI","1","500440300","Oqothweni","Oqothweni"
"KZN","PO BOX 7089","1","500440374","Po Box 7089","Po Box 7089"
"KZN","MABOMVINI AREA","1","500440411","Mabomvini Area","Mabomvini Area"
"KZN","MSINGA TOP, NQABENI AREA","1","500440448","Msinga Top, Nqabeni Area","Msinga Top, Nqabeni Area"
"KZN","MARHAMBENI","1","500424464","Marhambeni","Marhambeni"
"KZN","OSUTHU AREA","1","500440596","Osuthu Area","Osuthu Area"
"KZN","STRATHMORE PARK","1","500103156","Strathmore Park","Strathmore Park"
"KZN","PARAFIN AREA","1","500415103","Parafin Area","Parafin Area"
"KZN","MBANGWENI MPAMBAMAQILI AREA","1","500343952","Mbangweni Mpambamaqili Area","Mbangweni Mpambamaqili Area"
"KZN","MCHUNU TRIBE","1","500343989","Mchunu Tribe","Mchunu Tribe"
"KZN","MANGENI AREA","1","500339438","Mangeni Area","Mangeni Area"
"KZN","PASS BATSHAZWAYO","1","500337958","Pass Batshazwayo","Pass Batshazwayo"
"KZN","KWAHALODI","1","500338217","Kwahalodi","Kwahalodi"
"KZN","HHOLWANE","1","500337292","Hholwane","Hholwane"
"KZN","MBULWANE AREA","1","500327226","Mbulwane Area","Mbulwane Area"
"KZN","NGABAYENA AREA","1","500322307","Ngabayena Area","Ngabayena Area"
"KZN","EBUMNANDINI STORE","1","500312576","Ebumnandini Store","Ebumnandini Store"
"KZN","NEAR SIZABANTU STORE","1","500312650","Near Sizabantu Store","Near Sizabantu Store"
"KZN","KWANTUTHU","1","500312687","Kwantuthu","Kwantuthu"
"KZN","KWANDWALANE AREA","1","500303363","Kwandwalane Area","Kwandwalane Area"
"KZN","MANGENI ROAD","1","500303178","Mangeni Road","Mangeni Road"
"KZN","KWA-CELE TRIBAL AUTHORITY","1","500292189","Kwa Cele Tribal Authority","Kwa Cele Tribal Authority"
"KZN","MAKHABELENI","1","500293077","Makhabeleni","Makhabeleni"
"KZN","KWASENGE AREA","1","500290968","Kwasenge Area","Kwasenge Area"
"KZN","NTIBANE","1","500291005","Ntibane","Ntibane"
"KZN","NEXT TO NONDWENI ROAD","1","500291930","Next To Nondweni Road","Next To Nondweni Road"
"KZN","TLOKWENG","1","500284086","Tlokweng","Tlokweng"
"KZN","SILONJANE AREA","1","500281607","Silonjane Area","Silonjane Area"
"KZN","KWAMBULUMBA","1","500424131","Kwambulumba","Kwambulumba"
"KZN","PASS BATSHAZWAYO HIGH SCHOOL","1","500279165","Pass Batshazwayo High School","Pass Batshazwayo High School"
"KZN","NTABENZIMA","1","500269471","Ntabenzima","Ntabenzima"
"KZN","MAHLUNGULU","1","500269508","Mahlungulu","Mahlungulu"
"KZN","SECTION C","1","500269545","Section C","Section C"
"KZN","TURN DIE KOP","1","500268324","Turn Die Kop","Turn Die Kop"
"KZN","CLYDESDALE LOCATION","1","500424057","Clydesdale Location","Clydesdale Location"
"KZN","THULINI","1","500261590","Thulini","Thulini"
"KZN","EMALOMINI","1","500263588","Emalomini","Emalomini"
"KZN","TSHELIDE","1","500261923","Tshelide","Tshelide"
"KZN","MSAMO AREA","1","500261997","Msamo Area","Msamo Area"
"KZN","RIETVLEI ROAD","1","500260924","Rietvlei Road","Rietvlei Road"
"KZN","P.O.BOX 234","1","500423983","P.O.Box 234","P.O.Box 234"
"KZN","MANQOLENI AREA","1","500254856","Manqoleni Area","Manqoleni Area"
"KZN","MORRISTON FARM","1","500254449","Morriston Farm","Morriston Farm"
"KZN","WOOL;STONE","1","500254005","Wool;Stone","Wool;Stone"
"KZN","MTHALENI","1","500253524","Mthaleni","Mthaleni"
"KZN","MBINDOLO AREA","1","500250823","Mbindolo Area","Mbindolo Area"
"KZN","NGUNJINI A/A","1","500423872","Ngunjini A/A","Ngunjini A/A"
"KZN","NDINDINDI AREA","1","500252599","Ndindindi Area","Ndindindi Area"
"KZN","NYANDU","1","500248270","Nyandu","Nyandu"
"KZN","JOHNSTONE FARM","1","500114996","Johnstone Farm","Johnstone Farm"
"KZN","OTHAME AREA","1","500245495","Othame Area","Othame Area"
"KZN","PATSOANA","1","500246568","Patsoana","Patsoana"
"KZN","JAMA TRIBAL COURT","1","500241425","Jama Tribal Court","Jama Tribal Court"
"KZN","NEAR R 33 ROAD","1","500241610","Near R 33 Road","Near R 33 Road"
"KZN","NYONYANA AREA MSINGA RURAL  HOMESTEAD","1","500241980","Nyonyana Area Msinga Rural  Homestead","Nyonyana Area Msinga Rural  Homestead"
"KZN","GXUSHANENI","1","500239797","Gxushaneni","Gxushaneni"
"KZN","NTININI AREA","1","500239982","Ntinini Area","Ntinini Area"
"KZN","BLOOD RIVER","1","500240426","Blood River","Blood River"
"KZN","P/BAG 4700","1","500238206","P/Bag 4700","P/Bag 4700"
"KZN","SUNRISE AREA","1","500239390","Sunrise Area","Sunrise Area"
"KZN","OBANJENI AREA","1","500239464","Obanjeni Area","Obanjeni Area"
"KZN","BLACKBANK FARM","1","500110445","Blackbank Farm","Blackbank Farm"
"KZN","MASAMINI-LOCATION","1","500429348","Masamini Location","Masamini Location"
"KZN","MCHUNU TRIBAL AUTHORITY","1","500234469","Mchunu Tribal Authority","Mchunu Tribal Authority"
"KZN","KEATES  DRIFT","1","500234987","Keates  Drift","Keates  Drift"
"KZN","NJENGABANTU AREA","1","500231065","Njengabantu Area","Njengabantu Area"
"KZN","P.O. POMEROY","1","500230917","P.O. Pomeroy","P.O. Pomeroy"
"KZN","MCHUNU  TRIBAL AUTHORITY","1","500233914","Mchunu  Tribal Authority","Mchunu  Tribal Authority"
"KZN","ISANDLWANA ROAD","1","500239131","Isandlwana Road","Isandlwana Road"
"KZN","MSINGA T/A","1","500241943","Msinga T/A","Msinga T/A"
"KZN","MBABANE, ECHIBINI","1","500449254","Mbabane, Echibini","Mbabane, Echibini"
"KZN","BHUBESINI AREA","1","500257557","Bhubesini Area","Bhubesini Area"
"KZN","KWADOLO","1","500272949","Kwadolo","Kwadolo"
"KZN","SIBONGILE","1","500280090","Sibongile","Sibongile"
"KZN","MATHAMBO","1","500286602","Mathambo","Mathambo"
"KZN","KWALATHA","1","500287120","Kwalatha","Kwalatha"
"KZN","HLAZAKAZI","1","500299034","Hlazakazi","Hlazakazi"
"KZN","NOCOMBOSHE","1","500301920","Nocomboshe","Nocomboshe"
"KZN","GQOHI AREA","1","500301217","Gqohi Area","Gqohi Area"
"KZN","NGUBEVU  AREA","1","500301106","Ngubevu  Area","Ngubevu  Area"
"KZN","QHUDENII","1","500309098","Qhudenii","Qhudenii"
"KZN","HHOLWANE AREA","1","500334110","Hholwane Area","Hholwane Area"
"KZN","NKAMBA","1","500337921","Nkamba","Nkamba"
"KZN","MUMBE AREA","1","500338180","Mumbe Area","Mumbe Area"
"KZN","MNQUNYENI AREA","1","500339808","Mnqunyeni Area","Mnqunyeni Area"
"KZN","MCHUNU TRIBAL AUTHOURITY","1","500414363","Mchunu Tribal Authourity","Mchunu Tribal Authourity"
"KZN","KWAPHARAFINI","1","500106264","Kwapharafini","Kwapharafini"
"KZN","EMACHUNWINI","1","500447293","Emachunwini","Emachunwini"
"KZN","SIFULENI ROAD","1","500447219","Sifuleni Road","Sifuleni Road"
"KZN","CWAKA (NYANDU AREA)","1","500446701","Cwaka (Nyandu Area)","Cwaka (Nyandu Area)"
"KZN","KWAMSHAYAZAFE","1","500114108","Kwamshayazafe","Kwamshayazafe"
"KZN","NYONYANA AREA","1","500121249","Nyonyana Area","Nyonyana Area"
"KZN","KWAGUQA AREA","1","500121841","Kwaguqa Area","Kwaguqa Area"
"KZN","P O ELEANDSKRAAL","1","500139749","P O Eleandskraal","P O Eleandskraal"
"KZN","D215","1","500141636","D215","D215"
"KZN","ST JOHN MISSION","1","500140637","St John Mission","St John Mission"
"KZN","KWAKOPI","1","500145891","Kwakopi","Kwakopi"
"KZN","AMAKHABELA","1","500147741","Amakhabela","Amakhabela"
"KZN","GORDON MEMORIAL MISSION","1","500151145","Gordon Memorial Mission","Gordon Memorial Mission"
"KZN","WAY STREET","1","500154808","Way Street","Way Street"
"KZN","KWANTULI","1","500162541","Kwantuli","Kwantuli"
"KZN","NEAR JAMA TRIBAL COURT","1","500170977","Near Jama Tribal Court","Near Jama Tribal Court"
"KZN","OKHALWENI","1","500177600","Okhalweni","Okhalweni"
"KZN","NONDWENI SETTLEMENT","1","500185444","Nondweni Settlement","Nondweni Settlement"
"KZN","EMABOMVINI TRABIAL / MT ELIAS","1","500194694","Emabomvini Trabial / Mt Elias","Emabomvini Trabial / Mt Elias"
"KZN","VUKAPHANSI AREA  ETONGWE","1","500194546","Vukaphansi Area  Etongwe","Vukaphansi Area  Etongwe"
"KZN","ESHANE","1","500198764","Eshane","Eshane"
"KZN","OTHAME","1","500202834","Othame","Othame"
"KZN","MHLUNGWANE","1","500209457","Mhlungwane","Mhlungwane"
"KZN","NQUTU VILLAGE","1","500209272","Nqutu","Nqutu"
"KZN","JABAVU","1","500212602","Jabavu","Jabavu"
"KZN","MHLANGANA RESERVE","1","500217671","Mhlangana Reserve","Mhlangana Reserve"
"KZN","KWAMBONO TRIBAL AUTHORITY","1","500216746","Kwambono Tribal Authority","Kwambono Tribal Authority"
"KZN","KWAPHAKWE","1","500220668","Kwaphakwe","Kwaphakwe"
"KZN","NEXT TO NZIMANDE STORE","1","500237429","Next To Nzimande Store","Next To Nzimande Store"
"KZN","INDAKA AREA","1","500238056","Indaka Area","Indaka Area"
"KZN","DOROTHEA FARM","1","500123025","Dorothea Farm","Dorothea Farm"
"KZN","SCHITSDRIFT","1","500259370","Schitsdrift","Schitsdrift"
"KZN","7-10TH AVENUE","1","500268176","7 10 Th Avenue","7 10 Th Avenue"
"KZN","THEMBALIHLE LOCATION","1","500281496","Thembalihle Location","Thembalihle Location"
"KZN","TARR'S VALLEY","1","500279535","Tarr's Valley","Tarr's Valley"
"KZN","NEAR NTABAMHLOPHE POLICE STATION","1","500442927","Near Ntabamhlophe Police Station","Near Ntabamhlophe Police Station"
"KZN","KWANOBAMBA TOWNSHIP","1","500295001","Kwanobamba Township","Kwanobamba Township"
"KZN","ENKUNZI AREA","1","500295593","Enkunzi Area","Enkunzi Area"
"KZN","UNDERBERG ROAD","1","500279498","Underberg Road","Underberg Road"
"KZN","KOMANE","1","500334517","Komane","Komane"
"KZN","BROOKFIELD FARM","1","500112591","Brookfield Farm","Brookfield Farm"
"KZN","INKANYEZI","1","500117586","Inkanyezi","Inkanyezi"
"KZN","CHAMPAGNE VALLEY","1","500123358","Champagne Valley","Champagne Valley"
"KZN","FAIRLEIGH","1","500116180","Fairleigh","Fairleigh"
"KZN","HELPMEKAAR","1","500129981","Helpmekaar","Helpmekaar"
"KZN","MNGWENYA","1","500145077","Mngwenya","Mngwenya"
"KZN","GANNAHOEK AREA","1","500147075","Gannahoek Area","Gannahoek Area"
"KZN","MACHIBINI","1","500187479","Machibini","Machibini"
"KZN","LIMIT HILL","1","500186554","Limit Hill","Limit Hill"
"KZN","D637 TO ROOSBOOM FARM","1","500230362","D637 To Roosboom Farm","D637 To Roosboom Farm"
"KZN","ANNIE FARM","1","500103230","Annie Farm","Annie Farm"
"KZN","BOTHA'S PASS","1","500111888","Botha's Pass","Botha's Pass"
"KZN","CENTRAL BUSINESS DISTRICT","1","500285455","Central Business District","Central Business District"
"KZN","MTHEMBU","1","500222444","Mthembu","Mthembu"
"KZN","NAZARETH","1","500222962","Nazareth","Nazareth"
"KZN","IMPIMBO AREA","1","500219595","Impimbo Area","Impimbo Area"
"KZN","WEMBEZI T/SHIP","1","500220705","Wembezi T/Ship","Wembezi T/Ship"
"KZN","EMBABANE FARM","1","500222407","Embabane Farm","Embabane Farm"
"KZN","KWAHLATHI WARD 36, EZIHLABATHINI","1","500213379","Kwahlathi Ward 36, Ezihlabathini","Kwahlathi Ward 36, Ezihlabathini"
"KZN","OBSERVATIION HILL","1","500214748","Observatiion Hill","Observatiion Hill"
"KZN","NEXT TO THEKU BUSSTOP","1","500221926","Next To Theku Busstop","Next To Theku Busstop"
"KZN","NEXT TO BHENGU'S SHOP","1","500211529","Next To Bhengu's Shop","Next To Bhengu's Shop"
"KZN","GROOT GELUK FARM","1","500221112","Groot Geluk Farm","Groot Geluk Farm"
"KZN","IGUMA STR","1","500205794","Iguma Str","Iguma Str"
"KZN","ESONTWENI SECTION","1","500202094","Esontweni Section","Esontweni Section"
"KZN","ROAD","1","500200318","Road","Road"
"KZN","VEZUNYAWO","1","500197136","Vezunyawo","Vezunyawo"
"KZN","MALOTTA   GREENPOINT","1","500195360","Malotta   Greenpoint","Malotta   Greenpoint"
"KZN","VAALKOP","1","500191179","Vaalkop","Vaalkop"
"KZN","EMAKHANDENI AREA","1","500188700","Emakhandeni Area","Emakhandeni Area"
"KZN","2 GAVIN NTENDEKA FARM","1","500214082","2 Gavin Ntendeka Farm","2 Gavin Ntendeka Farm"
"KZN","THOLENI KLIPPOORT","1","500185333","Tholeni Klippoort","Tholeni Klippoort"
"KZN","2768 OSIZWENI","1","500200873","2768 Osizweni","2768 Osizweni"
"KZN","FLINTFARM","1","500195027","Flintfarm","Flintfarm"
"KZN","BESTERS","1","500176416","Besters","Besters"
"KZN","KLIP RIVER","1","500172531","Klip River","Klip River"
"KZN","WINDSORDAM AREA","1","500169312","Windsordam Area","Windsordam Area"
"KZN","HUTTENHEIGHTS","1","500444740","Huttenheights","Huttenheights"
"KZN","KADEBE","1","500167462","Kadebe","Kadebe"
"KZN","HLATHIKHULU","1","500165797","Hlathikhulu","Hlathikhulu"
"KZN","ALONG LADYSMTH ROAD","1","500165908","Along Ladysmth Road","Along Ladysmth Road"
"KZN","BY SELBY'S STORE","1","500163133","By Selby's Store","By Selby's Store"
"KZN","PARADISE","1","500186591","Paradise","Paradise"
"KZN","KWAMANZINI  FARM","1","500159100","Kwamanzini  Farm","Kwamanzini  Farm"
"KZN","HAMBROOK","1","500153476","Hambrook","Hambrook"
"KZN","DUBE STREET","1","500151293","Dube Street","Dube Street"
"KZN","WATERSMEET TOWNSHIP","1","500147704","Watersmeet Township","Watersmeet Township"
"KZN","UITVAAL","1","500146409","Uitvaal","Uitvaal"
"KZN","KEMPSLUST FARM","1","500180264","Kempslust Farm","Kempslust Farm"
"KZN","TUGELA ESTATE/SAHLUMBE","1","500145743","Tugela Estate/Sahlumbe","Tugela Estate/Sahlumbe"
"KZN","POTSHINI AREA","1","500143819","Potshini Area","Potshini Area"
"KZN","COLITA","1","500141784","Colita","Colita"
"KZN","NEAR JOBSTOWN OUTSIDE MADADENI","1","500168091","Near Jobstown Outside Madadeni","Near Jobstown Outside Madadeni"
"KZN","BEHIND THE CLINIC","1","500140304","Behind The Clinic","Behind The Clinic"
"KZN","ZYPHERFONTEIN FARM","1","500132608","Zypherfontein Farm","Zypherfontein Farm"
"KZN","INDAKA RURAL","1","500129870","Indaka Rural","Indaka Rural"
"KZN","CHESTER FARM","1","500163059","Chester Farm","Chester Farm"
"KZN","EMMAUS TAXI RANK","1","500133385","Emmaus Taxi Rank","Emmaus Taxi Rank"
"KZN","LOSKOP LOCATION","1","500131202","Loskop Location","Loskop Location"
"KZN","KWATERRESSA","1","500162726","Kwaterressa","Kwaterressa"
"KZN","SPRINGBOKLAAGTE FARM","1","500161061","Springboklaagte Farm","Springboklaagte Farm"
"KZN","EBUSINGATHA AREA","1","500126503","Ebusingatha Area","Ebusingatha Area"
"KZN","SUNNYRIDGE","1","500144707","Sunnyridge","Sunnyridge"
"KZN","WOODSTOCK DAM BRIDGE.","1","500123876","Woodstock Dam Bridge.","Woodstock Dam Bridge."
"KZN","TURN RIGHT ON SKIETDRIFT","1","500119769","Turn Right On Skietdrift","Turn Right On Skietdrift"
"KZN","CORNFIELDS AREA","1","500118141","Cornfields Area","Cornfields Area"
"KZN","MKHAMBA","1","500495578","Mkhamba","Mkhamba"
"KZN","INGWE TRIBAL AUTHORITY","1","500115588","Ingwe Tribal Authority","Ingwe Tribal Authority"
"KZN","BURFORD FARM","1","500113738","Burford Farm","Burford Farm"
"KZN","BRYNBELLA FARM","1","500112813","Brynbella Farm","Brynbella Farm"
"KZN","KWAMANGULA","1","500111666","Kwamangula","Kwamangula"
"KZN","PIETERS ROAD","1","500444296","Pieters Road","Pieters Road"
"KZN","INKUNZI","1","500444444","Inkunzi","Inkunzi"
"KZN","EZIMFENENI","1","500105080","Ezimfeneni","Ezimfeneni"
"KZN","ST CHADS","1","500101787","St Chads","St Chads"
"KZN","DALUXOLO STR SECT. 1","1","500123617","Daluxolo Str Sect. 1","Daluxolo Str Sect. 1"
"KZN","EMAHUKWINI / DOORNHOEK","1","500101565","Emahukwini / Doornhoek","Emahukwini / Doornhoek"
"KZN","ACACIAVALE","1","500100344","Acaciavale","Acaciavale"
"KZN","KWASIMAHLA","1","500414844","Kwasimahla","Kwasimahla"
"KZN","NHLALAKAHLE AREA","1","500414918","Nhlalakahle Area","Nhlalakahle Area"
"KZN","AMAKHASI AREA , VAALKOP","1","500414955","Amakhasi Area , Vaalkop","Amakhasi Area , Vaalkop"
"KZN","ROOSBOOM, PHASE1","1","500414992","Roosboom, Phase1","Roosboom, Phase1"
"KZN","NHLAMBAMASOKA","1","500337551","Nhlambamasoka","Nhlambamasoka"
"KZN","PHESHEYA KWAMATHAMO","1","500334554","Phesheya Kwamathamo","Phesheya Kwamathamo"
"KZN","UMKHUMULABHANTSHI","1","500334702","Umkhumulabhantshi","Umkhumulabhantshi"
"KZN","WASBANK 2920","1","500334258","Wasbank 2920","Wasbank 2920"
"KZN","SOMSUKU","1","500334295","Somsuku","Somsuku"
"KZN","GELUKSBURG","1","500324379","Geluksburg","Geluksburg"
"KZN","EMABHALONINI","1","500324453","Emabhalonini","Emabhalonini"
"KZN","VIA INJESUTHI CLINIC","1","500303918","Via Injesuthi Clinic","Via Injesuthi Clinic"
"KZN","ALFRED DUMA MUNICIPALITY","1","500303511","Alfred Duma Municipality","Alfred Duma Municipality"
"KZN","EKUVUKENI  AREA","1","500300366","Ekuvukeni  Area","Ekuvukeni  Area"
"KZN","ENHLA NOMKHIZE","1","500299108","Enhla Nomkhize","Enhla Nomkhize"
"KZN","EMAKHALATHINI","1","500298257","Emakhalathini","Emakhalathini"
"KZN","NEXT TO WATERSMEET CLINIC","1","500294927","Next To Watersmeet Clinic","Next To Watersmeet Clinic"
"KZN","INKUNZI AREA","1","500293225","Inkunzi Area","Inkunzi Area"
"KZN","WAAIHOEK","1","500292226","Waaihoek","Waaihoek"
"KZN","BALLENGEICH","1","500447552","Ballengeich","Ballengeich"
"KZN","TURN LEFT TO MATIWANESKOP THEN VEYISI","1","500291856","Turn Left To Matiwaneskop Then Veyisi","Turn Left To Matiwaneskop Then Veyisi"
"KZN","BRAKFONTEIN","1","500288452","Brakfontein","Brakfontein"
"KZN","NEXT BESTERS SAPS","1","500289377","Next Besters Saps","Next Besters Saps"
"KZN","FRANK STREET","1","500282495","Frank Street","Frank Street"
"KZN","ROAD D 326  UTRECHT","1","500401413","Road D 326  Utrecht","Road D 326  Utrecht"
"KZN","ENTABEBOMVU","1","500273097","Entabebomvu","Entabebomvu"
"KZN","KLIPOORT","1","500267214","Klipoort","Klipoort"
"KZN","NEXT TO DRIEFONTEIN TAXI RANK","1","500266511","Next To Driefontein Taxi Rank","Next To Driefontein Taxi Rank"
"KZN","ELENGE, NEXT TO NDEBELE STORE","1","500264476","Elenge, Next To Ndebele Store","Elenge, Next To Ndebele Store"
"KZN","MATHEBENI STREET","1","500260554","Mathebeni Street","Mathebeni Street"
"KZN","TSAKANE","1","500260591","Tsakane","Tsakane"
"KZN","SANDSPRUIT","1","500258149","Sandspruit","Sandspruit"
"KZN","WARD 13","1","500256151","Ward 13","Ward 13"
"KZN","SCHOEMAN VILLAGE","1","500254819","Schoeman","Schoeman"
"KZN","INVERNESS FULATHELA FARM","1","500340104","Inverness Fulathela Farm","Inverness Fulathela Farm"
"KZN","EMANGWENI RESERVE","1","500249676","Emangweni Reserve","Emangweni Reserve"
"KZN","LOSKOP              3330","1","500247826","Loskop              3330","Loskop              3330"
"KZN","PEACETOWN JUNCTION","1","500246753","Peacetown Junction","Peacetown Junction"
"KZN","MHLUMAY SITHOLE","1","500244496","Mhlumay Sithole","Mhlumay Sithole"
"KZN","KWAMANKANDANE","1","500240130","Kwamankandane","Kwamankandane"
"KZN","WAAIHOEK AREA","1","500240463","Waaihoek Area","Waaihoek Area"
"KZN","MHLUMAYO  AREA","1","500240685","Mhlumayo  Area","Mhlumayo  Area"
"KZN","FORTMISTAKE","1","500233174","Fortmistake","Fortmistake"
"KZN","HAMBROOK VILLAGE","1","500233581","Hambrook","Hambrook"
"KZN","ONEROOM SECTION","1","500239538","Oneroom Section","Oneroom Section"
"KZN","NEAR UPPER TUGELA SAPS","1","500252932","Near Upper Tugela Saps","Near Upper Tugela Saps"
"KZN","EZAKHENI TOWNSHIP","1","500253820","Ezakheni Township","Ezakheni Township"
"KZN","SAHLUMBE AREA","1","500257298","Sahlumbe Area","Sahlumbe Area"
"KZN","SOMSHOEK","1","500263884","Somshoek","Somshoek"
"KZN","KWAHLATHI","1","500264624","Kwahlathi","Kwahlathi"
"KZN","TSAKANE' UMBULWANE","1","500265586","Tsakane' Umbulwane","Tsakane' Umbulwane"
"KZN","IMBABAZANE LOCAL MUNICIPALITY","1","500272431","Imbabazane Local Municipality","Imbabazane Local Municipality"
"KZN","CATHEDRAL DRIVE ROAD","1","500272727","Cathedral Drive Road","Cathedral Drive Road"
"KZN","ROOI LOCATION","1","500277759","Rooi Location","Rooi Location"
"KZN","BETHANY FARM","1","500282236","Bethany Farm","Bethany Farm"
"KZN","POLICE  STATION","1","500281644","Police  Station","Police  Station"
"KZN","NEAR MAGISTRATE COURT","1","500286343","Near Magistrate Court","Near Magistrate Court"
"KZN","ISANDLWANE NEAR UPPER TUGELA POLICE STATIO VILLAGE","1","500286380","Isandlwane Near Upper Tugela Police Statio","Isandlwane Near Upper Tugela Police Statio"
"KZN","UMTSHEZI RURAL","1","500293151","Umtshezi Rural","Umtshezi Rural"
"KZN","MATIWANESKOP","1","500324305","Matiwaneskop","Matiwaneskop"
"KZN","BALDASKRAAL","1","500334480","Baldaskraal","Baldaskraal"
"KZN","BHEKUZULU VILLAGE","1","500334591","Bhekuzulu","Bhekuzulu"
"KZN","ENKOMOKAZINI AREA","1","500340178","Enkomokazini Area","Enkomokazini Area"
"KZN","DRAYCOTT","1","500101491","Draycott","Draycott"
"KZN","OLIVIERSHOEK PASS","1","500102379","Oliviershoek Pass","Oliviershoek Pass"
"KZN","EMMAUS MISSION","1","500105043","Emmaus Mission","Emmaus Mission"
"KZN","OBONJANENI","1","500105228","Obonjaneni","Obonjaneni"
"KZN","MABHULESINI","1","500490213","Mabhulesini","Mabhulesini"
"KZN","MIMOSADALE","1","500495689","Mimosadale","Mimosadale"
"KZN","WEMBEZI TOWNSHIP","1","500123395","Wembezi Township","Wembezi Township"
"KZN","WOODFORD","1","500129389","Woodford","Woodford"
"KZN","AND CLINIC","1","500132830","And Clinic","And Clinic"
"KZN","EZAKHENI SECTION","1","500143042","Ezakheni Section","Ezakheni Section"
"KZN","PKWAMKHIZE AREA","1","500156547","Pkwamkhize Area","Pkwamkhize Area"
"KZN","PIETERS","1","500162060","Pieters","Pieters"
"KZN","BEHIND POST OFFICE","1","500163614","Behind Post Office","Behind Post Office"
"KZN","MBHENSE","1","500166056","Mbhense","Mbhense"
"KZN","ELENGE AREA,ESAMBANENI","1","500171384","Elenge Area,Esambaneni","Elenge Area,Esambaneni"
"KZN","NEWLAND","1","500173234","Newland","Newland"
"KZN","NEXT TO ACTON HOMES PRIMARY SCHOOL","1","500182669","Next To Acton Homes Primary School","Next To Acton Homes Primary School"
"KZN","OLIVIERSHOEK FARM","1","500191771","Oliviershoek Farm","Oliviershoek Farm"
"KZN","OKHOMBE","1","500198949","Okhombe","Okhombe"
"KZN","EMMAUS","1","500219040","Emmaus","Emmaus"
"KZN","LOSKOP ROAD","1","500184075","Loskop Road","Loskop Road"
"KZN","BEROU FARM","1","500339697","Berou Farm","Berou Farm"
"KZN","NEXT TO PONGOLA CEMETRY","1","500250897","Next To Pongola Cemetry","Next To Pongola Cemetry"
"KZN","EMANYISENI TRIBAL AUTHORITY","1","500327781","Emanyiseni Tribal Authority","Emanyiseni Tribal Authority"
"KZN","SPRINGBOK","1","500280793","Springbok","Springbok"
"KZN","SILWENI AREA","1","500265919","Silweni Area","Silweni Area"
"KZN","EZIDWADWENI AREA","1","500271099","Ezidwadweni Area","Ezidwadweni Area"
"KZN","TREAGER ESTATE FARM","1","500296666","Treager Estate Farm","Treager Estate Farm"
"KZN","NELLY VALLEY FARM","1","500271395","Nelly Valley Farm","Nelly Valley Farm"
"KZN","HILLDALE FARM","1","500269841","Hilldale Farm","Hilldale Farm"
"KZN","OKHUKHO RESERVE","1","500446368","Okhukho Reserve","Okhukho Reserve"
"KZN","EMANTUNGWENI","1","500446442","Emantungweni","Emantungweni"
"KZN","MHLAHLANE RESERVE","1","500108003","Mhlahlane Reserve","Mhlahlane Reserve"
"KZN","UGU PRIMARY SCHOOL","1","500401117","Ugu Primary School","Ugu Primary School"
"KZN","KWA-SHOBA","1","500343064","Kwa Shoba","Kwa Shoba"
"KZN","EZIKHUMBENI","1","500343212","Ezikhumbeni","Ezikhumbeni"
"KZN","B NORTH","1","500342065","B North","B North"
"KZN","WARD 17","1","500260628","Ward 17","Ward 17"
"KZN","GLUCKSTADT","1","500304621","Gluckstadt","Gluckstadt"
"KZN","GOLELA","1","500310652","Golela","Golela"
"KZN","SECTION 3","1","500260147","Section 3","Section 3"
"KZN","BOMBOLO AREA","1","500110815","Bombolo Area","Bombolo Area"
"KZN","SECTION 6","1","500248307","Section 6","Section 6"
"KZN","BLOEMVELD FARM","1","500136086","Bloemveld Farm","Bloemveld Farm"
"KZN","BLOEMENDAL VILLAGE","1","500139009","Bloemendal","Bloemendal"
"KZN","SCHEEPERSNEK FARM","1","500156473","Scheepersnek Farm","Scheepersnek Farm"
"KZN","HLOBANE ROAD","1","500157694","Hlobane Road","Hlobane Road"
"KZN","KODLOMO AREA","1","500162652","Kodlomo Area","Kodlomo Area"
"KZN","VERDRIET FARM","1","500247900","Verdriet Farm","Verdriet Farm"
"KZN","SWART-MFOLOZI","1","500167129","Swart Mfolozi","Swart Mfolozi"
"KZN","BRAKSLOOT FARM","1","500177082","Braksloot Farm","Braksloot Farm"
"KZN","MOOI","1","500180153","Mooi","Mooi"
"KZN","D304 KWAGWEBU AREA","1","500185555","D304 Kwagwebu Area","D304 Kwagwebu Area"
"KZN","ZONYAMA AREA","1","500194731","Zonyama Area","Zonyama Area"
"KZN","CIBILILI AREA","1","500208495","Cibilili Area","Cibilili Area"
"KZN","NONDWENI ROAD","1","500208088","Nondweni Road","Nondweni Road"
"KZN","KWAZIQONGWANA AREA","1","500210493","Kwaziqongwana Area","Kwaziqongwana Area"
"KZN","NHLIZIYONHLE STREET","1","500230251","Nhliziyonhle Street","Nhliziyonhle Street"
"KZN","VRYHEID ROAD","1","500230399","Vryheid Road","Vryheid Road"
"KZN","1301 CHESTER FARM","1","500241684","1301 Chester Farm","1301 Chester Farm"
"KZN","VIA THEKU","1","500264957","Via Theku","Via Theku"
"KZN","ISIKHWEBEZI RIVER","1","500228623","Isikhwebezi River","Isikhwebezi River"
"KZN","HATTINGSPRUIT","1","500264809","Hattingspruit","Hattingspruit"
"KZN","NGWABI AREA","1","500229104","Ngwabi Area","Ngwabi Area"
"KZN","EMTHONJANENI AREA","1","500227920","Emthonjaneni Area","Emthonjaneni Area"
"KZN","MATSHEKETSHE AREA","1","500224812","Matsheketshe Area","Matsheketshe Area"
"KZN","NCOTSHANE T/SHIP","1","500223887","Ncotshane T/Ship","Ncotshane T/Ship"
"KZN","3938","1","500221482","3938","3938"
"KZN","EMADANYINI","1","500214119","Emadanyini","Emadanyini"
"KZN","EMAKHWABE VILLAGE","1","500218078","Emakhwabe","Emakhwabe"
"KZN","MSEBE AREA-ESHESHI","1","500218152","Msebe Area Esheshi","Msebe Area Esheshi"
"KZN","NTSHENTEKA AREA","1","500218263","Ntshenteka Area","Ntshenteka Area"
"KZN","1340 GROOTGELUK FARM","1","500265993","1340 Grootgeluk Farm","1340 Grootgeluk Farm"
"KZN","SCHICKHOEK FARM","1","500212306","Schickhoek Farm","Schickhoek Farm"
"KZN","MKHAZANE AREA","1","500211751","Mkhazane Area","Mkhazane Area"
"KZN","UTRECHT RURAL","1","500210863","Utrecht Rural","Utrecht Rural"
"KZN","MHONGOZINI","1","500210678","Mhongozini","Mhongozini"
"KZN","SHOPPING CENTRE","1","500267880","Shopping Centre","Shopping Centre"
"KZN","LLARNWARNE ESTATES","1","500209753","Llarnwarne Estates","Llarnwarne Estates"
"KZN","MANHLANHLE AREA","1","500197062","Manhlanhle Area","Manhlanhle Area"
"KZN","ST PAULS MISSION","1","500198024","St Pauls Mission","St Pauls Mission"
"KZN","NEAR BIG DAM","1","500196951","Near Big Dam","Near Big Dam"
"KZN","NGCAKA FARM","1","500194990","Ngcaka Farm","Ngcaka Farm"
"KZN","BUTCHERY NEXT TO LUTHERAN CHURCH","1","500193251","Butchery Next To Lutheran Church","Butchery Next To Lutheran Church"
"KZN","KILKEEL FARM","1","500270470","Kilkeel Farm","Kilkeel Farm"
"KZN","BHETHANI","1","500192215","Bhethani","Bhethani"
"KZN","MABEDLANA/MPUNGOSE TRI. AUTHORIY","1","500189921","Mabedlana/Mpungose Tri. Authoriy","Mabedlana/Mpungose Tri. Authoriy"
"KZN","LUNEBURG","1","500188663","Luneburg","Luneburg"
"KZN","LUJOJWANA","1","500188515","Lujojwana","Lujojwana"
"KZN","BLOCK C","1","500186924","Block C","Block C"
"KZN","SLAGVELD FARM","1","500272098","Slagveld Farm","Slagveld Farm"
"KZN","BIRKENSTOCK FARM","1","500273985","Birkenstock Farm","Birkenstock Farm"
"KZN","KWA TOYISA","1","500185296","Kwa Toyisa","Kwa Toyisa"
"KZN","LAKESIDE PARK","1","500184926","Lakeside Park","Lakeside Park"
"KZN","MHLATHI FARM","1","500184704","Mhlathi Farm","Mhlathi Farm"
"KZN","P O BOX 478","1","500182854","P O Box 478","P O Box 478"
"KZN","USUTHU   AREA","1","500182595","Usuthu   Area","Usuthu   Area"
"KZN","TATAMPSCKAMP FARM","1","500273467","Tatampsckamp Farm","Tatampsckamp Farm"
"KZN","KWASHOBA AREA","1","500181300","Kwashoba Area","Kwashoba Area"
"KZN","MAKHOSINI","1","500178525","Makhosini","Makhosini"
"KZN","SPOOLMILL FARM","1","500274651","Spoolmill Farm","Spoolmill Farm"
"KZN","PARRYS FARM KWAFUDUKA","1","500176342","Parrys Farm Kwafuduka","Parrys Farm Kwafuduka"
"KZN","KHOLOKOLO","1","500176823","Kholokolo","Kholokolo"
"KZN","KOMBUZI AREA","1","500177045","Kombuzi Area","Kombuzi Area"
"KZN","SURYAVILLE","1","500279017","Suryaville","Suryaville"
"KZN","PO BOX 987","1","500343101","Po Box 987","Po Box 987"
"KZN","MANZANA","1","500281977","Manzana","Manzana"
"KZN","BATTLEFIELD FARM","1","500172161","Battlefield Farm","Battlefield Farm"
"KZN","441 D HENNING FARM","1","500286158","441 D Henning Farm","441 D Henning Farm"
"KZN","KWAXIMBA TRIBAL AUTH","1","500170348","Kwaximba Tribal Auth","Kwaximba Tribal Auth"
"KZN","LENJANE AREA","1","500168831","Lenjane Area","Lenjane Area"
"KZN","SECTION A","1","500167980","Section A","Section A"
"KZN","MCIYO AREA","1","500166426","Mciyo Area","Mciyo Area"
"KZN","ESIMASHWINI","1","500165501","Esimashwini","Esimashwini"
"KZN","ESWENI PRIMARY","1","500163873","Esweni Primary","Esweni Primary"
"KZN","BABANANGO ROAD","1","500163910","Babanango Road","Babanango Road"
"KZN","WONDERBOOM","1","500164058","Wonderboom","Wonderboom"
"KZN","EMPUPUSI AREA","1","500161394","Empupusi Area","Empupusi Area"
"KZN","KWASOKESIMBONE","1","500160728","Kwasokesimbone","Kwasokesimbone"
"KZN","THUTHUKANI","1","500157065","Thuthukani","Thuthukani"
"KZN","VAALBANK","1","500157102","Vaalbank","Vaalbank"
"KZN","PAARDEPOORT FARM","1","500288415","Paardepoort Farm","Paardepoort Farm"
"KZN","BENSDORP","1","500290598","Bensdorp","Bensdorp"
"KZN","UNIT A LOCATION","1","500146372","Unit A Location","Unit A Location"
"KZN","EZIMPAKANENI AREA","1","500143449","Ezimpakaneni Area","Ezimpakaneni Area"
"KZN","NNGOMA","1","500141969","Nngoma","Nngoma"
"KZN","EMANDLENI STORE NEXT TO INGWEMNYAMA H.P","1","500142043","Emandleni Store Next To Ingwemnyama H.P","Emandleni Store Next To Ingwemnyama H.P"
"KZN","NEAR ZUNGU TRIBAL","1","500141081","Near Zungu Tribal","Near Zungu Tribal"
"KZN","ENZONDWANE AREA","1","500139231","Enzondwane Area","Enzondwane Area"
"KZN","WAAIHOEK FARM","1","500294372","Waaihoek Farm","Waaihoek Farm"
"KZN","CEZA 3866","1","500138269","Ceza 3866","Ceza 3866"
"KZN","NEAR GQOMOZA STORE","1","500136012","Near Gqomoza Store","Near Gqomoza Store"
"KZN","NKONJENI RESERVE","1","500137677","Nkonjeni Reserve","Nkonjeni Reserve"
"KZN","ESIMASHWINI AREA EMVUNYANE","1","500135272","Esimashwini Area Emvunyane","Esimashwini Area Emvunyane"
"KZN","VIA ENYATHI LANGKRANS","1","500135642","Via Enyathi Langkrans","Via Enyathi Langkrans"
"KZN","EMTHUNZINI","1","500135087","Emthunzini","Emthunzini"
"KZN","NTSHANGASE TRIBALAUTHORITY","1","500133792","Ntshangase Tribalauthority","Ntshangase Tribalauthority"
"KZN","BUXEDENI WARD 8","1","500134421","Buxedeni Ward 8","Buxedeni Ward 8"
"KZN","VIA MABEDLANE","1","500132164","Via Mabedlane","Via Mabedlane"
"KZN","ESKHALENI AREA","1","500132201","Eskhaleni Area","Eskhaleni Area"
"KZN","ESIGANGENI AREA","1","500133348","Esigangeni Area","Esigangeni Area"
"KZN","HLOBANE AREA","1","500131091","Hlobane Area","Hlobane Area"
"KZN","TREKTAAT FARM","1","500131461","Trektaat Farm","Trektaat Farm"
"KZN","NJOKO","1","500129093","Njoko","Njoko"
"KZN","BLOCK D EMONDLO","1","500130277","Block D Emondlo","Block D Emondlo"
"KZN","TAMBOEKIESBUIT FARM","1","500130573","Tamboekiesbuit Farm","Tamboekiesbuit Farm"
"KZN","KHOMBELA","1","500128020","Khombela","Khombela"
"KZN","DUMANENI AREA","1","500128612","Dumaneni Area","Dumaneni Area"
"KZN","SECTION 4","1","500298294","Section 4","Section 4"
"KZN","MANDLAKAZI T/A","1","500126355","Mandlakazi T/A","Mandlakazi T/A"
"KZN","HLABISA ROAD","1","500126392","Hlabisa Road","Hlabisa Road"
"KZN","MKHWAKHWENI","1","500124394","Mkhwakhweni","Mkhwakhweni"
"KZN","SCHEEPEERSNECK SETTLEMENT","1","500123691","Scheepeersneck Settlement","Scheepeersneck Settlement"
"KZN","DONGOTHULE AREA","1","500122692","Dongothule Area","Dongothule Area"
"KZN","MORGENZON FARM","1","500122248","Morgenzon Farm","Morgenzon Farm"
"KZN","NEXT TO MAHHASHIN","1","500499685","Next To Mahhashin","Next To Mahhashin"
"KZN","EMCEBO","1","500498945","Emcebo","Emcebo"
"KZN","D SECTION","1","500494949","D Section","D Section"
"KZN","WHITE CITY","1","500493913","White City","White City"
"KZN","NEXT TO CEZA HOSPITAL","1","500115736","Next To Ceza Hospital","Next To Ceza Hospital"
"KZN","NTILIMGWE","1","500113146","Ntilimgwe","Ntilimgwe"
"KZN","BROODSPRUIT FARM","1","500112517","Broodspruit Farm","Broodspruit Farm"
"KZN","2 NTENDEKA GAVIN FARM","1","500301032","2 Ntendeka Gavin Farm","2 Ntendeka Gavin Farm"
"KZN","GLUCKSTADT AREA","1","500112110","Gluckstadt Area","Gluckstadt Area"
"KZN","KWAMBUCU","1","500111000","Kwambucu","Kwambucu"
"KZN","LANGKRANS","1","500110778","Langkrans","Langkrans"
"KZN","SPITSKOP FARM","1","500303252","Spitskop Farm","Spitskop Farm"
"KZN","LAKESIDE","1","500444666","Lakeside","Lakeside"
"KZN","ALMANSNEK FARM","1","500107633","Almansnek Farm","Almansnek Farm"
"KZN","LISTER FARM","1","500303770","Lister Farm","Lister Farm"
"KZN","KLIPWAL ROAD-NTUMBANE","1","500102157","Klipwal Road Ntumbane","Klipwal Road Ntumbane"
"KZN","NGOME(EDLABE)","1","500410996","Ngome(edlabe)","Ngome(edlabe)"
"KZN","VIA MELMOTH ROAD ENHLOPHENI","1","500339253","Via Melmoth Road Enhlopheni","Via Melmoth Road Enhlopheni"
"KZN","BHADENI ZONE","1","500337440","Bhadeni Zone","Bhadeni Zone"
"KZN","OBISHINI AREA","1","500337477","Obishini Area","Obishini Area"
"KZN","MTHETHWA TRUST","1","500335109","Mthethwa Trust","Mthethwa Trust"
"KZN","BILANYONI TOWNSHIP","1","500333925","Bilanyoni Township","Bilanyoni Township"
"KZN","IDLEBE RESERVE","1","500334036","Idlebe Reserve","Idlebe Reserve"
"KZN","SIBONELO FARM","1","500328447","Sibonelo Farm","Sibonelo Farm"
"KZN","NEXT TO MATHENI TRIBAL COURT","1","500327450","Next To Matheni Tribal Court","Next To Matheni Tribal Court"
"KZN","SECTION 7","1","500322196","Section 7","Section 7"
"KZN","CEZA AREA NEAR ISIKHWEBEZI RIVER","1","500327635","Ceza Area Near Isikhwebezi River","Ceza Area Near Isikhwebezi River"
"KZN","NTSONYANE","1","500326155","Ntsonyane","Ntsonyane"
"KZN","P/BAG X 6250","1","500326229","P/Bag X 6250","P/Bag X 6250"
"KZN","ULUNDI RURAL","1","500326377","Ulundi Rural","Ulundi Rural"
"KZN","MSHIKI RESERVE","1","500326932","Mshiki Reserve","Mshiki Reserve"
"KZN","MASOKANENI","1","500326969","Masokaneni","Masokaneni"
"KZN","P.O.BOX 1879","1","500321641","P.O.Box 1879","P.O.Box 1879"
"KZN","PLOT 77","1","500311059","Plot 77","Plot 77"
"KZN","PRIVATE BAG X 6252","1","500311355","Private Bag X 6252","Private Bag X 6252"
"KZN","KWA SIWELA AREA,","1","500311392","Kwa Siwela Area,","Kwa Siwela Area,"
"KZN","MBILANE AREA","1","500309320","Mbilane Area","Mbilane Area"
"KZN","C/O NGOBOZANA TRIBAL AUTHORITY","1","500309357","C/O Ngobozana Tribal Authority","C/O Ngobozana Tribal Authority"
"KZN","25 BOSWORTH , DISTRICT FARM","1","500340363","25 Bosworth , District Farm","25 Bosworth , District Farm"
"KZN","NKONJENI","1","500309431","Nkonjeni","Nkonjeni"
"KZN","GLUCKSTAD","1","500303141","Gluckstad","Gluckstad"
"KZN","DWAALHOEK FARM","1","500303067","Dwaalhoek Farm","Dwaalhoek Farm"
"KZN","XIMBA TRIBAL AUTHORITY","1","500300144","Ximba Tribal Authority","Ximba Tribal Authority"
"KZN","34 R LESLEY FARM","1","500343693","34 R Lesley Farm","34 R Lesley Farm"
"KZN","FLIP -UITSIG FARM","1","500414696","Flip  Uitsig Farm","Flip  Uitsig Farm"
"KZN","PO NGOME","1","500296259","Po Ngome","Po Ngome"
"KZN","NEAR IQALASHU STORE","1","500294261","Near Iqalashu Store","Near Iqalashu Store"
"KZN","KWAMSIBI TRIBAL AUTHORITY","1","500292374","Kwamsibi Tribal Authority","Kwamsibi Tribal Authority"
"KZN","967 NYANDA STREET","1","500291338","967 Nyanda Street","967 Nyanda Street"
"KZN","MANZANA RURAL","1","500414659","Manzana Rural","Manzana Rural"
"KZN","KWAMANDLAKAZI TRI","1","500283716","Kwamandlakazi Tri","Kwamandlakazi Tri"
"KZN","HLOPHEKHULU  AREA","1","500285233","Hlophekhulu  Area","Hlophekhulu  Area"
"KZN","KING CETSHWAYO HIGHWAY","1","500286750","King Cetshwayo Highway","King Cetshwayo Highway"
"KZN","ZIQALELE STORE","1","500281755","Ziqalele Store","Ziqalele Store"
"KZN","MBATHA TRIBAL AUTHORITY MHLAHLANE AREA","1","500280756","Mbatha Tribal Authority Mhlahlane Area","Mbatha Tribal Authority Mhlahlane Area"
"KZN","NYANDA STREET","1","500279868","Nyanda Street","Nyanda Street"
"KZN","WELVERDRIED","1","500280164","Welverdried","Welverdried"
"KZN","280 D-KLIPROOTS FARM","1","500414622","280 D Kliproots Farm","280 D Kliproots Farm"
"KZN","BHADENI  ZONE","1","500271654","Bhadeni  Zone","Bhadeni  Zone"
"KZN","EDUMBE LOCATION","1","500271358","Edumbe Location","Edumbe Location"
"KZN","MATHUKUZA","1","500414511","Mathukuza","Mathukuza"
"KZN","MZINSANGU AREA","1","500270877","Mzinsangu Area","Mzinsangu Area"
"KZN","SIYAZENZELA H.P. SCHOOL","1","500270544","Siyazenzela H.P. School","Siyazenzela H.P. School"
"KZN","KWA MABOPHE","1","500270248","Kwa Mabophe","Kwa Mabophe"
"KZN","MAHLALA MISSION","1","500266585","Mahlala Mission","Mahlala Mission"
"KZN","SIBIYA TRIBAL AUTHORITY","1","500262996","Sibiya Tribal Authority","Sibiya Tribal Authority"
"KZN","STILOFARM","1","500260221","Stilofarm","Stilofarm"
"KZN","KWA DAMBA AREA","1","500259111","Kwa Damba Area","Kwa Damba Area"
"KZN","LOT 266","1","500257483","Lot 266","Lot 266"
"KZN","VIA SIZABONKE STORE","1","500254412","Via Sizabonke Store","Via Sizabonke Store"
"KZN","MVUNYANE WARD","1","500253635","Mvunyane Ward","Mvunyane Ward"
"KZN","MAPHOPHOMA LINE","1","500253783","Maphophoma Line","Maphophoma Line"
"KZN","KING ZWELITHINI HIGHWAY","1","500251600","King Zwelithini Highway","King Zwelithini Highway"
"KZN","NEXT TO STEDHAM CLINIC","1","500251711","Next To Stedham Clinic","Next To Stedham Clinic"
"KZN","ENHLAHLENI","1","500249639","Enhlahleni","Enhlahleni"
"KZN","ESIQOKOLWENI RESERVE","1","500248233","Esiqokolweni Reserve","Esiqokolweni Reserve"
"KZN","EGUGULETHU","1","500245569","Egugulethu","Egugulethu"
"KZN","KWALINDIZWE","1","500243941","Kwalindizwe","Kwalindizwe"
"KZN","STEDHAM AREA","1","500242979","Stedham Area","Stedham Area"
"KZN","STERKSTROOM FARM","1","500243312","Sterkstroom Farm","Sterkstroom Farm"
"KZN","NEXT SHELEZA MINE","1","500242091","Next Sheleza Mine","Next Sheleza Mine"
"KZN","MAPHOPHOMA","1","500242128","Maphophoma","Maphophoma"
"KZN","NKUKHWINI","1","500242239","Nkukhwini","Nkukhwini"
"KZN","MTHETHWATRIBALAUTHORITY","1","500242387","Mthethwatribalauthority","Mthethwatribalauthority"
"KZN","NHLUNGWANE","1","500239834","Nhlungwane","Nhlungwane"
"KZN","EZIDULINI","1","500240500","Ezidulini","Ezidulini"
"KZN","NTSHIYANGIBONE AREA","1","500240648","Ntshiyangibone Area","Ntshiyangibone Area"
"KZN","NHLUNGWANE RESERVE","1","500231213","Nhlungwane Reserve","Nhlungwane Reserve"
"KZN","KWA HODLWENI RESERVE","1","500260332","Kwa Hodlweni Reserve","Kwa Hodlweni Reserve"
"KZN","HLABATHINI RESERVE, IDLEBE AREA","1","500262071","Hlabathini Reserve, Idlebe Area","Hlabathini Reserve, Idlebe Area"
"KZN","SHOBA AREA","1","500262219","Shoba Area","Shoba Area"
"KZN","NDEBELE TRIBAL AUTHORITY","1","500270026","Ndebele Tribal Authority","Ndebele Tribal Authority"
"KZN","MATHENI TRIBAL AUTHORITY","1","500270063","Matheni Tribal Authority","Matheni Tribal Authority"
"KZN","MSIBISIBIYATRIBALAUTHORITY","1","500273134","Msibisibiyatribalauthority","Msibisibiyatribalauthority"
"KZN","NKOSIBOMVU","1","500414474","Nkosibomvu","Nkosibomvu"
"KZN","DAYENI","1","500283605","Dayeni","Dayeni"
"KZN","LANGKRAANS","1","500287268","Langkraans","Langkraans"
"KZN","HLAHLINDLELA TRADITIONAL COUNCIL","1","500290265","Hlahlindlela Traditional Council","Hlahlindlela Traditional Council"
"KZN","EMDUNDUBEZINI","1","500290302","Emdundubezini","Emdundubezini"
"KZN","P.O. BOX 513","1","500293262","P.O. Box 513","P.O. Box 513"
"KZN","BHADENI AREA","1","500303215","Bhadeni Area","Bhadeni Area"
"KZN","BHEKUZULU TOWNSHIP","1","500304695","Bhekuzulu Township","Bhekuzulu Township"
"KZN","NQULWANE AREA","1","500309172","Nqulwane Area","Nqulwane Area"
"KZN","MANYANDENI AREA","1","500310615","Manyandeni Area","Manyandeni Area"
"KZN","ZINQUNYANENI RESERVE","1","500321308","Zinqunyaneni Reserve","Zinqunyaneni Reserve"
"KZN","AND VRYHEID ROADS.","1","500321678","And Vryheid Roads.","And Vryheid Roads."
"KZN","NFOTOMANDLAKAZI TRIBAL COURT","1","500326895","Nfotomandlakazi Tribal Court","Nfotomandlakazi Tribal Court"
"KZN","EMBUDLE AREA","1","500325711","Embudle Area","Embudle Area"
"KZN","EMADRESI","1","500327448","Emadresi","Emadresi"
"KZN","MADAKA AREA","1","500341399","Madaka Area","Madaka Area"
"KZN","EKHUZENI","1","500100270","Ekhuzeni","Ekhuzeni"
"KZN","MBUZI","1","500108817","Mbuzi","Mbuzi"
"KZN","MDUDA  NONGOMA AREA,","1","500108040","Mduda  Nongoma Area,","Mduda  Nongoma Area,"
"KZN","KWAMLONDO","1","500446331","Kwamlondo","Kwamlondo"
"KZN","QONQO AREA","1","500445369","Qonqo Area","Qonqo Area"
"KZN","KWAFUDUKA AREA","1","500495911","Kwafuduka Area","Kwafuduka Area"
"KZN","ARBOR PARK","1","500103378","Arbor Park","Arbor Park"
"KZN","VIA OSUTHU ROYAL PALACE","1","500133126","Via Osuthu Royal Palace","Via Osuthu Royal Palace"
"KZN","KWAMSHENGU","1","500135975","Kwamshengu","Kwamshengu"
"KZN","BHEKUZULU LOCATION","1","500144781","Bhekuzulu Location","Bhekuzulu Location"
"KZN","ROOIPOORT FARM","1","500152107","Rooipoort Farm","Rooipoort Farm"
"KZN","MAPHOPHOMA AREA","1","500153365","Maphophoma Area","Maphophoma Area"
"KZN","P.O. BOX 168","1","500161320","P.O. Box 168","P.O. Box 168"
"KZN","ABAQULUSI RURAL","1","500164502","Abaqulusi Rural","Abaqulusi Rural"
"KZN","NEXT TO GODLANKOMO","1","500168202","Next To Godlankomo","Next To Godlankomo"
"KZN","BAG  X  5093","1","500169978","Bag  X  5093","Bag  X  5093"
"KZN","THOLAKELE TRUST AREA","1","500173715","Tholakele Trust Area","Tholakele Trust Area"
"KZN","PIET RETIEF","1","500174899","Piet Retief","Piet Retief"
"KZN","KWADENGE AREA - EMATHENI","1","500179117","Kwadenge Area   Ematheni","Kwadenge Area   Ematheni"
"KZN","ZAMOKUHLE VILLAGE","1","500182558","Zamokuhle","Zamokuhle"
"KZN","P.O BOX 1577","1","500185185","P.O Box 1577","P.O Box 1577"
"KZN","AURTHORTY  STEDHAM","1","500198505","Aurthorty  Stedham","Aurthorty  Stedham"
"KZN","P.O. BOX 2024","1","500200762","P.O. Box 2024","P.O. Box 2024"
"KZN","UMFOLOZI STREET","1","500200836","Umfolozi Street","Umfolozi Street"
"KZN","P. O.  BOX  1021","1","500201946","P. O.  Box  1021","P. O.  Box  1021"
"KZN","MSHANELO AREA","1","500218337","Mshanelo Area","Mshanelo Area"
"KZN","BHEKUZULU NEW  LOCATION","1","500217005","Bhekuzulu New  Location","Bhekuzulu New  Location"
"KZN","THELEZINI RESERVE","1","500221075","Thelezini Reserve","Thelezini Reserve"
"KZN","KWA MINYA","1","500224479","Kwa Minya","Kwa Minya"
"KZN","NDLOVANA HIGH SCHOOL","1","500225478","Ndlovana High School","Ndlovana High School"
"KZN","MZAMO LOCATION LOUWSBERG","1","500228549","Mzamo Location Louwsberg","Mzamo Location Louwsberg"
"KZN","BILANYONI","1","500495319","Bilanyoni","Bilanyoni"
