"province","raw_locality","school_count","sample_emis","normalized_suggestion","reviewer_decision"
"LP","POLOKWANE","135","904210722.0","Polokwane","Polokwane"
"LP","GIYANI","121","911410591.0","Giyani","Giyani"
"LP","BURGERSFORT","67","925610209.0","Burgersfort","Burgersfort"
"LP","MALAMULELE","51","911360061.0","Malamulele","Malamulele"
"LP","GROBLERSDAL","42","905651132.0","Groblersdal","Groblersdal"
"LP","MOKOPANE","37","906250195.0","Mokopane","Mokopane"
"LP","NZHELELE","36","928330015.0","Nzhelele","Nzhelele"
"LP","BOLOBEDU","36","901510620.0","Bolobedu","Bolobedu"
"LP","MARBLEHALL","36","906120348.0","Marblehall","Marblehall"
"LP","MAKHADO","34","902331711.0","Makhado","Makhado"
"LP","BAKENBERG","34","921140106.0","Bakenberg","Bakenberg"
"LP","JANEFURSE","33","925610438.0","Janefurse","Janefurse"
"LP","GAMPHAHLELE","33","923260031.0","Gamphahlele","Gamphahlele"
"LP","SESHEGO","31","922220699.0","Seshego","Seshego"
"LP","TZANEEN","30","918510545.0","Tzaneen","Tzaneen"
"LP","DZANANI","30","928330114.0","Dzanani","Dzanani"
"LP","THOHOYANDOU","30","905332030.0","Thohoyandou","Thohoyandou"
"LP","SIBASA","27","930310882.0","Sibasa","Sibasa"
"LP","GAMOLEPO","24","921231026.0","Gamolepo","Gamolepo"
"LP","LEPHALALE","24","908110020.0","Lephalale","Lephalale"
"LP","TRICHARDTSDAL","24","926540034.0","Trichardtsdal","Trichardtsdal"
"LP","SEKHUKHUNE","24","925610049.0","Sekhukhune","Sekhukhune"
"LP","NEBO","23","924640378.0","Nebo","Nebo"
"LP","ZEBEDIELA","20","906230955.0","Zebediela","Zebediela"
"LP","BOCHUM","20","920210111.0","Bochum","Bochum"
"LP","MASHASHANE","20","904220910.0","Mashashane","Mashashane"
"LP","ELIM","19","912331056.0","Elim","Elim"
"LP","LENYENYE","19","915530174.0","Lenyenye","Lenyenye"
"LP","VUWANI","19","930320889.0","Vuwani","Vuwani"
"LP","LEBOWAKGOMO","19","923260109.0","Lebowakgomo","Lebowakgomo"
"LP","GAMAMABOLO","18","904241092.0","Gamamabolo","Gamamabolo"
"LP","MOETLADIMO","18","926540140.0","Moetladimo","Moetladimo"
"LP","KGAPANE","17","918510057.0","Kgapane","Kgapane"
"LP","HLANGANANI","16","912521491.0","Hlanganani","Hlanganani"
"LP","REBONE","16","906111696.0","Rebone","Rebone"
"LP","STEELPOORT","15","925660242.0","Steelpoort","Steelpoort"
"LP","SELEKA","15","906111771.0","Seleka","Seleka"
"LP","MASHAU","15","905321585.0","Mashau","Mashau"
"LP","THOYANDOU","15","930360214.0","Thoyandou","Thoyandou"
"LP","MOLETJIE","15","922210234.0","Moletjie","Moletjie"
"LP","DRIEKOP","14","925630203.0","Driekop","Driekop"
"LP","NAMAKGALE","14","913420093.0","Namakgale","Namakgale"
"LP","PHALABORWA","13","903420086.0","Phalaborwa","Phalaborwa"
"LP","DENNILTON","13","924650115.0","Dennilton","Dennilton"
"LP","MODJADJI","13","918510606.0","Modjadji","Modjadji"
"LP","MAPELA","13","921120096.0","Mapela","Mapela"
"LP","THABAZIMBI","13","909130154.0","Thabazimbi","Thabazimbi"
"LP","MOKAMOLE","13","921140038.0","Mokamole","Mokamole"
"LP","LULEKANI","12","903420499.0","Lulekani","Lulekani"
"LP","MOLOTOTSI","12","918510118.0","Molototsi","Molototsi"
"LP","KUTAMA","12","928331988.0","Kutama","Kutama"
"LP","SHILUVANE","11","915530266.0","Shiluvane","Shiluvane"
"LP","SOVENGA","11","923240051.0","Sovenga","Sovenga"
"LP","GAMAMAILA","11","912361606.0","Gamamaila","Gamamaila"
"LP","LWAMONDO","11","930320230.0","Lwamondo","Lwamondo"
"LP","SEKGOPO","11","901340401.0","Sekgopo","Sekgopo"
"LP","RADITSHABA","11","906211053.0","Raditshaba","Raditshaba"
"LP","MAKONDE","11","929310806.0","Makonde","Makonde"
"LP","Marble Hall","10","996606805.0","Marble Hall","Marble Hall"
"LP","GOMPIES","10","921230153.0","Gompies","Gompies"
"LP","GAMATLALA","9","904225755.0","Gamatlala","Gamatlala"
"LP","MATOKS","9","919340357.0","Matoks","Matoks"
"LP","LETSITELE","9","901531122.0","Letsitele","Letsitele"
"LP","MUSINA","9","902331698.0","Musina","Musina"
"LP","TAFELKOP","9","924650023.0","Tafelkop","Tafelkop"
"LP","GAKGAPANE","9","918510309.0","Gakgapane","Gakgapane"
"LP","GAMAJA","9","923260154.0","Gamaja","Gamaja"
"LP","MUTALE","8","929310288.0","Mutale","Mutale"
"LP","MASIA","8","930321318.0","Masia","Masia"
"LP","TSHITALE","8","931340081.0","Tshitale","Tshitale"
"LP","GAMATHABATHA","8","923260116.0","Gamathabatha","Gamathabatha"
"LP","MIDDELBURG","8","996606302.0","Middelburg","Middelburg"
"LP","MAFEFE","8","923260246.0","Mafefe","Mafefe"
"LP","MONSTERLUS","8","905650443.0","Monsterlus","Monsterlus"
"LP","VONGANI","8","912520153.0","Vongani","Vongani"
"LP","SOEKMEKAAR","8","919340258.0","Soekmekaar","Soekmekaar"
"LP","VHUFULI","7","930350101.0","Vhufuli","Vhufuli"
"LP","BELABELA","7","907132324.0","Belabela","Belabela"
"LP","SENWABARWANA","7","920210715.0","Senwabarwana","Senwabarwana"
"LP","MAHWELERENG","7","921120157.0","Mahwelereng","Mahwelereng"
"LP","DIKGALE","7","923240235.0","Dikgale","Dikgale"
"LP","FONDWE","7","930330053.0","Fondwe","Fondwe"
"LP","SASELEMANE","7","911360269.0","Saselemane","Saselemane"
"LP","GROOTHOEK","7","921230092.0","Groothoek","Groothoek"
"LP","SHAYANDIMA","7","915320193.0","Shayandima","Shayandima"
"LP","TO BE UPDATED","7","904222640.0","To Be Updated","To Be Updated"
"LP","LOUISTRICHARDT","6","905331025.0","Louistrichardt","Louistrichardt"
"LP","MODIMOLLE","6","925630081.0","Modimolle","Modimolle"
"LP","ATOK","6","925630043.0","Atok","Atok"
"LP","PENGE","6","925620220.0","Penge","Penge"
"LP","NYLSTROOM","6","907132228.0","Nylstroom","Nylstroom"
"LP","GAMATHAPO","6","920235734.0","Gamathapo","Gamathapo"
"LP","VAALWATER","6","907130079.0","Vaalwater","Vaalwater"
"LP","KHOMANANI","6","912510061.0","Khomanani","Khomanani"
"LP","GLENCOWIE","6","924640255.0","Glencowie","Glencowie"
"LP","STANDNO","6","921230603.0","Standno","Standno"
"LP","MASHAMBA","6","921520344.0","Mashamba","Mashamba"
"LP","DUIWELSKLOOF","6","908521262.0","Duiwelskloof","Duiwelskloof"
"LP","LETABA","6","915530129.0","Letaba","Letaba"
"LP","POBOX","6","923240839.0","Pobox","Pobox"
"LP","GAPHASHA","5","919341169.0","Gaphasha","Gaphasha"
"LP","MULIMA","5","931340098.0","Mulima","Mulima"
"LP","GAMASEMOLA","5","924640941.0","Gamasemola","Gamasemola"
"LP","GACHUENE","5","921261942.0","Gachuene","Gachuene"
"LP","MARKEN","5","906111658.0","Marken","Marken"
"LP","ZONE","5","922220149.0","Zone","Zone"
"LP","MOTETI","5","996606601.0","Moteti","Moteti"
"LP","LEFALANE","5","918610360.0","Lefalane","Lefalane"
"LP","BOTLOKWA","5","919340333.0","Botlokwa","Botlokwa"
"LP","TSHAKHUMA","5","930320513.0","Tshakhuma","Tshakhuma"
"LP","GAMOTHAPO","5","923240662.0","Gamothapo","Gamothapo"
"LP","KHAKHU","5","928331780.0","Khakhu","Khakhu"
"LP","NKOWANKOWA","5","915530075.0","Nkowankowa","Nkowankowa"
"LP","MATOKSRAMOKGOPA","5","919340371.0","Matoksramokgopa","Matoksramokgopa"
"LP","MOTETEMA","5","924650276.0","Motetema","Motetema"
"LP","TSHILWAVHUSIKU","5","928332097.0","Tshilwavhusiku","Tshilwavhusiku"
"LP","WARMBAD","4","910130918.0","Warmbad","Warmbad"
"LP","BLOCK","4","914610157.0","Block","Block"
"LP","SEHLAKWANE","4","996606520.0","Sehlakwane","Sehlakwane"
"LP","HOEDSPRUIT","4","903422011.0","Hoedspruit","Hoedspruit"
"LP","GAMAROGA","4","925630340.0","Gamaroga","Gamaroga"
"LP","TSHAMAHANSI","4","921120089.0","Tshamahansi","Tshamahansi"
"LP","BOTHASHOEK","4","925620361.0","Bothashoek","Bothashoek"
"LP","STEILLOOP","4","921111573.0","Steilloop","Steilloop"
"LP","GAMARISHANE","4","924640064.0","Gamarishane","Gamarishane"
"LP","VUYANI","4","912520030.0","Vuyani","Vuyani"
"LP","TSHIMBUPFE","4","905320995.0","Tshimbupfe","Tshimbupfe"
"LP","NORTHAM","4","909130475.0","Northam","Northam"
"LP","ONVERWACHT","4","908110334.0","Onverwacht","Onverwacht"
"LP","EENSAAM","4","924640194.0","Eensaam","Eensaam"
"LP","TSHILAMBA","4","929310523.0","Tshilamba","Tshilamba"
"LP","THABAMPSHESECTION","4","924640774.0","Thabampshesection","Thabampshesection"
"LP","PHAGAMENG","4","907131270.0","Phagameng","Phagameng"
"LP","MARAPONG","4","906111559.0","Marapong","Marapong"
"LP","MODJADJISKLOOF","4","918510200.0","Modjadjiskloof","Modjadjiskloof"
"LP","ELIMHOSPITAL","4","912331117.0","Elimhospital","Elimhospital"
"LP","MHINGA","4","911360313.0","Mhinga","Mhinga"
"LP","NABOOMSPRUIT","4","906120522.0","Naboomspruit","Naboomspruit"
"LP","BUNGENI","4","912520078.0","Bungeni","Bungeni"
"LP","NWAMITWA","4","915530198.0","Nwamitwa","Nwamitwa"
"LP","GADIKGALE","4","923240679.0","Gadikgale","Gadikgale"
"LP","MPHAMBOVILLAGE","3","911360672.0","Mphambovillage","Mphambovillage"
"LP","VILLAGE","3","923260628.0","Village","Village"
"LP","GASELWANE","3","923260611.0","Gaselwane","Gaselwane"
"LP","MPUMBULUNI","3","929310059.0","Mpumbuluni","Mpumbuluni"
"LP","MOLETLANE","3","921230443.0","Moletlane","Moletlane"
"LP","MOIME","3","926540423.0","Moime","Moime"
"LP","KOLOTI","3","922220613.0","Koloti","Koloti"
"LP","BUSHYPARK","3","931520276.0","Bushypark","Bushypark"
"LP","POMODJADJI","3","918510477.0","Pomodjadji","Pomodjadji"
"LP","LESEDING","3","907131973.0","Leseding","Leseding"
"LP","GANKWANA","3","925610094.0","Gankwana","Gankwana"
"LP","SINTHUMULE","3","905332066.0","Sinthumule","Sinthumule"
"LP","MOHLALETSE","3","925610186.0","Mohlaletse","Mohlaletse"
"LP","BAKONE","3","922250072.0","Bakone","Bakone"
"LP","MAROTENG","3","921120454.0","Maroteng","Maroteng"
"LP","BURGERSDORP","3","915541273.0","Burgersdorp","Burgersdorp"
"LP","MOHLABACROSS","3","915540225.0","Mohlabacross","Mohlabacross"
"LP","MARANZHE","3","930350712.0","Maranzhe","Maranzhe"
"LP","ZONEA","3","923261027.0","Zonea","Zonea"
"LP","GARAMOKGOPA","3","919340418.0","Garamokgopa","Garamokgopa"
"LP","PRAKTISEER","3","925620138.0","Praktiseer","Praktiseer"
"LP","GAMAKOFANE","3","925620190.0","Gamakofane","Gamakofane"
"LP","VALDEZIA","3","905331131.0","Valdezia","Valdezia"
"LP","ELANDSDORING","3","996606715.0","Elandsdoring","Elandsdoring"
"LP","GARIBA","3","925620329.0","Gariba","Gariba"
"LP","WATERKLOOF","3","996606705.0","Waterkloof","Waterkloof"
"LP","FLORAPARK","3","904221303.0","Florapark","Florapark"
"LP","NWAMANUNGU","3","912520443.0","Nwamanungu","Nwamanungu"
"LP","KGAUTSWANE","3","925620602.0","Kgautswane","Kgautswane"
"LP","DZIMAULI","3","929311281.0","Dzimauli","Dzimauli"
"LP","MANKWENG","3","923240976.0","Mankweng","Mankweng"
"LP","RIBACROSS","3","925620831.0","Ribacross","Ribacross"
"LP","XIHOKO","3","915530082.0","Xihoko","Xihoko"
"LP","MABOTSHA","3","925620930.0","Mabotsha","Mabotsha"
"LP","MAKOTOPONG","3","923240495.0","Makotopong","Makotopong"
"LP","LEVUBU","3","905320391.0","Levubu","Levubu"
"LP","DUTHUNI","3","930320063.0","Duthuni","Duthuni"
"LP","SHAYADIMA","3","930320070.0","Shayadima","Shayadima"
"LP","MAUNGANI","3","930350026.0","Maungani","Maungani"
"LP","SIYANDHANI","3","916410119.0","Siyandhani","Siyandhani"
"LP","WATERKOP","3","925631350.0","Waterkop","Waterkop"
"LP","GARAPHAHLELO","3","919340234.0","Garaphahlelo","Garaphahlelo"
"LP","MUKULA","3","930350194.0","Mukula","Mukula"
"LP","MADIBANENG","3","925660495.0","Madibaneng","Madibaneng"
"LP","GARAKGWADI","3","924642281.0","Garakgwadi","Garakgwadi"
"LP","NGWAABE","3","925660709.0","Ngwaabe","Ngwaabe"
"LP","GAMASHABELA","3","924641753.0","Gamashabela","Gamashabela"
"LP","ONVERWAGT","3","991103204.0","Onverwagt","Onverwagt"
"LP","WITPOORT","3","921110587.0","Witpoort","Witpoort"
"LP","INDERMARK","3","904210821.0","Indermark","Indermark"
"LP","BOYNE","3","923240747.0","Boyne","Boyne"
"LP","MASEMOLA","3","924320468.0","Masemola","Masemola"
"LP","GAMOLOI","3","924641234.0","Gamoloi","Gamoloi"
"LP","MASHISHIMALE VILLAGE","3","994402304.0","Mashishimale","Mashishimale"
"LP","MUNGOMANI","3","928330589.0","Mungomani","Mungomani"
"LP","MARISHANE","3","924640811.0","Marishane","Marishane"
"LP","DUMASI","3","930350347.0","Dumasi","Dumasi"
"LP","NGHEZIMANIVILLAGE","3","911360177.0","Nghezimanivillage","Nghezimanivillage"
"LP","POTGIETERSRUS","3","906111580.0","Potgietersrus","Potgietersrus"
"LP","THULAMELAMUNICIPALITY","3","911360597.0","Thulamelamunicipality","Thulamelamunicipality"
"LP","KEDIKETSE","2","924640316.0","Kediketse","Kediketse"
"LP","RIETFONTEIN","2","924640354.0","Rietfontein","Rietfontein"
"LP","MMAKOSHALA","2","924640569.0","Mmakoshala","Mmakoshala"
"LP","MOHLAREKOMAVILLAGE","2","924640996.0","Mohlarekomavillage","Mohlarekomavillage"
"LP","MAMONE","2","924641272.0","Mamone","Mamone"
"LP","TSANTSABELA","2","921230368.0","Tsantsabela","Tsantsabela"
"LP","KUTUPUVILLAGE","2","924641371.0","Kutupuvillage","Kutupuvillage"
"LP","ELANDSKRAALVILLAGE","2","906120188.0","Elandskraalvillage","Elandskraalvillage"
"LP","NEXTTOROMANCATHOLICCHURCH","2","924641388.0","Nexttoromancatholicchurch","Nexttoromancatholicchurch"
"LP","MARISHANEVILLAGE","2","924641692.0","Marishanevillage","Marishanevillage"
"LP","GAMASHAMOTHANE","2","996602401.0","Gamashamothane","Gamashamothane"
"LP","OHRIGSTAD","2","996602201.0","Ohrigstad","Ohrigstad"
"LP","LEOPARDS BUSH","2","996602112.0","Leopards Bush","Leopards Bush"
"LP","MABOPANESECTION","2","924641777.0","Mabopanesection","Mabopanesection"
"LP","MAPHOPHA","2","925660648.0","Maphopha","Maphopha"
"LP","THOTOVILLAGE","2","924642749.0","Thotovillage","Thotovillage"
"LP","GASEEMAVILLAGE","2","922250645.0","Gaseemavillage","Gaseemavillage"
"LP","CERES","2","922250621.0","Ceres","Ceres"
"LP","GAMAFOLO","2","925631077.0","Gamafolo","Gamafolo"
"LP","GAKGOSHI","2","925630630.0","Gakgoshi","Gakgoshi"
"LP","GAMAHLOKOANE","2","925630579.0","Gamahlokoane","Gamahlokoane"
"LP","MAGAKALAAREA","2","925630470.0","Magakalaarea","Magakalaarea"
"LP","MOOIHOEK","2","925630449.0","Mooihoek","Mooihoek"
"LP","GAMATSEPE","2","924650030.0","Gamatsepe","Gamatsepe"
"LP","LEEUWFONTEIN","2","924650153.0","Leeuwfontein","Leeuwfontein"
"LP","MPUDULLE","2","924650382.0","Mpudulle","Mpudulle"
"LP","MASHABELA","2","925630050.0","Mashabela","Mashabela"
"LP","ROOSSENEKAL","2","996606301.0","Roossenekal","Roossenekal"
"LP","GAMAROTA","2","925621209.0","Gamarota","Gamarota"
"LP","MANDELAVILLAGE","2","922223378.0","Mandelavillage","Mandelavillage"
"LP","RIETSPRUIT","2","991103206.0","Rietspruit","Rietspruit"
"LP","JUNOVILLAGE","2","922250447.0","Junovillage","Junovillage"
"LP","KEEROM","2","996606519.0","Keerom","Keerom"
"LP","WALKRAALB","2","996606610.0","Walkraalb","Walkraalb"
"LP","MAKOPUNG","2","925620497.0","Makopung","Makopung"
"LP","APIESDORING","2","925620404.0","Apiesdoring","Apiesdoring"
"LP","SEMANENG","2","922250294.0","Semaneng","Semaneng"
"LP","TENMORGEN","2","996606615.0","Tenmorgen","Tenmorgen"
"LP","KIRKVORSFONTEIN","2","996606706.0","Kirkvorsfontein","Kirkvorsfontein"
"LP","MAPARENG","2","925620244.0","Mapareng","Mapareng"
"LP","GAPHAGO","2","922250225.0","Gaphago","Gaphago"
"LP","LONSDALE","2","922250218.0","Lonsdale","Lonsdale"
"LP","NTWANE","2","996606716.0","Ntwane","Ntwane"
"LP","APEL","2","925610490.0","Apel","Apel"
"LP","MALEBITSA","2","996606804.0","Malebitsa","Malebitsa"
"LP","MALAVUWE","2","905350095.0","Malavuwe","Malavuwe"
"LP","GAMATSIMELA","2","925610223.0","Gamatsimela","Gamatsimela"
"LP","MAGONAVILLAGE","2","905360160.0","Magonavillage","Magonavillage"
"LP","PHAPHAZELA","2","905361620.0","Phaphazela","Phaphazela"
"LP","HASANI","2","911320896.0","Hasani","Hasani"
"LP","NKAVELE","2","911321806.0","Nkavele","Nkavele"
"LP","GAMADIBA","2","922221135.0","Gamadiba","Gamadiba"
"LP","MHINGAVILLAGE","2","911360276.0","Mhingavillage","Mhingavillage"
"LP","SASELAMANE","2","911360399.0","Saselamane","Saselamane"
"LP","GAMASHA","2","924610124.0","Gamasha","Gamasha"
"LP","MOSHATE","2","922220989.0","Moshate","Moshate"
"LP","MUSWODITSHISIMANI","2","929310035.0","Muswoditshisimani","Muswoditshisimani"
"LP","AQUA PARK","2","995503407.0","Aqua Park","Aqua Park"
"LP","GAMAAKE","2","926540812.0","Gamaake","Gamaake"
"LP","SEROLENG","2","921230279.0","Seroleng","Seroleng"
"LP","TOPANAMA","2","926540447.0","Topanama","Topanama"
"LP","MOGOTO","2","921230351.0","Mogoto","Mogoto"
"LP","RAMONGWANANO","2","922220668.0","Ramongwanano","Ramongwanano"
"LP","MATSHENA","2","929310066.0","Matshena","Matshena"
"LP","TSHIUNGANI","2","929310134.0","Tshiungani","Tshiungani"
"LP","MATOME","2","921230504.0","Matome","Matome"
"LP","GAMAMETJA","2","926540058.0","Gamametja","Gamametja"
"LP","MARAMANZHI","2","929310295.0","Maramanzhi","Maramanzhi"
"LP","MOOKGO","2","918512213.0","Mookgo","Mookgo"
"LP","MANGAYA","2","929310684.0","Mangaya","Mangaya"
"LP","MABJEPILONG","2","918510835.0","Mabjepilong","Mabjepilong"
"LP","GAMASHASHANE","2","922220095.0","Gamashashane","Gamashashane"
"LP","MABOKELELE","2","922220057.0","Mabokelele","Mabokelele"
"LP","PHARAREVILLAGE","2","915540089.0","Phararevillage","Phararevillage"
"LP","XIHOKOVILLAGE","2","915530983.0","Xihokovillage","Xihokovillage"
"LP","MUKONDENI","2","929310912.0","Mukondeni","Mukondeni"
"LP","MIANSWI","2","929310974.0","Mianswi","Mianswi"
"LP","MARABA","2","922220019.0","Maraba","Maraba"
"LP","GOGOGO","2","929311083.0","Gogogo","Gogogo"
"LP","RUNNYMEDEVILLAGE","2","915530358.0","Runnymedevillage","Runnymedevillage"
"LP","MOLATI","2","915530297.0","Molati","Molati"
"LP","LUKAUVILLAGE","2","929311120.0","Lukauvillage","Lukauvillage"
"LP","MAKGOFEVILLAGE","2","922220552.0","Makgofevillage","Makgofevillage"
"LP","THENGWE","2","929311342.0","Thengwe","Thengwe"
"LP","LAMVI","2","930310516.0","Lamvi","Lamvi"
"LP","NKAMBAKOVILLAGE","2","915530150.0","Nkambakovillage","Nkambakovillage"
"LP","VHURIVHURI","2","930310530.0","Vhurivhuri","Vhurivhuri"
"LP","GAMARABA","2","922220880.0","Gamaraba","Gamaraba"
"LP","ITSANIVILLAGE","2","930320032.0","Itsanivillage","Itsanivillage"
"LP","TSHISAHULU","2","930320223.0","Tshisahulu","Tshisahulu"
"LP","THONDONI","2","930321196.0","Thondoni","Thondoni"
"LP","EXTENSION","2","930350040.0","Extension","Extension"
"LP","GASEKGOPO","2","901340623.0","Gasekgopo","Gasekgopo"
"LP","TSHIDINBINI","2","930350217.0","Tshidinbini","Tshidinbini"
"LP","HALUVHIMBI","2","930350231.0","Haluvhimbi","Haluvhimbi"
"LP","MYNGENOEGEN","2","922223261.0","Myngenoegen","Myngenoegen"
"LP","SEKGOSESE","2","919341919.0","Sekgosese","Sekgosese"
"LP","MOOKETSI","2","919341091.0","Mooketsi","Mooketsi"
"LP","SOLOMONDALE","2","923240037.0","Solomondale","Solomondale"
"LP","MULENZHE","2","930350330.0","Mulenzhe","Mulenzhe"
"LP","GARAPHAHLELA","2","919340272.0","Garaphahlela","Garaphahlela"
"LP","BLOCKJ","2","930350453.0","Blockj","Blockj"
"LP","MPHEGO","2","930350477.0","Mphego","Mphego"
"LP","SOETFONTEIN","2","919340227.0","Soetfontein","Soetfontein"
"LP","MULEDANE","2","930350484.0","Muledane","Muledane"
"LP","DZINGAHE","2","930351005.0","Dzingahe","Dzingahe"
"LP","NGOVHELA","2","930351036.0","Ngovhela","Ngovhela"
"LP","LUKALO","2","930360962.0","Lukalo","Lukalo"
"LP","MAROBALA","2","923240266.0","Marobala","Marobala"
"LP","Shitlhelani Village","2","993301103.0","Shitlhelani","Shitlhelani"
"LP","SEBAYENG","2","923240327.0","Sebayeng","Sebayeng"
"LP","BLOCKG","2","918510224.0","Blockg","Blockg"
"LP","MAVAMBE VILLAGE","2","993301109.0","Mavambe","Mavambe"
"LP","NANCEFIELD","2","902331797.0","Nancefield","Nancefield"
"LP","GAKIBI","2","920211183.0","Gakibi","Gakibi"
"LP","GAMOCHEMI","2","920211176.0","Gamochemi","Gamochemi"
"LP","DZUMERI","2","916411466.0","Dzumeri","Dzumeri"
"LP","XIKUKWANA VILLAGE","2","916411211.0","Xikukwana","Xikukwana"
"LP","UNALLOCATED","2","928330022.0","Unallocated","Unallocated"
"LP","VHULAUDZI","2","928330558.0","Vhulaudzi","Vhulaudzi"
"LP","NWADZEKUDZEKU","2","916410812.0","Nwadzekudzeku","Nwadzekudzeku"
"LP","GAMANYAKA","2","920210968.0","Gamanyaka","Gamanyaka"
"LP","BLOCKB","2","916410775.0","Blockb","Blockb"
"LP","KREMETART","2","916410447.0","Kremetart","Kremetart"
"LP","MUDIMELI","2","928331674.0","Mudimeli","Mudimeli"
"LP","KROMHOEK","2","920210913.0","Kromhoek","Kromhoek"
"LP","XIVULANI","2","916410096.0","Xivulani","Xivulani"
"LP","MAMVUKA","2","928331766.0","Mamvuka","Mamvuka"
"LP","BLOCKA","2","920210845.0","Blocka","Blocka"
"LP","MAPATEVILLAGE","2","930320124.0","Mapatevillage","Mapatevillage"
"LP","KHUMBE","2","930320476.0","Khumbe","Khumbe"
"LP","MUUNGAMUNGWE","2","930320520.0","Muungamungwe","Muungamungwe"
"LP","HAMUTSHA","2","930320759.0","Hamutsha","Hamutsha"
"LP","MALEBOHO","2","920210609.0","Maleboho","Maleboho"
"LP","GAMOTHIBA","2","923241108.0","Gamothiba","Gamothiba"
"LP","MONGALOVILLAGE","2","920210548.0","Mongalovillage","Mongalovillage"
"LP","BLOUBERGMUNICIPALITY","2","920210456.0","Bloubergmunicipality","Bloubergmunicipality"
"LP","MUWAWENI","2","931340111.0","Muwaweni","Muwaweni"
"LP","GRAVELOTTE","2","903420154.0","Gravelotte","Gravelotte"
"LP","MUILA","2","931340197.0","Muila","Muila"
"LP","STAND","2","902971823.0","Stand","Stand"
"LP","MAKULANA","2","931520733.0","Makulana","Makulana"
"LP","BREDA","2","921250300.0","Breda","Breda"
"LP","MAHLABA","2","921142485.0","Mahlaba","Mahlaba"
"LP","STEILOOP","2","921142256.0","Steiloop","Steiloop"
"LP","TREVES","2","921142119.0","Treves","Treves"
"LP","NJHAKANJHAKA VILLAGE","2","993304002.0","Njhakanjhaka","Njhakanjhaka"
"LP","MOTONG","2","921142027.0","Motong","Motong"
"LP","GAMPHAHELE","2","923260079.0","Gamphahele","Gamphahele"
"LP","INVERAANVILLAGE","2","920210227.0","Inveraanvillage","Inveraanvillage"
"LP","LOUIS TRICHARDT","2","993304310.0","Louis Trichardt","Louis Trichardt"
"LP","NEWSTAND","2","920210173.0","Newstand","Newstand"
"LP","GAMOLEKWA","2","921141826.0","Gamolekwa","Gamolekwa"
"LP","SWARTWATER","2","906110099.0","Swartwater","Swartwater"
"LP","POSUSWE","2","921141109.0","Posuswe","Posuswe"
"LP","GALEKALAKALA","2","921140274.0","Galekalakala","Galekalakala"
"LP","GASELEKA","2","906111788.0","Gaseleka","Gaseleka"
"LP","GAMAFEFE","2","923260512.0","Gamafefe","Gamafefe"
"LP","MATHLABA","2","921140090.0","Mathlaba","Mathlaba"
"LP","MOOKGOPHONG","2","906120126.0","Mookgophong","Mookgophong"
"LP","ROEDTAN","2","906120515.0","Roedtan","Roedtan"
"LP","ALMA","2","907130505.0","Alma","Alma"
"LP","MALEPETLEKE","2","921120492.0","Malepetleke","Malepetleke"
"LP","GAMAKGATO","2","919340814.0","Gamakgato","Gamakgato"
"LP","SPRINGS","2","919340807.0","Springs","Springs"
"LP","WARMBATHS","2","910130338.0","Warmbaths","Warmbaths"
"LP","RHENOSTERKLOOF","2","910131461.0","Rhenosterkloof","Rhenosterkloof"
"LP","ROOIBERG","2","910131645.0","Rooiberg","Rooiberg"
"LP","MAKOPANE","2","921120058.0","Makopane","Makopane"
"LP","VILLANORA","2","921110570.0","Villanora","Villanora"
"LP","GAMACHIKIRI","2","906120409.0","Gamachikiri","Gamachikiri"
"LP","PALALA","2","921111443.0","Palala","Palala"
"LP","MOOKGOPONG","2","991102400.0","Mookgopong","Mookgopong"
"LP","DENDRON","2","904210395.0","Dendron","Dendron"
"LP","BOSLAAGTEVILLAGE","2","922250744.0","Boslaagtevillage","Boslaagtevillage"
"LP","NIRVANA","2","992205503.0","Nirvana","Nirvana"
"LP","STERPARK","1","992205508.0","Sterpark","Sterpark"
"LP","BENDOR","1","992205519.0","Bendor","Bendor"
"LP","THE ALOES","1","992205524.0","The Aloes","The Aloes"
"LP","WESTENBURG","1","992205502.0","Westenburg","Westenburg"
"LP","NTSIMA VILLAGE","1","992203504.0","Ntsima","Ntsima"
"LP","MADIGA","1","992203505.0","Madiga","Madiga"
"LP","MAMAHULE","1","992205526.0","Mamahule","Mamahule"
"LP","DALMADA","1","992205527.0","Dalmada","Dalmada"
"LP","BALTIMORE","1","906110044.0","Baltimore","Baltimore"
"LP","POMARKEN","1","906110907.0","Pomarken","Pomarken"
"LP","OPPOSITETHEPENINAPARKTURNOFF","1","992205501.0","Oppositethepeninaparkturnoff","Oppositethepeninaparkturnoff"
"LP","GA-LEDWABA","1","992204104.0","Ga Ledwaba","Ga Ledwaba"
"LP","TOLWE","1","906111672.0","Tolwe","Tolwe"
"LP","TLHATLAGANYA","1","992203502.0","Tlhatlaganya","Tlhatlaganya"
"LP","BLINKWATERFARM","1","906120065.0","Blinkwaterfarm","Blinkwaterfarm"
"LP","MAKANESVALLEYVILLAGE","1","906120171.0","Makanesvalleyvillage","Makanesvalleyvillage"
"LP","UNITATZANEENROAD","1","992203201.0","Unitatzaneenroad","Unitatzaneenroad"
"LP","MOOIPLAASFARM","1","906120416.0","Mooiplaasfarm","Mooiplaasfarm"
"LP","BOERDERY","1","906120645.0","Boerdery","Boerdery"
"LP","AKASIAMOKOPANE","1","906121303.0","Akasiamokopane","Akasiamokopane"
"LP","GLENESKVILLAGE","1","906121556.0","Gleneskvillage","Gleneskvillage"
"LP","GILEED","1","906142157.0","Gileed","Gileed"
"LP","MYNGENOEN","1","971516108.0","Myngenoen","Myngenoen"
"LP","RABONE","1","921111719.0","Rabone","Rabone"
"LP","SEKURUWE","1","921120027.0","Sekuruwe","Sekuruwe"
"LP","LEKGWARENG","1","923262047.0","Lekgwareng","Lekgwareng"
"LP","MATOBOLEVILLAGE","1","923261201.0","Matobolevillage","Matobolevillage"
"LP","MMAFEFE","1","923261072.0","Mmafefe","Mmafefe"
"LP","GALEDWABA","1","923260963.0","Galedwaba","Galedwaba"
"LP","MOKGOPONG","1","921120270.0","Mokgopong","Mokgopong"
"LP","MOTLHOTLO","1","921120362.0","Motlhotlo","Motlhotlo"
"LP","MAKGAOLATSHELE","1","921120379.0","Makgaolatshele","Makgaolatshele"
"LP","GASEKHAOLELO","1","921120386.0","Gasekhaolelo","Gasekhaolelo"
"LP","MASHAHLENGVILLAGE","1","921120393.0","Mashahlengvillage","Mashahlengvillage"
"LP","GAMAKGOBA","1","923260765.0","Gamakgoba","Gamakgoba"
"LP","MPHAHLELE","1","923260758.0","Mphahlele","Mphahlele"
"LP","MOSESETSANA","1","921120577.0","Mosesetsana","Mosesetsana"
"LP","MOLOPANE","1","921120607.0","Molopane","Molopane"
"LP","MILLENIUNPARK","1","921120638.0","Milleniunpark","Milleniunpark"
"LP","MABUELAVILLAGE","1","921120669.0","Mabuelavillage","Mabuelavillage"
"LP","SANDSLOOTGANABUSELA","1","921120683.0","Sandslootganabusela","Sandslootganabusela"
"LP","GALEBELOVILLAGE","1","921120690.0","Galebelovillage","Galebelovillage"
"LP","PHAFOLAVILLAGE","1","921120751.0","Phafolavillage","Phafolavillage"
"LP","SEKURUWEVILLAGE","1","921120782.0","Sekuruwevillage","Sekuruwevillage"
"LP","GAMOKABA","1","921120836.0","Gamokaba","Gamokaba"
"LP","STERKWATER","1","921120874.0","Sterkwater","Sterkwater"
"LP","MASODI","1","921120898.0","Masodi","Masodi"
"LP","PILAVILLAGE","1","921120911.0","Pilavillage","Pilavillage"
"LP","STERKWATERGAPILA","1","921120928.0","Sterkwatergapila","Sterkwatergapila"
"LP","MOSODI","1","921120980.0","Mosodi","Mosodi"
"LP","MABUSELAVILLAGE","1","921121020.0","Mabuselavillage","Mabuselavillage"
"LP","MOKABA","1","921121099.0","Mokaba","Mokaba"
"LP","MESEHIANENG","1","921121129.0","Mesehianeng","Mesehianeng"
"LP","KGAMADIBA","1","921121198.0","Kgamadiba","Kgamadiba"
"LP","GAMOLEKANE","1","921121297.0","Gamolekane","Gamolekane"
"LP","HANSGAMASENYA","1","921121389.0","Hansgamasenya","Hansgamasenya"
"LP","MOSESETJANAGASEKGOBOKO","1","921121396.0","Mosesetjanagasekgoboko","Mosesetjanagasekgoboko"
"LP","SEKIMINGVILLAGE","1","921121402.0","Sekimingvillage","Sekimingvillage"
"LP","VAALTYNVILLAGE","1","921121419.0","Vaaltynvillage","Vaaltynvillage"
"LP","MOSESETJANEVILLAGE","1","921121945.0","Mosesetjanevillage","Mosesetjanevillage"
"LP","GAMAGONGOA","1","921121952.0","Gamagongoa","Gamagongoa"
"LP","STERKRIVIER","1","921121976.0","Sterkrivier","Sterkrivier"
"LP","VAALTYN","1","921121990.0","Vaaltyn","Vaaltyn"
"LP","PERCYFYFEROAD","1","921121991.0","Percyfyferoad","Percyfyferoad"
"LP","MOSESETJANE","1","921122079.0","Mosesetjane","Mosesetjane"
"LP","VILLAGENEXT","1","923260680.0","Villagenext","Villagenext"
"LP","SKRIKFONTEIN","1","921140045.0","Skrikfontein","Skrikfontein"
"LP","SEMILOANE","1","923260598.0","Semiloane","Semiloane"
"LP","GAMAMPA","1","923260314.0","Gamampa","Gamampa"
"LP","GAMPHALELA","1","923260308.0","Gamphalela","Gamphalela"
"LP","VLAKFONTEINFARMBAKENBERG","1","921140373.0","Vlakfonteinfarmbakenberg","Vlakfonteinfarmbakenberg"
"LP","GACHOKOE","1","921140533.0","Gachokoe","Gachokoe"
"LP","VLAKFONTEINVILLAGEBAKENBERG","1","921140564.0","Vlakfonteinvillagebakenberg","Vlakfonteinvillagebakenberg"
"LP","REBONG","1","921140854.0","Rebong","Rebong"
"LP","SELETENG","1","923260253.0","Seleteng","Seleteng"
"LP","MOKAPANE","1","921141154.0","Mokapane","Mokapane"
"LP","RAMATATANE","1","921141345.0","Ramatatane","Ramatatane"
"LP","FEKEVILLAGE","1","923260185.0","Fekevillage","Fekevillage"
"LP","MAKOMOLE","1","921141857.0","Makomole","Makomole"
"LP","SEPHARANE","1","921141871.0","Sepharane","Sepharane"
"LP","RAMALOPENELLYVILLAGE","1","921141888.0","Ramalopenellyvillage","Ramalopenellyvillage"
"LP","KGOPENGBAKENGERG","1","921141895.0","Kgopengbakengerg","Kgopengbakengerg"
"LP","RAPADIVILLAGE","1","921141925.0","Rapadivillage","Rapadivillage"
"LP","TREVIS","1","921141994.0","Trevis","Trevis"
"LP","TEVES","1","921142010.0","Teves","Teves"
"LP","MOLAPOMATEBELLELEBOWAKGOMO","1","923260048.0","Molapomatebellelebowakgomo","Molapomatebellelebowakgomo"
"LP","BAVARIA","1","921142102.0","Bavaria","Bavaria"
"LP","PODILE","1","923242484.0","Podile","Podile"
"LP","MATLALA","1","921142133.0","Matlala","Matlala"
"LP","KGOTSORO","1","921142201.0","Kgotsoro","Kgotsoro"
"LP","MATLALANE","1","921142218.0","Matlalane","Matlalane"
"LP","GAMAMABOBO","1","923242453.0","Gamamabobo","Gamamabobo"
"LP","NEXTTOMATSAKACAFE","1","921142263.0","Nexttomatsakacafe","Nexttomatsakacafe"
"LP","SUSWE","1","921142300.0","Suswe","Suswe"
"LP","MAGALAKWIN","1","921142409.0","Magalakwin","Magalakwin"
"LP","KADITSWENE","1","921142423.0","Kaditswene","Kaditswene"
"LP","BASTERPADVILLAGE","1","921142478.0","Basterpadvillage","Basterpadvillage"
"LP","GAMOTHPO","1","923242279.0","Gamothpo","Gamothpo"
"LP","BEKENBERG","1","921142522.0","Bekenberg","Bekenberg"
"LP","TORONTO","1","923241498.0","Toronto","Toronto"
"LP","DUREN","1","921250423.0","Duren","Duren"
"LP","MATTNAU","1","921250485.0","Mattnau","Mattnau"
"LP","MATTANAU","1","921250782.0","Mattanau","Mattanau"
"LP","CARLSRUHE","1","921251181.0","Carlsruhe","Carlsruhe"
"LP","GRASVLEI","1","921421027.0","Grasvlei","Grasvlei"
"LP","LAPUCELLAVILLAGE","1","922250348.0","Lapucellavillage","Lapucellavillage"
"LP","JUNO","1","922250683.0","Juno","Juno"
"LP","LEKHURENG","1","922250775.0","Lekhureng","Lekhureng"
"LP","LEYDEN VILLAGE,","1","991101300.0","Leyden Village,","Leyden Village,"
"LP","MOYANENG VILLAGE","1","991101301.0","Moyaneng","Moyaneng"
"LP","HOSPITALVIEW","1","991102100.0","Hospitalview","Hospitalview"
"LP","SKIMMING","1","991102200.0","Skimming","Skimming"
"LP","RAUWELE","1","991102204.0","Rauwele","Rauwele"
"LP","MAUNEVILLAGE","1","901420031.0","Maunevillage","Maunevillage"
"LP","GAMITHAPO","1","923241450.0","Gamithapo","Gamithapo"
"LP","MATHIBASKRAAL","1","923241436.0","Mathibaskraal","Mathibaskraal"
"LP","SOLOMANDALE","1","923241290.0","Solomandale","Solomandale"
"LP","MAKEKETELA","1","923241238.0","Makeketela","Makeketela"
"LP","GAMABOI","1","923241221.0","Gamaboi","Gamaboi"
"LP","SCHIETTOCHTMILITARYBASE","1","903420666.0","Schiettochtmilitarybase","Schiettochtmilitarybase"
"LP","NGWANALAKAVILLAGE","1","923241184.0","Ngwanalakavillage","Ngwanalakavillage"
"LP","GAMAGOOA","1","923241139.0","Gamagooa","Gamagooa"
"LP","SHIRILELE","1","911410850.0","Shirilele","Shirilele"
"LP","TOMU","1","911411105.0","Tomu","Tomu"
"LP","NKURI","1","911411228.0","Nkuri","Nkuri"
"LP","SEGOPJE","1","923241061.0","Segopje","Segopje"
"LP","MOTHOLO","1","923241030.0","Motholo","Motholo"
"LP","ROTTERDAM","1","912520412.0","Rotterdam","Rotterdam"
"LP","MOTHIMAKO","1","923241023.0","Mothimako","Mothimako"
"LP","ROTTERDAMVILLAGE","1","912520573.0","Rotterdamvillage","Rotterdamvillage"
"LP","BLINKWATER","1","912521071.0","Blinkwater","Blinkwater"
"LP","DIPELANENG","1","923241016.0","Dipelaneng","Dipelaneng"
"LP","NOBLEHOEKVILLAGE","1","912521521.0","Noblehoekvillage","Noblehoekvillage"
"LP","MSENGI","1","912521543.0","Msengi","Msengi"
"LP","DIKGALENO","1","923240945.0","Dikgaleno","Dikgaleno"
"LP","MASHISHIMALE","1","913420192.0","Mashishimale","Mashishimale"
"LP","MOHLABENG","1","913420239.0","Mohlabeng","Mohlabeng"
"LP","SELWANE","1","913420291.0","Selwane","Selwane"
"LP","ZONEB","1","913420604.0","Zoneb","Zoneb"
"LP","ZONED","1","913420642.0","Zoned","Zoned"
"LP","BENFARMMAJEJETRIBAL","1","913421003.0","Benfarmmajejetribal","Benfarmmajejetribal"
"LP","BETHELMISSION","1","923240921.0","Bethelmission","Bethelmission"
"LP","MOTHAPO","1","923240914.0","Mothapo","Mothapo"
"LP","KGWARENG","1","923240853.0","Kgwareng","Kgwareng"
"LP","GIYANITOWN","1","916410164.0","Giyanitown","Giyanitown"
"LP","NDENGEZAD","1","916410317.0","Ndengezad","Ndengezad"
"LP","NGALALUME","1","916410324.0","Ngalalume","Ngalalume"
"LP","SIYANDANI","1","916410379.0","Siyandani","Siyandani"
"LP","GASHILOANE","1","923240815.0","Gashiloane","Gashiloane"
"LP","MAVHUZAVILLAGE","1","916410454.0","Mavhuzavillage","Mavhuzavillage"
"LP","XIKUKWANE","1","916410577.0","Xikukwane","Xikukwane"
"LP","MAVALANI","1","916410607.0","Mavalani","Mavalani"
"LP","NKOMO","1","916410676.0","Nkomo","Nkomo"
"LP","NDENGEZA","1","916410737.0","Ndengeza","Ndengeza"
"LP","SECTIOND","1","916410751.0","Sectiond","Sectiond"
"LP","NGHALALUME","1","916410768.0","Nghalalume","Nghalalume"
"LP","MOSHATEMASEKOLENG","1","923240785.0","Moshatemasekoleng","Moshatemasekoleng"
"LP","GIYANISECTIONA","1","916410799.0","Giyanisectiona","Giyanisectiona"
"LP","SEGOPJEVILLAGE","1","923240723.0","Segopjevillage","Segopjevillage"
"LP","MAVALALI","1","916410904.0","Mavalali","Mavalali"
"LP","BLOCKHOMU","1","916410942.0","Blockhomu","Blockhomu"
"LP","MAVACANI","1","916410997.0","Mavacani","Mavacani"
"LP","HOMUBLOCK","1","916411167.0","Homublock","Homublock"
"LP","GAMAMATSHA","1","923240655.0","Gamamatsha","Gamamatsha"
"LP","MASINGITA","1","916411327.0","Masingita","Masingita"
"LP","GAMOLEPOVIABOYNE","1","923240631.0","Gamolepoviaboyne","Gamolepoviaboyne"
"LP","GAMAKHUSHANE","1","916412053.0","Gamakhushane","Gamakhushane"
"LP","GIYANIAREA","1","916420390.0","Giyaniarea","Giyaniarea"
"LP","BLOCKMDZUMERI","1","916420437.0","Blockmdzumeri","Blockmdzumeri"
"LP","SELWANA","1","917420321.0","Selwana","Selwana"
"LP","MAJEJE","1","917420482.0","Majeje","Majeje"
"LP","PRIESKA","1","917420598.0","Prieska","Prieska"
"LP","MATIKOXIKAYA","1","917420703.0","Matikoxikaya","Matikoxikaya"
"LP","MOHALE","1","917420734.0","Mohale","Mohale"
"LP","DENSERSETTLEMENT","1","917420956.0","Densersettlement","Densersettlement"
"LP","GEBLOCKJ","1","917420970.0","Geblockj","Geblockj"
"LP","DENSESETTLEMENT","1","917421101.0","Densesettlement","Densesettlement"
"LP","KHEHLAKONIVILLAGE","1","918510033.0","Khehlakonivillage","Khehlakonivillage"
"LP","MOLEPOAREA","1","923240594.0","Molepoarea","Molepoarea"
"LP","MAMOTINTANE","1","923240549.0","Mamotintane","Mamotintane"
"LP","MOHLAKAMOSOMA","1","918510132.0","Mohlakamosoma","Mohlakamosoma"
"LP","GASEAPHOLEVILLAGE","1","918510187.0","Gaseapholevillage","Gaseapholevillage"
"LP","STENGENASZCC","1","923240457.0","Stengenaszcc","Stengenaszcc"
"LP","PHOMOLONG","1","923240433.0","Phomolong","Phomolong"
"LP","THOLONGWE","1","923240310.0","Tholongwe","Tholongwe"
"LP","POLOKWANEMANKWENG","1","923240211.0","Polokwanemankweng","Polokwanemankweng"
"LP","GANTATA","1","918510521.0","Gantata","Gantata"
"LP","MANKWENGTOWNSHIPZONEA","1","923240150.0","Mankwengtownshipzonea","Mankwengtownshipzonea"
"LP","BAKGAKGAAA","1","923240143.0","Bakgakgaaa","Bakgakgaaa"
"LP","SENOPELABLOCK","1","918510781.0","Senopelablock","Senopelablock"
"LP","RAMPEPEVILLAGE","1","918510873.0","Rampepevillage","Rampepevillage"
"LP","GAKGAPANEMODJAJI","1","918511029.0","Gakgapanemodjaji","Gakgapanemodjaji"
"LP","NEXTTOBADUPETRADINGSTORE","1","918511296.0","Nexttobadupetradingstore","Nexttobadupetradingstore"
"LP","ALONGMODJADJIMAINROUTE","1","918511418.0","Alongmodjadjimainroute","Alongmodjadjimainroute"
"LP","GAMORWATSHEHCA","1","918511494.0","Gamorwatshehca","Gamorwatshehca"
"LP","LEKGWARENGVILLAGE","1","918512138.0","Lekgwarengvillage","Lekgwarengvillage"
"LP","SHAMIRIRIC","1","918512145.0","Shamiriric","Shamiriric"
"LP","GAMAMAILAMPHOTWANE","1","918520535.0","Gamamailamphotwane","Gamamailamphotwane"
"LP","SEKHIMINIVILLAGE","1","918521309.0","Sekhiminivillage","Sekhiminivillage"
"LP","POBOXMOLOTOTSI","1","918521385.0","Poboxmolototsi","Poboxmolototsi"
"LP","TSHWARE","1","923240136.0","Tshware","Tshware"
"LP","SYFERKUILAREANEXTTOUNILIM","1","923240112.0","Syferkuilareanexttounilim","Syferkuilareanexttounilim"
"LP","DIGOPENG","1","923240099.0","Digopeng","Digopeng"
"LP","PAULUSWEG","1","919340265.0","Paulusweg","Paulusweg"
"LP","MANTHEDING","1","923240068.0","Mantheding","Mantheding"
"LP","POSEPHUKUBJE","1","919340760.0","Posephukubje","Posephukubje"
"LP","PAHLUSWES","1","919341046.0","Pahluswes","Pahluswes"
"LP","MAMAILAVILLAGE","1","919341060.0","Mamailavillage","Mamailavillage"
"LP","MAMAILAKOLOBETONA","1","919341084.0","Mamailakolobetona","Mamailakolobetona"
"LP","GAMAMABOLONEXTTOMAMADIMOGENERALDEALER","1","923240013.0","Gamamabolonexttomamadimogeneraldealer","Gamamabolonexttomamadimogeneraldealer"
"LP","LEPOTLAKOVILLAGE","1","922223514.0","Lepotlakovillage","Lepotlakovillage"
"LP","MAMAILA","1","919341921.0","Mamaila","Mamaila"
"LP","MODJAJISKLOOF","1","993303201.0","Modjajiskloof","Modjajiskloof"
"LP","VILLAGE 2","1","993303205.0","Village 2","Village 2"
"LP","MAKOSHA","1","994401105.0","Makosha","Makosha"
"LP","SECTION E","1","994401209.0","Section E","Section E"
"LP","Makhushane camp","1","994402201.0","Makhushane Camp","Makhushane Camp"
"LP","NAMAKGALE VILLAGE","1","994402303.0","Namakgale","Namakgale"
"LP","GAMABOTJA","1","922222503.0","Gamabotja","Gamabotja"
"LP","ROERFONTEIN","1","995502301.0","Roerfontein","Roerfontein"
"LP","GA -MAPHALLE VILLAGE","1","995502302.0","Ga  Maphalle","Ga  Maphalle"
"LP","MAKHUSHANA","1","995504301.0","Makhushana","Makhushana"
"LP","GA-KGAPANE","1","965501201.0","Ga Kgapane","Ga Kgapane"
"LP","MPHAKANI","1","994402104.0","Mphakani","Mphakani"
"LP","BOELANG","1","994402307.0","Boelang","Boelang"
"LP","GAGARABA","1","922221487.0","Gagaraba","Gagaraba"
"LP","NALEDIVILLAGE","1","922221463.0","Naledivillage","Naledivillage"
"LP","GAMAILULA","1","901340654.0","Gamailula","Gamailula"
"LP","LORETTO","1","901530631.0","Loretto","Loretto"
"LP","MANORVLEI","1","901530716.0","Manorvlei","Manorvlei"
"LP","POLITSIFARM","1","901531016.0","Politsifarm","Politsifarm"
"LP","BROODERSTROOMDRIFT","1","901531108.0","Brooderstroomdrift","Brooderstroomdrift"
"LP","NEXTTODINOKOLIQUORRESTAURANT","1","922221197.0","Nexttodinokoliquorrestaurant","Nexttodinokoliquorrestaurant"
"LP","CALAISVILLAGE","1","901540461.0","Calaisvillage","Calaisvillage"
"LP","BORDEAUXVILLAGE","1","901540478.0","Bordeauxvillage","Bordeauxvillage"
"LP","COOPERFARM","1","901540546.0","Cooperfarm","Cooperfarm"
"LP","DRAKENSIG","1","903420147.0","Drakensig","Drakensig"
"LP","KAMPERSRUS","1","903420161.0","Kampersrus","Kampersrus"
"LP","NEXT MOKWATSELA MARKET STANDNO","1","922221081.0","Next Mokwatsela Market Standno","Next Mokwatsela Market Standno"
"LP","HAENERTZBURG","1","904242316.0","Haenertzburg","Haenertzburg"
"LP","HAENERTSBURGMAGOEBASKLOOFROAD","1","904242323.0","Haenertsburgmagoebaskloofroad","Haenertsburgmagoebaskloofroad"
"LP","MAGOEBASKLOOF","1","904242330.0","Magoebaskloof","Magoebaskloof"
"LP","CLAUDEWHEATLEYSTREET","1","904531443.0","Claudewheatleystreet","Claudewheatleystreet"
"LP","TURKEY","1","912531587.0","Turkey","Turkey"
"LP","MHANGWENI","1","915530013.0","Mhangweni","Mhangweni"
"LP","NKOWANKOWAZONEB","1","915530020.0","Nkowankowazoneb","Nkowankowazoneb"
"LP","MMOTONGMOLETSI","1","922220966.0","Mmotongmoletsi","Mmotongmoletsi"
"LP","GAMABOTJANEXTTOBAKONEN","1","922220927.0","Gamabotjanexttobakonen","Gamabotjanexttobakonen"
"LP","UNITD","1","922220729.0","Unitd","Unitd"
"LP","MAMITWA","1","915530136.0","Mamitwa","Mamitwa"
"LP","DANC","1","915530143.0","Danc","Danc"
"LP","TOKYOSEGWALEAVENUE","1","922220675.0","Tokyosegwaleavenue","Tokyosegwaleavenue"
"LP","MBHEKWANAVILLAGE","1","915530167.0","Mbhekwanavillage","Mbhekwanavillage"
"LP","GAMAPANGULA","1","922220651.0","Gamapangula","Gamapangula"
"LP","XIHOKORADOO","1","915530181.0","Xihokoradoo","Xihokoradoo"
"LP","GAMAMADILA","1","922220569.0","Gamamadila","Gamamadila"
"LP","MALOVISIVILLAGE","1","915530242.0","Malovisivillage","Malovisivillage"
"LP","KEREKENGYECHUEU","1","922220545.0","Kerekengyechueu","Kerekengyechueu"
"LP","KALKSPRUITNEXTTOCLINIC","1","922220293.0","Kalkspruitnexttoclinic","Kalkspruitnexttoclinic"
"LP","POLETSITELE","1","915530303.0","Poletsitele","Poletsitele"
"LP","MAELEVILLAGE","1","915530310.0","Maelevillage","Maelevillage"
"LP","NEWCANADA","1","915530334.0","Newcanada","Newcanada"
"LP","NAVELE","1","915530341.0","Navele","Navele"
"LP","BLOODRIVERVILLAGE","1","922220170.0","Bloodrivervillage","Bloodrivervillage"
"LP","RICHINDZELESTREET","1","915530457.0","Richindzelestreet","Richindzelestreet"
"LP","MANDLAKAZIVILLAGE","1","915530471.0","Mandlakazivillage","Mandlakazivillage"
"LP","SHONGANI","1","915530488.0","Shongani","Shongani"
"LP","SECTIONB","1","915530518.0","Sectionb","Sectionb"
"LP","BABANANAVILLAGE","1","915530662.0","Babananavillage","Babananavillage"
"LP","MAVELEVILLGE","1","915530686.0","Mavelevillge","Mavelevillge"
"LP","MUSIPHANAVILLAGE","1","915530723.0","Musiphanavillage","Musiphanavillage"
"LP","MAVELEVILLAGE","1","915530761.0","Mavelevillage","Mavelevillage"
"LP","JOPPIEVILLAGE","1","915530778.0","Joppievillage","Joppievillage"
"LP","MULATI","1","915530839.0","Mulati","Mulati"
"LP","MBEKWANAVILLAGE","1","915530860.0","Mbekwanavillage","Mbekwanavillage"
"LP","LEFARA","1","915530891.0","Lefara","Lefara"
"LP","NWAMITWANWAJAHENIVILLAGE","1","915530921.0","Nwamitwanwajahenivillage","Nwamitwanwajahenivillage"
"LP","RWANDAVILLAGE","1","915530952.0","Rwandavillage","Rwandavillage"
"LP","NEXTTODANVILLAGE","1","915530969.0","Nexttodanvillage","Nexttodanvillage"
"LP","NEXTTOMANDELETRDSTORE","1","921230771.0","Nexttomandeletrdstore","Nexttomandeletrdstore"
"LP","VIALENYENYEEASTOFTZANEENKMSALONGTZANEEN","1","915531030.0","Vialenyenyeeastoftzaneenkmsalongtzaneen","Vialenyenyeeastoftzaneenkmsalongtzaneen"
"LP","SECTIONA","1","915531047.0","Sectiona","Sectiona"
"LP","ZANGOMA","1","915531146.0","Zangoma","Zangoma"
"LP","MANDLAKAZI","1","915531153.0","Mandlakazi","Mandlakazi"
"LP","MALUBANAVILLAGE","1","915531184.0","Malubanavillage","Malubanavillage"
"LP","RADOOVILLAGE","1","915531191.0","Radoovillage","Radoovillage"
"LP","HEADMANMAWENI","1","915531306.0","Headmanmaweni","Headmanmaweni"
"LP","SEDAN","1","915531337.0","Sedan","Sedan"
"LP","NEXTYOKHOSACAFE","1","915531344.0","Nextyokhosacafe","Nextyokhosacafe"
"LP","INDUSTRIAL","1","915531368.0","Industrial","Industrial"
"LP","RIKHOTSO","1","915531382.0","Rikhotso","Rikhotso"
"LP","MOKGLOBOTOVILLAGE","1","915531451.0","Mokglobotovillage","Mokglobotovillage"
"LP","BETWEENHAENERTSBURG","1","915531485.0","Betweenhaenertsburg","Betweenhaenertsburg"
"LP","JULIESBURGRHULANIVILLAGE","1","915540041.0","Juliesburgrhulanivillage","Juliesburgrhulanivillage"
"LP","MAKGOPONGVILLAGE","1","921230733.0","Makgopongvillage","Makgopongvillage"
"LP","KHUJWANA","1","915540218.0","Khujwana","Khujwana"
"LP","MATHIBELA","1","921230702.0","Mathibela","Mathibela"
"LP","SASEKANI","1","915540270.0","Sasekani","Sasekani"
"LP","MYAKAYAKAVILLAGE","1","915540287.0","Myakayakavillage","Myakayakavillage"
"LP","NEXTTONXANYUKANIVILLAGE","1","915540492.0","Nexttonxanyukanivillage","Nexttonxanyukanivillage"
"LP","KHUTJWANAVILLAGE","1","915540591.0","Khutjwanavillage","Khutjwanavillage"
"LP","BURGERSDORPVILLAGE","1","915541082.0","Burgersdorpvillage","Burgersdorpvillage"
"LP","JULESBURG","1","915541167.0","Julesburg","Julesburg"
"LP","VOLOPVILLAGE","1","921230696.0","Volopvillage","Volopvillage"
"LP","CENTREANDMYAKAYAKAJUNIOR","1","915541297.0","Centreandmyakayakajunior","Centreandmyakayakajunior"
"LP","KHVJWANAVILLAGE","1","915541457.0","Khvjwanavillage","Khvjwanavillage"
"LP","MOHLABA","1","915541495.0","Mohlaba","Mohlaba"
"LP","SERAREVILLAGE","1","915541549.0","Serarevillage","Serarevillage"
"LP","MODJADJIAREA","1","918510064.0","Modjadjiarea","Modjadjiarea"
"LP","BOLOBEDUSOUTH","1","918510125.0","Bolobedusouth","Bolobedusouth"
"LP","KGWEKGWEVILLAGE","1","918510163.0","Kgwekgwevillage","Kgwekgwevillage"
"LP","MABJEPICONGMODJADJI","1","918510262.0","Mabjepicongmodjadji","Mabjepicongmodjadji"
"LP","GAWALLY","1","918510323.0","Gawally","Gawally"
"LP","BOLOBEDUDISTRICT","1","918510453.0","Bolobedudistrict","Bolobedudistrict"
"LP","RAMOTSHINYADI","1","918510460.0","Ramotshinyadi","Ramotshinyadi"
"LP","PJAPJAMELA","1","918510490.0","Pjapjamela","Pjapjamela"
"LP","MOKGWATHI","1","918510538.0","Mokgwathi","Mokgwathi"
"LP","MEHLARENG","1","921230658.0","Mehlareng","Mehlareng"
"LP","MAPITLULAVILLAGE","1","918510859.0","Mapitlulavillage","Mapitlulavillage"
"LP","KAMOTSHIYADI","1","918510903.0","Kamotshiyadi","Kamotshiyadi"
"LP","MAAPAANA","1","918510941.0","Maapaana","Maapaana"
"LP","MABJEPILONGVILLAGEBLOCKS","1","918510965.0","Mabjepilongvillageblocks","Mabjepilongvillageblocks"
"LP","MAWABLOCK","1","918511005.0","Mawablock","Mawablock"
"LP","NAWABLOCK","1","918511043.0","Nawablock","Nawablock"
"LP","MOKAWATHI","1","918511074.0","Mokawathi","Mokawathi"
"LP","MOOKGOBLOCK","1","918511111.0","Mookgoblock","Mookgoblock"
"LP","MORAPALALAVILLAGE","1","918511128.0","Morapalalavillage","Morapalalavillage"
"LP","NEXTTORAMALEPEBUTCHERY","1","918511135.0","Nexttoramalepebutchery","Nexttoramalepebutchery"
"LP","WALLYVILLAGE","1","918511210.0","Wallyvillage","Wallyvillage"
"LP","BDLOBEDU","1","918511258.0","Bdlobedu","Bdlobedu"
"LP","FOBENIVILLAGE","1","918511319.0","Fobenivillage","Fobenivillage"
"LP","BOLOBEDUMODJADJI","1","918511388.0","Bolobedumodjadji","Bolobedumodjadji"
"LP","WARDMODJADJIAREABOLOBEDU","1","918511487.0","Wardmodjadjiareabolobedu","Wardmodjadjiareabolobedu"
"LP","SEMOPELWA","1","918512121.0","Semopelwa","Semopelwa"
"LP","RAKGOATHA","1","921230573.0","Rakgoatha","Rakgoatha"
"LP","MAMANYOHA","1","918512623.0","Mamanyoha","Mamanyoha"
"LP","XFHOKO","1","918531207.0","Xfhoko","Xfhoko"
"LP","MAJAKANENG","1","926540010.0","Majakaneng","Majakaneng"
"LP","SENGWENE","1","921230559.0","Sengwene","Sengwene"
"LP","MOLAPO","1","921230528.0","Molapo","Molapo"
"LP","SHILUVANEVILLAGE","1","926540065.0","Shiluvanevillage","Shiluvanevillage"
"LP","GAKGOSHIMAMETJA","1","926540096.0","Gakgoshimametja","Gakgoshimametja"
"LP","BISMARK","1","926540102.0","Bismark","Bismark"
"LP","MAKWENG","1","921230498.0","Makweng","Makweng"
"LP","GARAKOMA","1","926540157.0","Garakoma","Garakoma"
"LP","GASEKORORO","1","926540232.0","Gasekororo","Gasekororo"
"LP","SOFAYA","1","926540331.0","Sofaya","Sofaya"
"LP","POKORINGPUNT","1","921230449.0","Pokoringpunt","Pokoringpunt"
"LP","KLIPHEUWELVILLAGE","1","921230337.0","Klipheuwelvillage","Klipheuwelvillage"
"LP","WORCESTER","1","926540508.0","Worcester","Worcester"
"LP","NAPHUNODISTRICTGAMOGOBOYA","1","926540669.0","Naphunodistrictgamogoboya","Naphunodistrictgamogoboya"
"LP","MATLHOGWE","1","926540676.0","Matlhogwe","Matlhogwe"
"LP","LPROJECT","1","926540706.0","Lproject","Lproject"
"LP","MOTJETENG","1","926540751.0","Motjeteng","Motjeteng"
"LP","KHOPHO","1","926540799.0","Khopho","Khopho"
"LP","GEDROOGTEVILLAGE","1","921230252.0","Gedroogtevillage","Gedroogtevillage"
"LP","NEXTTOMAALEPRIMARY","1","926540881.0","Nexttomaaleprimary","Nexttomaaleprimary"
"LP","MATSHOSHINGVILLAGE","1","926540928.0","Matshoshingvillage","Matshoshingvillage"
"LP","HLOHLOKWE","1","926540959.0","Hlohlokwe","Hlohlokwe"
"LP","MOTHPONG","1","926540973.0","Mothpong","Mothpong"
"LP","GAMOGOBOYA","1","926540980.0","Gamogoboya","Gamogoboya"
"LP","NEWRITA","1","926541051.0","Newrita","Newrita"
"LP","CORNSEDIKODIKOSTREET","1","926541136.0","Cornsedikodikostreet","Cornsedikodikostreet"
"LP","GARAKOMAVILLAGE","1","926541242.0","Garakomavillage","Garakomavillage"
"LP","UNDERBAKGAGATRIBALAUTHORITY","1","926541471.0","Underbakgagatribalauthority","Underbakgagatribalauthority"
"LP","NEXTTOHILLSIDHARDWARECAFEMAAKEAREA","1","926541488.0","Nexttohillsidhardwarecafemaakearea","Nexttohillsidhardwarecafemaakearea"
"LP","NABANE","1","926541648.0","Nabane","Nabane"
"LP","TAULUME","1","995501300.0","Taulume","Taulume"
"LP","RELELA VILLAGE","1","995501403.0","Relela","Relela"
"LP","DEERPARK","1","995501404.0","Deerpark","Deerpark"
"LP","MOKGOBA","1","995501502.0","Mokgoba","Mokgoba"
"LP","INDUSTRIALAREAI","1","995503201.0","Industrialareai","Industrialareai"
"LP","BACKOPPOSITETONKOWANKOWA","1","995503203.0","Backoppositetonkowankowa","Backoppositetonkowankowa"
"LP","PETANENGE VILLAGE","1","995503206.0","Petanenge","Petanenge"
"LP","RWANDA VILLAGE","1","995503302.0","Rwanda","Rwanda"
"LP","LUSHOF","1","995503405.0","Lushof","Lushof"
"LP","GARAFIRI","1","921230245.0","Garafiri","Garafiri"
"LP","MAVELE VILLAGE","1","995503501.0","Mavele","Mavele"
"LP","SEKORORO","1","995504204.0","Sekororo","Sekororo"
"LP","ZANDSPRUIT ESTATE","1","995504205.0","Zandspruit Estate","Zandspruit Estate"
"LP","WORCESTER VILLAGE","1","995504206.0","Worcester","Worcester"
"LP","MATSHELAPATA","1","995504302.0","Matshelapata","Matshelapata"
"LP","THE OATS VILLAGE","1","995504501.0","The Oats","The Oats"
"LP","LEBIA","1","995504502.0","Lebia","Lebia"
"LP","LEOLO","1","995504503.0","Leolo","Leolo"
"LP","WILDLIFE ESTATE","1","996605303.0","Wildlife Estate","Wildlife Estate"
"LP","ENTRANCEBETWEENLETABASCHOOLANDLETABAHOSPITAL","1","915531221.0","Entrancebetweenletabaschoolandletabahospital","Entrancebetweenletabaschoolandletabahospital"
"LP","MAESELAMOSWATSE","1","906610650.0","Maeselamoswatse","Maeselamoswatse"
"LP","KLIPHEUWEL","1","921230238.0","Klipheuwel","Klipheuwel"
"LP","MOHLALETSETVSATE","1","925610759.0","Mohlaletsetvsate","Mohlaletsetvsate"
"LP","MATJISECTION","1","925610773.0","Matjisection","Matjisection"
"LP","MANKOTSSAMEVILLAGE","1","925611042.0","Mankotssamevillage","Mankotssamevillage"
"LP","BANARENG","1","925620015.0","Banareng","Banareng"
"LP","NEXTTOLEBOWENGSAPS","1","925620022.0","Nexttolebowengsaps","Nexttolebowengsaps"
"LP","STEELPOORTDRIFT","1","925620039.0","Steelpoortdrift","Steelpoortdrift"
"LP","TUBATSETOWNSHIP","1","925620053.0","Tubatsetownship","Tubatsetownship"
"LP","STASIE","1","925620060.0","Stasie","Stasie"
"LP","STERKSPRUIT","1","925620077.0","Sterkspruit","Sterkspruit"
"LP","MOKWETE","1","921661412.0","Mokwete","Mokwete"
"LP","MADISHALEOLO","1","921230139.0","Madishaleolo","Madishaleolo"
"LP","STRYDKRAALVILLAGE","1","924610131.0","Strydkraalvillage","Strydkraalvillage"
"LP","STRYDKRAALA","1","924610377.0","Strydkraala","Strydkraala"
"LP","GANKOANA","1","924623704.0","Gankoana","Gankoana"
"LP","LEKGOLANE","1","924660082.0","Lekgolane","Lekgolane"
"LP","MOLEPANE","1","924661429.0","Molepane","Molepane"
"LP","NGWANAMATLANG","1","924661528.0","Ngwanamatlang","Ngwanamatlang"
"LP","GAMOLEPANG","1","924661641.0","Gamolepang","Gamolepang"
"LP","GAPHASHASECTION","1","925260925.0","Gaphashasection","Gaphashasection"
"LP","GAMAEPA","1","925361276.0","Gamaepa","Gamaepa"
"LP","SEPAKAPAKENGSECTION","1","925610032.0","Sepakapakengsection","Sepakapakengsection"
"LP","KORINGPUNT","1","921230016.0","Koringpunt","Koringpunt"
"LP","SOETVELDENSEKHUKHUNELAND","1","925610087.0","Soetveldensekhukhuneland","Soetveldensekhukhuneland"
"LP","GAMAMABOLOSTANDNO","1","919241467.0","Gamamabolostandno","Gamamabolostandno"
"LP","NCHABELLENGVILLAGE","1","925610162.0","Nchabellengvillage","Nchabellengvillage"
"LP","GAMMABOLO","1","904242446.0","Gammabolo","Gammabolo"
"LP","MEAEBESECTION","1","925610193.0","Meaebesection","Meaebesection"
"LP","MAGOBA","1","904242354.0","Magoba","Magoba"
"LP","MAKOPASECTION","1","925610216.0","Makopasection","Makopasection"
"LP","MAHLOKONG","1","904241368.0","Mahlokong","Mahlokong"
"LP","GAMAISELA","1","925610261.0","Gamaisela","Gamaisela"
"LP","ANKOAMAVILLAGE","1","925610285.0","Ankoamavillage","Ankoamavillage"
"LP","DEBEILASECTION","1","925610322.0","Debeilasection","Debeilasection"
"LP","GAMAISELAMAIMEVILLAGE","1","925610346.0","Gamaiselamaimevillage","Gamaiselamaimevillage"
"LP","MOKHULWANESECTION","1","925610421.0","Mokhulwanesection","Mokhulwanesection"
"LP","GAMAKGOBANEXTTOGADIKGALE","1","904240600.0","Gamakgobanexttogadikgale","Gamakgobanexttogadikgale"
"LP","BERGNEK","1","904230665.0","Bergnek","Bergnek"
"LP","BUSSTOP","1","925610506.0","Busstop","Busstop"
"LP","MANOGESECTION","1","925610551.0","Manogesection","Manogesection"
"LP","RITESECTION","1","925610568.0","Ritesection","Ritesection"
"LP","MASEHLENGVILLAGE","1","925610575.0","Masehlengvillage","Masehlengvillage"
"LP","PHAHLAMANOGE","1","925610605.0","Phahlamanoge","Phahlamanoge"
"LP","MAPODIVILLAGE","1","925610681.0","Mapodivillage","Mapodivillage"
"LP","DIAMAND","1","925610704.0","Diamand","Diamand"
"LP","MANKOTSANAVILLAGE","1","925610711.0","Mankotsanavillage","Mankotsanavillage"
"LP","PELANGWE","1","925610735.0","Pelangwe","Pelangwe"
"LP","MAGAGAMATALASECTIONNEXTTOMAREICAFE","1","925610742.0","Magagamatalasectionnexttomareicafe","Magagamatalasectionnexttomareicafe"
"LP","MAKGWARENG","1","925620084.0","Makgwareng","Makgwareng"
"LP","EDUANPARK","1","904225655.0","Eduanpark","Eduanpark"
"LP","HOLFONTEIN","1","925620152.0","Holfontein","Holfontein"
"LP","MOKUTUNG","1","925620176.0","Mokutung","Mokutung"
"LP","EDUAN PARK","1","904224010.0","Eduan Park","Eduan Park"
"LP","KGOTLOPONGVILLAGE","1","925620206.0","Kgotlopongvillage","Kgotlopongvillage"
"LP","MADIBAPARK","1","904223424.0","Madibapark","Madibapark"
"LP","RUTSENG","1","925620237.0","Rutseng","Rutseng"
"LP","DUIWELSKLOOFRDPOLOKWANE","1","904222633.0","Duiwelskloofrdpolokwane","Duiwelskloofrdpolokwane"
"LP","MASAKENG","1","925620251.0","Masakeng","Masakeng"
"LP","VILLAGEDRIEKOP","1","925620268.0","Villagedriekop","Villagedriekop"
"LP","ALVERTONVILLAGEPRAKTISEERDISTRICT","1","925620275.0","Alvertonvillagepraktiseerdistrict","Alvertonvillagepraktiseerdistrict"
"LP","IVYDALEPOLOKWANE","1","904222619.0","Ivydalepolokwane","Ivydalepolokwane"
"LP","MABOTSHAVILLAGE","1","925620343.0","Mabotshavillage","Mabotshavillage"
"LP","MYNEGENOEGEN","1","904221272.0","Mynegenoegen","Mynegenoegen"
"LP","MATLALAROAD","1","904221241.0","Matlalaroad","Matlalaroad"
"LP","PAENG","1","925620435.0","Paeng","Paeng"
"LP","MAKGALANE","1","925620466.0","Makgalane","Makgalane"
"LP","LADANNA","1","904220439.0","Ladanna","Ladanna"
"LP","LEFAHLLA","1","925620510.0","Lefahlla","Lefahlla"
"LP","BURGERSFORD","1","925620527.0","Burgersford","Burgersford"
"LP","MAKOFANG","1","925620541.0","Makofang","Makofang"
"LP","GAMALEPE","1","925620589.0","Gamalepe","Gamalepe"
"LP","PIETERSBURG","1","904220415.0","Pietersburg","Pietersburg"
"LP","LEBOENG","1","925620626.0","Leboeng","Leboeng"
"LP","LEBOHENG","1","925620633.0","Leboheng","Leboheng"
"LP","GAMOTODI","1","925620640.0","Gamotodi","Gamotodi"
"LP","ANLAG","1","925620718.0","Anlag","Anlag"
"LP","TSWENYANE","1","925620725.0","Tswenyane","Tswenyane"
"LP","GAMOKOFANG","1","925620756.0","Gamokofang","Gamokofang"
"LP","GAMOKOBOLA","1","925620770.0","Gamokobola","Gamokobola"
"LP","MOKUTUNGARDWACK","1","925620787.0","Mokutungardwack","Mokutungardwack"
"LP","GAMOKOFANEPHEFONG","1","925620800.0","Gamokofanephefong","Gamokofanephefong"
"LP","MORABA","1","925620817.0","Moraba","Moraba"
"LP","BUERGERSFORT","1","925620824.0","Buergersfort","Buergersfort"
"LP","SUPERBIA","1","904220255.0","Superbia","Superbia"
"LP","BURGERSFORTALVERTON","1","925620855.0","Burgersfortalverton","Burgersfortalverton"
"LP","MOTSHANE","1","925620862.0","Motshane","Motshane"
"LP","LEBALELO","1","925620893.0","Lebalelo","Lebalelo"
"LP","POLOKWANENORTH","1","904220132.0","Polokwanenorth","Polokwanenorth"
"LP","POLONGVILLAGE","1","925620954.0","Polongvillage","Polongvillage"
"LP","MATSHWENG","1","925620985.0","Matshweng","Matshweng"
"LP","DERDEGELID","1","925621025.0","Derdegelid","Derdegelid"
"LP","GAMOKGOTHOVILLAGE","1","925621032.0","Gamokgothovillage","Gamokgothovillage"
"LP","MAHLASAIVILLAGE","1","925621049.0","Mahlasaivillage","Mahlasaivillage"
"LP","MADISENG","1","925621087.0","Madiseng","Madiseng"
"LP","TSWENYANG","1","925621100.0","Tswenyang","Tswenyang"
"LP","KROMELLENBOOG","1","925621148.0","Kromellenboog","Kromellenboog"
"LP","APIESDOORNDRAAI","1","925621155.0","Apiesdoorndraai","Apiesdoorndraai"
"LP","PHIRING","1","925621179.0","Phiring","Phiring"
"LP","GANEASEMAKGALANE","1","925621186.0","Ganeasemakgalane","Ganeasemakgalane"
"LP","DWAARSRIVER","1","993303400.0","Dwaarsriver","Dwaarsriver"
"LP","NEARHECENE","1","920210197.0","Nearhecene","Nearhecene"
"LP","MALAENENG","1","925621223.0","Malaeneng","Malaeneng"
"LP","PRAKTISEERTUBATSE","1","925621230.0","Praktiseertubatse","Praktiseertubatse"
"LP","MAFARAFARA","1","925621247.0","Mafarafara","Mafarafara"
"LP","MOKOBOLA","1","925621315.0","Mokobola","Mokobola"
"LP","DERDEGELIDNO","1","925621421.0","Derdegelidno","Derdegelidno"
"LP","MACHAKA","1","992207200.0","Machaka","Machaka"
"LP","CAPRICORN PARK","1","992207100.0","Capricorn Park","Capricorn Park"
"LP","GAMONGATANE","1","925630067.0","Gamongatane","Gamongatane"
"LP","MANOTWANEVILLAGE","1","925630074.0","Manotwanevillage","Manotwanevillage"
"LP","GA-NGWASHENG","1","992205204.0","Ga Ngwasheng","Ga Ngwasheng"
"LP","SEELANEVILLAGE","1","925630159.0","Seelanevillage","Seelanevillage"
"LP","MARAPONGVILLAGE","1","925630180.0","Marapongvillage","Marapongvillage"
"LP","MOLETSI","1","992205201.0","Moletsi","Moletsi"
"LP","NEXTTOATOKMINE","1","925630326.0","Nexttoatokmine","Nexttoatokmine"
"LP","LEOKAMA DITSHABA","1","992205200.0","Leokama Ditshaba","Leokama Ditshaba"
"LP","LEGABENG","1","925630388.0","Legabeng","Legabeng"
"LP","GA-KOBO","1","992205102.0","Ga Kobo","Ga Kobo"
"LP","DILOKONGMINE","1","925630456.0","Dilokongmine","Dilokongmine"
"LP","SEHLAKUVILLAGE","1","925630463.0","Sehlakuvillage","Sehlakuvillage"
"LP","MOLETJANA","1","992202403.0","Moletjana","Moletjana"
"LP","KALANE","1","925630524.0","Kalane","Kalane"
"LP","MAANDAGSHOEK","1","925630548.0","Maandagshoek","Maandagshoek"
"LP","BUSHBUCKRIDE","1","992202401.0","Bushbuckride","Bushbuckride"
"LP","SWALEVILLAGE","1","925630593.0","Swalevillage","Swalevillage"
"LP","MODIMOLLEVILLAGE","1","925630616.0","Modimollevillage","Modimollevillage"
"LP","RABOSHWANA","1","992202302.0","Raboshwana","Raboshwana"
"LP","SERAFAVILLAGE","1","925630685.0","Serafavillage","Serafavillage"
"LP","TSWERENG","1","925630692.0","Tswereng","Tswereng"
"LP","GAPHALAVILLAGE","1","925630715.0","Gaphalavillage","Gaphalavillage"
"LP","SHAKUNGVILLAGE","1","925630722.0","Shakungvillage","Shakungvillage"
"LP","GAMOLOTO","1","925630739.0","Gamoloto","Gamoloto"
"LP","CROYDON","1","925630753.0","Croydon","Croydon"
"LP","GAMALEGODI","1","925630760.0","Gamalegodi","Gamalegodi"
"LP","MAGAKALA","1","925630777.0","Magakala","Magakala"
"LP","GAMADIKE","1","925630807.0","Gamadike","Gamadike"
"LP","KGAPANEG","1","925630852.0","Kgapaneg","Kgapaneg"
"LP","MOTLOULELA","1","925630869.0","Motloulela","Motloulela"
"LP","DEPAARL","1","925630876.0","Depaarl","Depaarl"
"LP","MPHOGOVILLAGE","1","925630937.0","Mphogovillage","Mphogovillage"
"LP","MODUBENGVILLAGE","1","925630968.0","Modubengvillage","Modubengvillage"
"LP","MOROKEMECKLEMBURG","1","925630975.0","Morokemecklemburg","Morokemecklemburg"
"LP","BOKOME","1","992202301.0","Bokome","Bokome"
"LP","GAKGWETE","1","925631091.0","Gakgwete","Gakgwete"
"LP","FORESTHILL","1","925631121.0","Foresthill","Foresthill"
"LP","GASELALA","1","925631275.0","Gaselala","Gaselala"
"LP","MOHLAHLANENGVILLAGE","1","925631329.0","Mohlahlanengvillage","Mohlahlanengvillage"
"LP","MONTZ VILLAGE","1","992201602.0","Montz","Montz"
"LP","JOBSKOPFARM","1","925631374.0","Jobskopfarm","Jobskopfarm"
"LP","WISMAR","1","925631398.0","Wismar","Wismar"
"LP","NTOAMPE","1","925631459.0","Ntoampe","Ntoampe"
"LP","MOOILYK","1","925631480.0","Mooilyk","Mooilyk"
"LP","LEDINGWEVILLAGE","1","925631497.0","Ledingwevillage","Ledingwevillage"
"LP","GAMATIANYANEATOK","1","925631527.0","Gamatianyaneatok","Gamatianyaneatok"
"LP","MOROKE","1","925631589.0","Moroke","Moroke"
"LP","BURGERSFORTROADATOK","1","925631626.0","Burgersfortroadatok","Burgersfortroadatok"
"LP","GAMORETSELE","1","925660068.0","Gamoretsele","Gamoretsele"
"LP","MABULEVILLAGE","1","925660075.0","Mabulevillage","Mabulevillage"
"LP","GAMAGPA","1","925660099.0","Gamagpa","Gamagpa"
"LP","MASHISHINGVILLAGE","1","925660211.0","Mashishingvillage","Mashishingvillage"
"LP","KANANA VILLAGE","1","992201202.0","Kanana","Kanana"
"LP","GAMASHEOANAVILLAGE","1","925660259.0","Gamasheoanavillage","Gamasheoanavillage"
"LP","HEOPKRANS","1","925660327.0","Heopkrans","Heopkrans"
"LP","NEXTTOLORDSCAFEMADIBONGVILLAGE","1","925660372.0","Nexttolordscafemadibongvillage","Nexttolordscafemadibongvillage"
"LP","SERHUKHUNE","1","925660389.0","Serhukhune","Serhukhune"
"LP","SCHOONOORD","1","925660396.0","Schoonoord","Schoonoord"
"LP","MALAGALE","1","925660419.0","Malagale","Malagale"
"LP","MOGASHOAVILLAGE","1","925660440.0","Mogashoavillage","Mogashoavillage"
"LP","MA","1","925660457.0","Ma","Ma"
"LP","SPEAKER PARK","1","992201101.0","Speaker Park","Speaker Park"
"LP","MALEKANG","1","925660501.0","Malekang","Malekang"
"LP","BOSCHKLOOF","1","925660570.0","Boschkloof","Boschkloof"
"LP","PHASHEVILLAGE","1","925660617.0","Phashevillage","Phashevillage"
"LP","GAMAGOLEGO","1","925660631.0","Gamagolego","Gamagolego"
"LP","VLAKFONTEINVILLAGE","1","922252017.0","Vlakfonteinvillage","Vlakfonteinvillage"
"LP","KUTULLO","1","925660655.0","Kutullo","Kutullo"
"LP","GALEPADIMAVILLAGE","1","922251822.0","Galepadimavillage","Galepadimavillage"
"LP","SEKHUKHUNG","1","925660716.0","Sekhukhung","Sekhukhung"
"LP","GAPHASHAVILLAGE","1","925660730.0","Gaphashavillage","Gaphashavillage"
"LP","MANGANENG","1","925660785.0","Manganeng","Manganeng"
"LP","MAILAMAPITSANE","1","925660853.0","Mailamapitsane","Mailamapitsane"
"LP","MALAENENGSECTION","1","925660877.0","Malaenengsection","Malaenengsection"
"LP","MAMPURU","1","925660983.0","Mampuru","Mampuru"
"LP","MAKAKATELASECTION","1","925660990.0","Makakatelasection","Makakatelasection"
"LP","NGWAABEAREA","1","925661023.0","Ngwaabearea","Ngwaabearea"
"LP","PHASE","1","925661030.0","Phase","Phase"
"LP","MALEKANETSAKANE","1","925661092.0","Malekanetsakane","Malekanetsakane"
"LP","MASHITE","1","925661160.0","Mashite","Mashite"
"LP","TJATANE","1","925661252.0","Tjatane","Tjatane"
"LP","TSATANE","1","925661337.0","Tsatane","Tsatane"
"LP","NEXTTOCLINIC","1","925661351.0","Nexttoclinic","Nexttoclinic"
"LP","NULL","1","925661368.0","Null","Null"
"LP","NEXTTONGWANAMATLANG","1","925661405.0","Nexttongwanamatlang","Nexttongwanamatlang"
"LP","SECTIONC","1","925661450.0","Sectionc","Sectionc"
"LP","MALEKANE","1","925661467.0","Malekane","Malekane"
"LP","MOHLAKE","1","925661573.0","Mohlake","Mohlake"
"LP","JANEFURSEPLAZA","1","925661580.0","Janefurseplaza","Janefurseplaza"
"LP","NKOTWANE","1","925661702.0","Nkotwane","Nkotwane"
"LP","MADIBONG","1","925661712.0","Madibong","Madibong"
"LP","GA-NKWANA VILLAGE","1","996601401.0","Ga Nkwana","Ga Nkwana"
"LP","Manoke Village","1","996602102.0","Manoke","Manoke"
"LP","DRESDEN","1","996602103.0","Dresden","Dresden"
"LP","AMBERGATEVILLAGE","1","922251815.0","Ambergatevillage","Ambergatevillage"
"LP","MATHONEWANE","1","922251808.0","Mathonewane","Mathonewane"
"LP","CHLOEVILLAGE","1","922251761.0","Chloevillage","Chloevillage"
"LP","MAGOBDING","1","996604401.0","Magobding","Magobding"
"LP","GA-PHALA VILLAGE","1","996604402.0","Ga Phala","Ga Phala"
"LP","MAGOBADINGVILLAGE","1","996604500.0","Magobadingvillage","Magobadingvillage"
"LP","LYDENBURG","1","996606308.0","Lydenburg","Lydenburg"
"LP","ALOE RIDGE WEST","1","996602116.0","Aloe Ridge West","Aloe Ridge West"
"LP","MABOPANE","1","922251730.0","Mabopane","Mabopane"
"LP","GAMATLALAVILLAGE","1","922251716.0","Gamatlalavillage","Gamatlalavillage"
"LP","JUNOGAMATLALA","1","922251679.0","Junogamatlala","Junogamatlala"
"LP","GOEDGEVONDENVILLAGE","1","922251662.0","Goedgevondenvillage","Goedgevondenvillage"
"LP","ELANDSKRAAL","1","906120591.0","Elandskraal","Elandskraal"
"LP","TLOMOLASTREET","1","906121075.0","Tlomolastreet","Tlomolastreet"
"LP","NEXTTOTSANTSABELA","1","921230122.0","Nexttotsantsabela","Nexttotsantsabela"
"LP","RAGAETOWNSHIP","1","921230191.0","Ragaetownship","Ragaetownship"
"LP","MIETAGAREVILLAGE","1","922251655.0","Mietagarevillage","Mietagarevillage"
"LP","DICHOEUNG","1","921230481.0","Dichoeung","Dichoeung"
"LP","MABINTANEVILLAGE","1","924141401.0","Mabintanevillage","Mabintanevillage"
"LP","THABANENG","1","922251631.0","Thabaneng","Thabaneng"
"LP","SERAGENGVILLAGE","1","924640040.0","Seragengvillage","Seragengvillage"
"LP","LEOKANENGVILLAGE","1","922251624.0","Leokanengvillage","Leokanengvillage"
"LP","SETEBONGVILLAGE","1","924640101.0","Setebongvillage","Setebongvillage"
"LP","VLAKPLAATSSECTION","1","924640118.0","Vlakplaatssection","Vlakplaatssection"
"LP","MATHAPISAVILLAGE","1","924640149.0","Mathapisavillage","Mathapisavillage"
"LP","MAMARESECTION","1","924640156.0","Mamaresection","Mamaresection"
"LP","MAMEHLABEVILLAGE","1","922251204.0","Mamehlabevillage","Mamehlabevillage"
"LP","MAWESELENG","1","924640217.0","Maweseleng","Maweseleng"
"LP","GAMATLALATHABA","1","922251198.0","Gamatlalathaba","Gamatlalathaba"
"LP","RORDONVILLAGE","1","922251167.0","Rordonvillage","Rordonvillage"
"LP","DIKATHONVILLAGE","1","924640347.0","Dikathonvillage","Dikathonvillage"
"LP","GASECHABA","1","922251150.0","Gasechaba","Gasechaba"
"LP","RAMOSHOANAVILLAGE","1","922251068.0","Ramoshoanavillage","Ramoshoanavillage"
"LP","MAMOME","1","924640385.0","Mamome","Mamome"
"LP","KGARUTHUTHUVILLAGE","1","924640408.0","Kgaruthuthuvillage","Kgaruthuthuvillage"
"LP","MOSHATESECTION","1","924640422.0","Moshatesection","Moshatesection"
"LP","OPPOSITEMARISHANE","1","924640446.0","Oppositemarishane","Oppositemarishane"
"LP","KGARUTHUTHU","1","924640453.0","Kgaruthuthu","Kgaruthuthu"
"LP","MOLELEMASECTION","1","924640460.0","Molelemasection","Molelemasection"
"LP","GAMALEETSE","1","924640491.0","Gamaleetse","Gamaleetse"
"LP","MASEMOLAAREA","1","924640521.0","Masemolaarea","Masemolaarea"
"LP","MAPHOTS","1","924640538.0","Maphots","Maphots"
"LP","TOISHINEXTTOMETHODSTCHURCH","1","924640545.0","Toishinexttomethodstchurch","Toishinexttomethodstchurch"
"LP","RAPITSI","1","922251013.0","Rapitsi","Rapitsi"
"LP","EENKANTAANVILLAGE","1","924640583.0","Eenkantaanvillage","Eenkantaanvillage"
"LP","PATANTSHWANA","1","924640620.0","Patantshwana","Patantshwana"
"LP","PHOKOANE","1","924640675.0","Phokoane","Phokoane"
"LP","LEBESANESECONDARY","1","924640699.0","Lebesanesecondary","Lebesanesecondary"
"LP","MOHLODINGVILLAGE","1","924640712.0","Mohlodingvillage","Mohlodingvillage"
"LP","LOBETHALVILLAGE","1","924640736.0","Lobethalvillage","Lobethalvillage"
"LP","RAMPURUVILLAGE","1","922251006.0","Rampuruvillage","Rampuruvillage"
"LP","MAHOAIVILLAGE","1","922250966.0","Mahoaivillage","Mahoaivillage"
"LP","MATLAKATLEVILLAGE","1","924640842.0","Matlakatlevillage","Matlakatlevillage"
"LP","MAHLOWANENGSECTION","1","924640880.0","Mahlowanengsection","Mahlowanengsection"
"LP","KGOGOSECTION","1","924640897.0","Kgogosection","Kgogosection"
"LP","LEOPENGSECTION","1","924640934.0","Leopengsection","Leopengsection"
"LP","GAMATLALAATHABA","1","922250942.0","Gamatlalaathaba","Gamatlalaathaba"
"LP","PHOFFU","1","922250904.0","Phoffu","Phoffu"
"LP","GAMOHLALA","1","924641029.0","Gamohlala","Gamohlala"
"LP","NEXTMAKGOABE","1","924641074.0","Nextmakgoabe","Nextmakgoabe"
"LP","GAMAMPANEVILLAGE","1","924641104.0","Gamampanevillage","Gamampanevillage"
"LP","NEBODISTRICT","1","924641128.0","Nebodistrict","Nebodistrict"
"LP","MOGALADI","1","924641142.0","Mogaladi","Mogaladi"
"LP","MANDTONG","1","924641180.0","Mandtong","Mandtong"
"LP","MAKADIKWE","1","924641203.0","Makadikwe","Makadikwe"
"LP","MAPHULOVILLAGE","1","922250898.0","Maphulovillage","Maphulovillage"
"LP","GAMASHAMAITE","1","922250874.0","Gamashamaite","Gamashamaite"
"LP","MASHABELAVILLAGE","1","924641289.0","Mashabelavillage","Mashabelavillage"
"LP","MARISHAMEVILLAGE","1","924641326.0","Marishamevillage","Marishamevillage"
"LP","MAROGWESECTION","1","924641364.0","Marogwesection","Marogwesection"
"LP","HWIBI","1","922250850.0","Hwibi","Hwibi"
"LP","LUCYSOWNFARM","1","922250799.0","Lucysownfarm","Lucysownfarm"
"LP","MAHLOLWANENGSECTION","1","924641432.0","Mahlolwanengsection","Mahlolwanengsection"
"LP","GASEKWATI","1","924641487.0","Gasekwati","Gasekwati"
"LP","GAMADIHLABA","1","924641517.0","Gamadihlaba","Gamadihlaba"
"LP","SEKABINGSECTION","1","924641531.0","Sekabingsection","Sekabingsection"
"LP","VLEISBOOMVILLAGE","1","924641593.0","Vleisboomvillage","Vleisboomvillage"
"LP","MAHLAKOLESECTION","1","924641678.0","Mahlakolesection","Mahlakolesection"
"LP","RIETFONTEINNGWARITSI","1","924641685.0","Rietfonteinngwaritsi","Rietfonteinngwaritsi"
"LP","GAMANHLODI","1","922250751.0","Gamanhlodi","Gamanhlodi"
"LP","MAREVILLAGE","1","924641746.0","Marevillage","Marevillage"
"LP","GAPIET","1","922250720.0","Gapiet","Gapiet"
"LP","WAAGKRAALVILLAGE","1","922250676.0","Waagkraalvillage","Waagkraalvillage"
"LP","PHOANEVILLAGE","1","924641784.0","Phoanevillage","Phoanevillage"
"LP","PHOKOANEVILLAGE","1","924641807.0","Phokoanevillage","Phokoanevillage"
"LP","MASEHLANENG","1","924641821.0","Masehlaneng","Masehlaneng"
"LP","MOLEBEDIVILLAGE","1","924641846.0","Molebedivillage","Molebedivillage"
"LP","MOGALADIVILLAGE","1","924641913.0","Mogaladivillage","Mogaladivillage"
"LP","TLETLOLO","1","924642077.0","Tletlolo","Tletlolo"
"LP","GREENSIDE","1","924642114.0","Greenside","Greenside"
"LP","GAMOLOIVILLAGE","1","924642138.0","Gamoloivillage","Gamoloivillage"
"LP","MAKGOPHENGVILLAGE","1","924642213.0","Makgophengvillage","Makgophengvillage"
"LP","MOOMAMEVILLAGE","1","924642237.0","Moomamevillage","Moomamevillage"
"LP","MAMATJEKELEVILLAGE","1","924642251.0","Mamatjekelevillage","Mamatjekelevillage"
"LP","NGWARITSICIRCUIT","1","924642268.0","Ngwaritsicircuit","Ngwaritsicircuit"
"LP","KGOMOSCHOOL","1","922250669.0","Kgomoschool","Kgomoschool"
"LP","MAMONEVILLAGE","1","924642305.0","Mamonevillage","Mamonevillage"
"LP","MALEGASANE","1","924642329.0","Malegasane","Malegasane"
"LP","MONOTOLWANENG","1","924642343.0","Monotolwaneng","Monotolwaneng"
"LP","MALAGASAMESECTION","1","924642411.0","Malagasamesection","Malagasamesection"
"LP","MORGENSON","1","924642527.0","Morgenson","Morgenson"
"LP","MAMPAMETHABENG","1","924642565.0","Mampamethabeng","Mampamethabeng"
"LP","LEKALELATRIBALAUTHORITY","1","924642572.0","Lekalelatribalauthority","Lekalelatribalauthority"
"LP","GAMALAKA","1","924642640.0","Gamalaka","Gamalaka"
"LP","MAHUBITSWANESECTION","1","924642671.0","Mahubitswanesection","Mahubitswanesection"
"LP","NEXTTORATAUSSHOP","1","924642718.0","Nexttoratausshop","Nexttoratausshop"
"LP","GAMMASEHLONG","1","922250652.0","Gammasehlong","Gammasehlong"
"LP","GAMAMPANA","1","924642756.0","Gamampana","Gamampana"
"LP","GENERALDEALER","1","924642763.0","Generaldealer","Generaldealer"
"LP","MANTHLANYANE","1","924642824.0","Manthlanyane","Manthlanyane"
"LP","THABAMAMOKWENASECTION","1","924642862.0","Thabamamokwenasection","Thabamamokwenasection"
"LP","MPHANESECTION","1","924642879.0","Mphanesection","Mphanesection"
"LP","VIERFONTEINVILLAGE","1","924642893.0","Vierfonteinvillage","Vierfonteinvillage"
"LP","KOMEVILLAGE","1","924642909.0","Komevillage","Komevillage"
"LP","MASEHLANENGVILLAGE","1","924642923.0","Masehlanengvillage","Masehlanengvillage"
"LP","GOODHOPEMANGWANYANE","1","924642961.0","Goodhopemangwanyane","Goodhopemangwanyane"
"LP","DIAFORASECTION","1","924642978.0","Diaforasection","Diaforasection"
"LP","GREENSIDEVILLAGE","1","924643025.0","Greensidevillage","Greensidevillage"
"LP","GAMAMPANE","1","924643049.0","Gamampane","Gamampane"
"LP","MASERUMULEPARKVILLAGE","1","924643056.0","Maserumuleparkvillage","Maserumuleparkvillage"
"LP","SETLAGOSANETOMARBLEHALL","1","924643070.0","Setlagosanetomarblehall","Setlagosanetomarblehall"
"LP","GAMALAKAVILLAGE","1","924643148.0","Gamalakavillage","Gamalakavillage"
"LP","MASERUMSTADPHUSULANG","1","924643193.0","Maserumstadphusulang","Maserumstadphusulang"
"LP","GOODHOPENTSHONGVILLAGE","1","924643233.0","Goodhopentshongvillage","Goodhopentshongvillage"
"LP","MACHACHA","1","924643315.0","Machacha","Machacha"
"LP","MORGEZON","1","924643377.0","Morgezon","Morgezon"
"LP","MASEMOLAVILLAGE","1","924643655.0","Masemolavillage","Masemolavillage"
"LP","TISAMESECTION","1","924644315.0","Tisamesection","Tisamesection"
"LP","GARAMMOBOLA","1","922250638.0","Garammobola","Garammobola"
"LP","BAYSWATER","1","922250591.0","Bayswater","Bayswater"
"LP","NYAKELANG","1","924650078.0","Nyakelang","Nyakelang"
"LP","MOTETEMAVILLAGE","1","924650085.0","Motetemavillage","Motetemavillage"
"LP","RAMMETLWANEVILLAGE","1","922250546.0","Rammetlwanevillage","Rammetlwanevillage"
"LP","MATLALAATHABA","1","922250492.0","Matlalaathaba","Matlalaathaba"
"LP","RAMOGWERANE","1","924650207.0","Ramogwerane","Ramogwerane"
"LP","BOTLOPUNYA","1","924650214.0","Botlopunya","Botlopunya"
"LP","RAMETLWANEVILLAGE","1","922250478.0","Rametlwanevillage","Rametlwanevillage"
"LP","BOLEU","1","924650313.0","Boleu","Boleu"
"LP","GAMATSEPETAFELKOP","1","924650344.0","Gamatsepetafelkop","Gamatsepetafelkop"
"LP","TAFELKOPVILLAGE","1","924650351.0","Tafelkopvillage","Tafelkopvillage"
"LP","MARIBANA","1","922250461.0","Maribana","Maribana"
"LP","MONSTARLUS","1","924650405.0","Monstarlus","Monstarlus"
"LP","SPITZKOFB","1","924650474.0","Spitzkofb","Spitzkofb"
"LP","GEMSBOKSPRUIT","1","924650504.0","Gemsbokspruit","Gemsbokspruit"
"LP","MMOTWANENG","1","924650528.0","Mmotwaneng","Mmotwaneng"
"LP","MAGUKUBJANEVILLAGE","1","924650566.0","Magukubjanevillage","Magukubjanevillage"
"LP","SPITSKOP","1","924650672.0","Spitskop","Spitskop"
"LP","LUKAUMISSION","1","924650740.0","Lukaumission","Lukaumission"
"LP","NEXTTOONANEPRIMARYSCHOOL","1","924650757.0","Nexttoonaneprimaryschool","Nexttoonaneprimaryschool"
"LP","MONSRERRLUS","1","924650764.0","Monsrerrlus","Monsrerrlus"
"LP","SOUTHOFTOMPISELEKACOLLEGE","1","924650788.0","Southoftompiselekacollege","Southoftompiselekacollege"
"LP","RAKGWADI","1","924650832.0","Rakgwadi","Rakgwadi"
"LP","RAKEWAPI","1","924651019.0","Rakewapi","Rakewapi"
"LP","SEPHAKUVILLAGE","1","924651279.0","Sephakuvillage","Sephakuvillage"
"LP","SEPHAKU","1","924651286.0","Sephaku","Sephaku"
"LP","MARATHYENG","1","924651293.0","Marathyeng","Marathyeng"
"LP","LUCKAUBVILLAGE","1","924651354.0","Luckaubvillage","Luckaubvillage"
"LP","MANDELA","1","924651361.0","Mandela","Mandela"
"LP","ENKELDORNSEPHAKU","1","924651446.0","Enkeldornsephaku","Enkeldornsephaku"
"LP","MGABABAVILLAGE","1","924651552.0","Mgababavillage","Mgababavillage"
"LP","MATSHITANENG","1","924651569.0","Matshitaneng","Matshitaneng"
"LP","POGARAKGWADI","1","924651903.0","Pogarakgwadi","Pogarakgwadi"
"LP","KLIPSPRUIT","1","924651910.0","Klipspruit","Klipspruit"
"LP","LUKAU","1","924651958.0","Lukau","Lukau"
"LP","GAMACHACHA","1","925641708.0","Gamachacha","Gamachacha"
"LP","MOJISEKALEVILLAGE","1","996605501.0","Mojisekalevillage","Mojisekalevillage"
"LP","Mokgapaneng Village","1","996605702.0","Mokgapaneng","Mokgapaneng"
"LP","HARRIEZWISHGARAWESHI","1","922250454.0","Harriezwishgaraweshi","Harriezwishgaraweshi"
"LP","MADIETANE","1","922250430.0","Madietane","Madietane"
"LP","ZAAIPLAASVILLAGE","1","996606505.0","Zaaiplaasvillage","Zaaiplaasvillage"
"LP","MABITSELA","1","922250416.0","Mabitsela","Mabitsela"
"LP","FAIRLOURIE","1","922250379.0","Fairlourie","Fairlourie"
"LP","SCOEMANSBOERDERYMARBLEHALL","1","996606522.0","Scoemansboerderymarblehall","Scoemansboerderymarblehall"
"LP","MASOING","1","996606530.0","Masoing","Masoing"
"LP","DEWAGENDRIFT","1","996606532.0","Dewagendrift","Dewagendrift"
"LP","AQUAVILLE VILLAGE","1","996606538.0","Aquaville","Aquaville"
"LP","MONYOANENLGWAALKRAAL","1","922250362.0","Monyoanenlgwaalkraal","Monyoanenlgwaalkraal"
"LP","SONDAGFONTEIN","1","996606603.0","Sondagfontein","Sondagfontein"
"LP","UITSPANNINGBHAGKADIMENG","1","996606604.0","Uitspanningbhagkadimeng","Uitspanningbhagkadimeng"
"LP","KGAPAMADI","1","996606605.0","Kgapamadi","Kgapamadi"
"LP","NAGANENG","1","996606606.0","Naganeng","Naganeng"
"LP","KGOBOKWALE","1","996606607.0","Kgobokwale","Kgobokwale"
"LP","TENMORGAN","1","996606608.0","Tenmorgan","Tenmorgan"
"LP","FIVEMORGEN","1","996606609.0","Fivemorgen","Fivemorgen"
"LP","LEKGORONGVILLAGE","1","922250331.0","Lekgorongvillage","Lekgorongvillage"
"LP","WALKRAALA","1","996606612.0","Walkraala","Walkraala"
"LP","RAMOPHOSA","1","996606613.0","Ramophosa","Ramophosa"
"LP","MPHELENG","1","996606614.0","Mpheleng","Mpheleng"
"LP","GAMMASEHLONGCRADOCK","1","922250287.0","Gammasehlongcradock","Gammasehlongcradock"
"LP","KGOBOKWANE","1","996606619.0","Kgobokwane","Kgobokwane"
"LP","SONDAGSFONTEIN","1","996606620.0","Sondagsfontein","Sondagsfontein"
"LP","SOETMELKFONTEINB","1","996606621.0","Soetmelkfonteinb","Soetmelkfonteinb"
"LP","MATHLALALEWELEREVILLAGE","1","996606622.0","Mathlalalewelerevillage","Mathlalalewelerevillage"
"LP","PHUMULA","1","996606627.0","Phumula","Phumula"
"LP","LUSAKA","1","996606628.0","Lusaka","Lusaka"
"LP","KIRKVORSHFONTEIN","1","996606630.0","Kirkvorshfontein","Kirkvorshfontein"
"LP","KABOKWNE","1","996606631.0","Kabokwne","Kabokwne"
"LP","OORLOG VILLAGE","1","996606632.0","Oorlog","Oorlog"
"LP","ELANDSDOORN D","1","996606636.0","Elandsdoorn D","Elandsdoorn D"
"LP","ORTAMBO","1","996606701.0","Ortambo","Ortambo"
"LP","ORTHAMBO","1","996606704.0","Orthambo","Orthambo"
"LP","KGOROSHI","1","922250270.0","Kgoroshi","Kgoroshi"
"LP","NTLOLAMEVILLAGE","1","922250263.0","Ntlolamevillage","Ntlolamevillage"
"LP","KERKVORSFONTEINA","1","996606708.0","Kerkvorsfonteina","Kerkvorsfonteina"
"LP","KWAWRELAAGTE","1","996606710.0","Kwawrelaagte","Kwawrelaagte"
"LP","BLOEMPOORT","1","996606713.0","Bloempoort","Bloempoort"
"LP","PHETOLE","1","922250249.0","Phetole","Phetole"
"LP","SELOLOVILLAGEGAMATLALA","1","922250188.0","Selolovillagegamatlala","Selolovillagegamatlala"
"LP","ELANDSDOORNA","1","996606717.0","Elandsdoorna","Elandsdoorna"
"LP","ELANDSDOORNB","1","996606718.0","Elandsdoornb","Elandsdoornb"
"LP","DENNICTON","1","996606719.0","Dennicton","Dennicton"
"LP","UITSPAN","1","996606721.0","Uitspan","Uitspan"
"LP","MOUTSE","1","996606722.0","Moutse","Moutse"
"LP","KERKVORSFONTEIN","1","996606723.0","Kerkvorsfontein","Kerkvorsfontein"
"LP","VYFMORGAN","1","996606727.0","Vyfmorgan","Vyfmorgan"
"LP","DIBENG","1","922250171.0","Dibeng","Dibeng"
"LP","FEIRLEYVILLAGE","1","922250164.0","Feirleyvillage","Feirleyvillage"
"LP","DRIEFONTEIN VILLAGE","1","996606816.0","Driefontein","Driefontein"
"LP","MALEBITSA VILLAGE","1","996606818.0","Malebitsa","Malebitsa"
"LP","VOORREG","1","996606819.0","Voorreg","Voorreg"
"LP","Keerom village","1","996606820.0","Keerom","Keerom"
"LP","TWEEFONTEIN","1","996606822.0","Tweefontein","Tweefontein"
"LP","Matlelerekeng Village","1","996606824.0","Matlelerekeng","Matlelerekeng"
"LP","DOORNLAAGTE","1","996606825.0","Doornlaagte","Doornlaagte"
"LP","RATHOKE VILLAGE","1","996606827.0","Rathoke","Rathoke"
"LP","LEEUKUIL","1","996606828.0","Leeukuil","Leeukuil"
"LP","Rathoke Village","1","996606829.0","Rathoke","Rathoke"
"LP","Uitvlught","1","996606832.0","Uitvlught","Uitvlught"
"LP","STADIUMVIEW","1","925621848.0","Stadiumview","Stadiumview"
"LP","SASELEMANI VILLAGE","1","900009123.0","Saselemani","Saselemani"
"LP","MARANZHEV","1","902351487.0","Maranzhev","Maranzhev"
"LP","MUTELEA","1","905310325.0","Mutelea","Mutelea"
"LP","GAMABITSELALEESDALE","1","922250133.0","Gamabitselaleesdale","Gamabitselaleesdale"
"LP","MAROWE","1","922250126.0","Marowe","Marowe"
"LP","GAMASELESELE","1","922250119.0","Gamaselesele","Gamaselesele"
"LP","MAKGOPOVILLAGE","1","922250096.0","Makgopovillage","Makgopovillage"
"LP","PERSKEBULT","1","922222466.0","Perskebult","Perskebult"
"LP","NEXTTODZWERANICLINIC","1","911320094.0","Nexttodzweraniclinic","Nexttodzweraniclinic"
"LP","GLENROOI","1","922221494.0","Glenrooi","Glenrooi"
"LP","MBHALATI","1","911320971.0","Mbhalati","Mbhalati"
"LP","RASANI","1","911321660.0","Rasani","Rasani"
"LP","GAMATAMANYANE","1","922221456.0","Gamatamanyane","Gamatamanyane"
"LP","ALTEIN VILLAGE","1","911360016.0","Altein","Altein"
"LP","NGHOMUNGHOMU","1","911360023.0","Nghomunghomu","Nghomunghomu"
"LP","HALAHALAVILLAGE","1","911360030.0","Halahalavillage","Halahalavillage"
"LP","PLANGE","1","911360047.0","Plange","Plange"
"LP","MERWE","1","911360054.0","Merwe","Merwe"
"LP","MANYAPYEVILLAGE","1","922221425.0","Manyapyevillage","Manyapyevillage"
"LP","MAKHUBELEVILLAGE","1","911360078.0","Makhubelevillage","Makhubelevillage"
"LP","PHUGWANI","1","911360085.0","Phugwani","Phugwani"
"LP","NKOVANI","1","911360108.0","Nkovani","Nkovani"
"LP","GIJAMHANDENI","1","911360115.0","Gijamhandeni","Gijamhandeni"
"LP","MASHOBYE","1","911360122.0","Mashobye","Mashobye"
"LP","MERWEVILLAGE","1","911360139.0","Merwevillage","Merwevillage"
"LP","NTLHAVENIBLOCKG","1","911360146.0","Ntlhaveniblockg","Ntlhaveniblockg"
"LP","GOVHU","1","911360153.0","Govhu","Govhu"
"LP","POSTOFFICE","1","922221416.0","Postoffice","Postoffice"
"LP","THULAMELE","1","911360184.0","Thulamele","Thulamele"
"LP","PENINHOTSA","1","911360207.0","Peninhotsa","Peninhotsa"
"LP","TSHIKONELO","1","911360238.0","Tshikonelo","Tshikonelo"
"LP","MATIYANIVILLAGE","1","911360252.0","Matiyanivillage","Matiyanivillage"
"LP","KMNORTH","1","922221364.0","Kmnorth","Kmnorth"
"LP","SEGWALENG","1","922221074.0","Segwaleng","Segwaleng"
"LP","MPHAKATIVILLAGE","1","911360283.0","Mphakativillage","Mphakativillage"
"LP","GAKOMAPE","1","922221043.0","Gakomape","Gakomape"
"LP","SASELAMANI","1","911360344.0","Saselamani","Saselamani"
"LP","BOTSOLENI","1","911360351.0","Botsoleni","Botsoleni"
"LP","MAVILIGWI","1","911360368.0","Maviligwi","Maviligwi"
"LP","SHIKUNDU","1","911360375.0","Shikundu","Shikundu"
"LP","GAMABITSELAMOLETJIE","1","922221029.0","Gamabitselamoletjie","Gamabitselamoletjie"
"LP","MADZIKUSE","1","911360405.0","Madzikuse","Madzikuse"
"LP","BLOCKH","1","911360436.0","Blockh","Blockh"
"LP","MAKULEKEVILLAGE","1","911360443.0","Makulekevillage","Makulekevillage"
"LP","TLHAVENIBLOCKDMAFENYA","1","911360450.0","Tlhaveniblockdmafenya","Tlhaveniblockdmafenya"
"LP","NEXTTOZCCCHURCH","1","911360580.0","Nexttozccchurch","Nexttozccchurch"
"LP","GAKGASHAVILLAGE","1","922221005.0","Gakgashavillage","Gakgashavillage"
"LP","MULAMULAVILLAGE","1","911360603.0","Mulamulavillage","Mulamulavillage"
"LP","GASETATI","1","922220958.0","Gasetati","Gasetati"
"LP","MALAMULELETRIBALAUTHORITY","1","911360740.0","Malamuleletribalauthority","Malamuleletribalauthority"
"LP","MALAMULELEWEST","1","911360771.0","Malamulelewest","Malamulelewest"
"LP","MULAMULA","1","911360801.0","Mulamula","Mulamula"
"LP","STANDA","1","911360856.0","Standa","Standa"
"LP","XIGALO","1","911360863.0","Xigalo","Xigalo"
"LP","WARDE","1","911360887.0","Warde","Warde"
"LP","TSHIKONELOVILLAGE","1","911360900.0","Tshikonelovillage","Tshikonelovillage"
"LP","MALAMULELENORTHEAST","1","911360917.0","Malamulelenortheast","Malamulelenortheast"
"LP","JOSEFAVILLAGE","1","911360948.0","Josefavillage","Josefavillage"
"LP","ELIMROAD","1","911361224.0","Elimroad","Elimroad"
"LP","DUMELABULWINIVILLAGE","1","911361231.0","Dumelabulwinivillage","Dumelabulwinivillage"
"LP","MAGONA","1","911361262.0","Magona","Magona"
"LP","GANDLANANIVILLAGE","1","911361309.0","Gandlananivillage","Gandlananivillage"
"LP","MALAMULELETOGIYANIROAD","1","911361323.0","Malamuleletogiyaniroad","Malamuleletogiyaniroad"
"LP","MAPAPILAVILLAGE","1","911361378.0","Mapapilavillage","Mapapilavillage"
"LP","MADONSITRIBALAUTHORITYMALAMULELE","1","911361392.0","Madonsitribalauthoritymalamulele","Madonsitribalauthoritymalamulele"
"LP","MERWEB","1","911361408.0","Merweb","Merweb"
"LP","MTITITI","1","911361415.0","Mtititi","Mtititi"
"LP","MALUMELELE","1","911361439.0","Malumelele","Malumelele"
"LP","NEXTTOTHECLINIC","1","911361491.0","Nexttotheclinic","Nexttotheclinic"
"LP","NEXTTOMAGISTRATEOFFICE","1","911361538.0","Nexttomagistrateoffice","Nexttomagistrateoffice"
"LP","MALAMOLELE","1","911361569.0","Malamolele","Malamolele"
"LP","SHITLHELANI","1","911361651.0","Shitlhelani","Shitlhelani"
"LP","MANGHENAHLENGANIVILLAGE","1","911361828.0","Manghenahlenganivillage","Manghenahlenganivillage"
"LP","NDLHAZINIVILLAGE","1","911361862.0","Ndlhazinivillage","Ndlhazinivillage"
"LP","RAMONGWANA","1","922220934.0","Ramongwana","Ramongwana"
"LP","MALALEVILLAGE","1","928310011.0","Malalevillage","Malalevillage"
"LP","MADIMO","1","928310356.0","Madimo","Madimo"
"LP","MBODI","1","929310028.0","Mbodi","Mbodi"
"LP","SEBORAVILLAGE","1","922220798.0","Seboravillage","Seboravillage"
"LP","DAMBALE","1","929310042.0","Dambale","Dambale"
"LP","GASEMENYA","1","922220682.0","Gasemenya","Gasemenya"
"LP","MASEKGALAKA","1","922220637.0","Masekgalaka","Masekgalaka"
"LP","FLOVHODWE","1","929310073.0","Flovhodwe","Flovhodwe"
"LP","GUMBU","1","929310080.0","Gumbu","Gumbu"
"LP","MATATANI","1","929310103.0","Matatani","Matatani"
"LP","SAGOLESPA","1","929310110.0","Sagolespa","Sagolespa"
"LP","MUKUNDEVILLAGE","1","929310127.0","Mukundevillage","Mukundevillage"
"LP","GAGAHLAHLA","1","922220590.0","Gagahlahla","Gagahlahla"
"LP","MUSWODIDIPENI","1","929310141.0","Muswodidipeni","Muswodidipeni"
"LP","MASIBI","1","929310158.0","Masibi","Masibi"
"LP","MUSHITHE","1","929310165.0","Mushithe","Mushithe"
"LP","TSHENZHELANIVILLAGE","1","929310172.0","Tshenzhelanivillage","Tshenzhelanivillage"
"LP","DOMBONIRS","1","929310189.0","Dombonirs","Dombonirs"
"LP","MAPAKONIVILLAGE","1","929310196.0","Mapakonivillage","Mapakonivillage"
"LP","MUKOHABALE","1","929310202.0","Mukohabale","Mukohabale"
"LP","TSHIVHONGWENI","1","929310219.0","Tshivhongweni","Tshivhongweni"
"LP","ZWIGODINI","1","929310226.0","Zwigodini","Zwigodini"
"LP","ONWAYTOPAFURIGATE","1","929310233.0","Onwaytopafurigate","Onwaytopafurigate"
"LP","DOVHO","1","929310257.0","Dovho","Dovho"
"LP","SIGONDE","1","929310264.0","Sigonde","Sigonde"
"LP","MANENZHE","1","929310271.0","Manenzhe","Manenzhe"
"LP","MOLETJIEGAMOETIVILLAGE","1","922220385.0","Moletjiegamoetivillage","Moletjiegamoetivillage"
"LP","MAPATENGVILLAGE","1","922220354.0","Mapatengvillage","Mapatengvillage"
"LP","BALE","1","929310302.0","Bale","Bale"
"LP","MASEAVILLAGE","1","929310332.0","Maseavillage","Maseavillage"
"LP","MANENZHEMARAULU","1","929310363.0","Manenzhemaraulu","Manenzhemaraulu"
"LP","TSHIPISE","1","929310370.0","Tshipise","Tshipise"
"LP","MUTELEB","1","929310400.0","Muteleb","Muteleb"
"LP","GAMABOTJAVILLAGE","1","922220279.0","Gamabotjavillage","Gamabotjavillage"
"LP","TSHIDONGOLOLWE","1","929310592.0","Tshidongololwe","Tshidongololwe"
"LP","MADIHORONG","1","922220200.0","Madihorong","Madihorong"
"LP","NYADZANI","1","929310721.0","Nyadzani","Nyadzani"
"LP","LURANGWETSHIKUNDAMALEMA","1","929310738.0","Lurangwetshikundamalema","Lurangwetshikundamalema"
"LP","MUTSHENZHENI","1","929310757.0","Mutshenzheni","Mutshenzheni"
"LP","MONTZVILLAGE","1","922212407.0","Montzvillage","Montzvillage"
"LP","TSHITAVHASAMBANDOU","1","929310820.0","Tshitavhasambandou","Tshitavhasambandou"
"LP","VHUTALUVILLAGE","1","929310844.0","Vhutaluvillage","Vhutaluvillage"
"LP","NEXTTOSPAZASHOP","1","929310851.0","Nexttospazashop","Nexttospazashop"
"LP","NYAGOHOSTREET","1","929310905.0","Nyagohostreet","Nyagohostreet"
"LP","WITLICHT","1","922211954.0","Witlicht","Witlicht"
"LP","EARLYDAWNFARM","1","922211817.0","Earlydawnfarm","Earlydawnfarm"
"LP","GUYUNI","1","929311006.0","Guyuni","Guyuni"
"LP","TSHITAVHA","1","929311007.0","Tshitavha","Tshitavha"
"LP","DZAMBA","1","929311052.0","Dzamba","Dzamba"
"LP","MUTALEMAGISTRATE","1","929311069.0","Mutalemagistrate","Mutalemagistrate"
"LP","FEFE","1","929311076.0","Fefe","Fefe"
"LP","NONPARELLAVILLAGE","1","922211787.0","Nonparellavillage","Nonparellavillage"
"LP","GUNDANI","1","929311090.0","Gundani","Gundani"
"LP","MOLETJIEGAKOLOPO","1","922211299.0","Moletjiegakolopo","Moletjiegakolopo"
"LP","HAMABILA","1","929311144.0","Hamabila","Hamabila"
"LP","MAFUKANIVILLAGE","1","929311168.0","Mafukanivillage","Mafukanivillage"
"LP","TSHIBVUMO","1","929311175.0","Tshibvumo","Tshibvumo"
"LP","MATAVHELA","1","929311199.0","Matavhela","Matavhela"
"LP","NGALAVHANI","1","929311206.0","Ngalavhani","Ngalavhani"
"LP","POMUTALE","1","929311212.0","Pomutale","Pomutale"
"LP","SHAKADZA","1","929311229.0","Shakadza","Shakadza"
"LP","TSHAMULUNGWI","1","929311243.0","Tshamulungwi","Tshamulungwi"
"LP","TSHANDAMAVILLAGE","1","929311250.0","Tshandamavillage","Tshandamavillage"
"LP","MATSHAVHAWE","1","929311274.0","Matshavhawe","Matshavhawe"
"LP","SWARTZVILLAGE","1","922210869.0","Swartzvillage","Swartzvillage"
"LP","TSHAANDA","1","929311298.0","Tshaanda","Tshaanda"
"LP","TSHIXWADZA","1","929311304.0","Tshixwadza","Tshixwadza"
"LP","PILEVILLAGE","1","929311311.0","Pilevillage","Pilevillage"
"LP","MAVHODE","1","929311328.0","Mavhode","Mavhode"
"LP","TRUSTFARM","1","922210685.0","Trustfarm","Trustfarm"
"LP","MAFUKANI","1","929311380.0","Mafukani","Mafukani"
"LP","HARAMBUDA","1","929311397.0","Harambuda","Harambuda"
"LP","BAIMORO","1","929311410.0","Baimoro","Baimoro"
"LP","TSHAPASHAVILLAGE","1","929311422.0","Tshapashavillage","Tshapashavillage"
"LP","MUTALEMUNICIPALITY","1","929311434.0","Mutalemunicipality","Mutalemunicipality"
"LP","FOLOVHODWE","1","929311458.0","Folovhodwe","Folovhodwe"
"LP","MAPATE","1","929311540.0","Mapate","Mapate"
"LP","TSWERAVILLAGE","1","929311564.0","Tsweravillage","Tsweravillage"
"LP","MAKAVHINI","1","929311649.0","Makavhini","Makavhini"
"LP","HLENGANIVILLAGE","1","929360382.0","Hlenganivillage","Hlenganivillage"
"LP","LOCATION","1","930310318.0","Location","Location"
"LP","BENNIENUTALE","1","930310349.0","Bennienutale","Bennienutale"
"LP","SAMBANDOU","1","930310455.0","Sambandou","Sambandou"
"LP","MAHOLONI","1","930310486.0","Maholoni","Maholoni"
"LP","DOMBONI","1","930310493.0","Domboni","Domboni"
"LP","NTSIMA","1","922210524.0","Ntsima","Ntsima"
"LP","TAAIBOSCHGROET","1","920331964.0","Taaiboschgroet","Taaiboschgroet"
"LP","TSHIKONDENI","1","930310547.0","Tshikondeni","Tshikondeni"
"LP","GUYUNIVILLAGE","1","930310554.0","Guyunivillage","Guyunivillage"
"LP","LAMVIVILLAGE","1","930310578.0","Lamvivillage","Lamvivillage"
"LP","SANARI","1","930310639.0","Sanari","Sanari"
"LP","KHAVHAMBE","1","930310646.0","Khavhambe","Khavhambe"
"LP","MAKUYA","1","930310691.0","Makuya","Makuya"
"LP","TSWERA","1","930310746.0","Tswera","Tswera"
"LP","MAHUNGUHWI","1","930310776.0","Mahunguhwi","Mahunguhwi"
"LP","MATANGARIVILLAGE","1","930310790.0","Matangarivillage","Matangarivillage"
"LP","GENOAVILLAGE","1","920213157.0","Genoavillage","Genoavillage"
"LP","TSHIVHASETERRIT","1","930310929.0","Tshivhaseterrit","Tshivhaseterrit"
"LP","POMAKONDE","1","930310981.0","Pomakonde","Pomakonde"
"LP","MUDASWALI","1","930310998.0","Mudaswali","Mudaswali"
"LP","MADATSHITSHI","1","930311526.0","Madatshitshi","Madatshitshi"
"LP","WATERHOUTSTREET","1","920213146.0","Waterhoutstreet","Waterhoutstreet"
"LP","SIMSON","1","920212476.0","Simson","Simson"
"LP","THORPVILLAGE","1","920212469.0","Thorpvillage","Thorpvillage"
"LP","POSAITO","1","930320117.0","Posaito","Posaito"
"LP","MAHEMATSHENA","1","930320131.0","Mahematshena","Mahematshena"
"LP","SHAYANDINA","1","930320148.0","Shayandina","Shayandina"
"LP","MAUNGUWEBLOCK","1","930320162.0","Maunguweblock","Maunguweblock"
"LP","ITSANI","1","930320209.0","Itsani","Itsani"
"LP","BOGNAFARM","1","920212452.0","Bognafarm","Bognafarm"
"LP","KONINGSKRANS","1","920212445.0","Koningskrans","Koningskrans"
"LP","NEXTTOTSHILIDZINIHOSPITAL","1","930320247.0","Nexttotshilidzinihospital","Nexttotshilidzinihospital"
"LP","FISHERSCAFE","1","930320278.0","Fisherscafe","Fisherscafe"
"LP","MANAMANIVILLAGE","1","930320285.0","Manamanivillage","Manamanivillage"
"LP","THOHOYANDON","1","930320292.0","Thohoyandon","Thohoyandon"
"LP","BROADIHILLBVILLAGE","1","920212421.0","Broadihillbvillage","Broadihillbvillage"
"LP","TSHIRULULUNI","1","930320919.0","Tshirululuni","Tshirululuni"
"LP","MAVHULANI","1","930320926.0","Mavhulani","Mavhulani"
"LP","BALANGANANI","1","930320940.0","Balanganani","Balanganani"
"LP","NNGWEKHULU","1","930320957.0","Nngwekhulu","Nngwekhulu"
"LP","MANAVHELA","1","930321042.0","Manavhela","Manavhela"
"LP","SUNDANIVILLAGE","1","930321097.0","Sundanivillage","Sundanivillage"
"LP","TSHITUNGULWANE","1","930321103.0","Tshitungulwane","Tshitungulwane"
"LP","TSHINGULWANA","1","930321134.0","Tshingulwana","Tshingulwana"
"LP","GAMANKGODI","1","920212391.0","Gamankgodi","Gamankgodi"
"LP","TSHINOVILLAGE","1","930321219.0","Tshinovillage","Tshinovillage"
"LP","TSHIMBUPFETC","1","930321226.0","Tshimbupfetc","Tshimbupfetc"
"LP","MBAHE","1","930350019.0","Mbahe","Mbahe"
"LP","SADU","1","920212384.0","Sadu","Sadu"
"LP","PAPPEGAAIVILLAGE","1","920212377.0","Pappegaaivillage","Pappegaaivillage"
"LP","TECHNICALROAD","1","930350057.0","Technicalroad","Technicalroad"
"LP","BLOCKPWEST","1","930350064.0","Blockpwest","Blockpwest"
"LP","MALAMANGWA","1","930350071.0","Malamangwa","Malamangwa"
"LP","NO","1","930350088.0","No","No"
"LP","WURTHSDORPFARM","1","920211947.0","Wurthsdorpfarm","Wurthsdorpfarm"
"LP","MAKUNDANINEARMUTSINDUDICIRCUIT","1","930350118.0","Makundaninearmutsindudicircuit","Makundaninearmutsindudicircuit"
"LP","TSHISELUSELU","1","930350132.0","Tshiseluselu","Tshiseluselu"
"LP","TSHIPAKO","1","930350149.0","Tshipako","Tshipako"
"LP","FUNERALPARLOUR","1","930350163.0","Funeralparlour","Funeralparlour"
"LP","MUKALA","1","930350187.0","Mukala","Mukala"
"LP","BULTFONTEINVILLAGE","1","920211930.0","Bultfonteinvillage","Bultfonteinvillage"
"LP","NEXTTOMUKULABAZAAR","1","930350200.0","Nexttomukulabazaar","Nexttomukulabazaar"
"LP","TLHONA","1","920211886.0","Tlhona","Tlhona"
"LP","TSHATSHINGOSTR","1","930350224.0","Tshatshingostr","Tshatshingostr"
"LP","GAMASHALANE","1","920211862.0","Gamashalane","Gamashalane"
"LP","TSHIVHASETERRITORIALCOUNCIL","1","930350255.0","Tshivhaseterritorialcouncil","Tshivhaseterritorialcouncil"
"LP","KHUBUI","1","930350262.0","Khubui","Khubui"
"LP","MOKONDE","1","930350279.0","Mokonde","Mokonde"
"LP","LUKANDWANI","1","930350286.0","Lukandwani","Lukandwani"
"LP","KHUBVI","1","930350316.0","Khubvi","Khubvi"
"LP","THOGANDOU","1","930350323.0","Thogandou","Thogandou"
"LP","MALEBOHOWEST","1","920211824.0","Malebohowest","Malebohowest"
"LP","SETLOKING","1","920211770.0","Setloking","Setloking"
"LP","TSHILIVHO","1","930350361.0","Tshilivho","Tshilivho"
"LP","MANIINI","1","930350378.0","Maniini","Maniini"
"LP","MASHAWANA","1","930350392.0","Mashawana","Mashawana"
"LP","MANINI","1","930350422.0","Manini","Manini"
"LP","SIDOUMUTAVHANANI","1","930350439.0","Sidoumutavhanani","Sidoumutavhanani"
"LP","DILAENENG","1","920211756.0","Dilaeneng","Dilaeneng"
"LP","THEGLADEVILLAGE","1","920211749.0","Thegladevillage","Thegladevillage"
"LP","INNES","1","920211725.0","Innes","Innes"
"LP","MPHAPHULI","1","930350637.0","Mphaphuli","Mphaphuli"
"LP","HAMATSIKA","1","930350699.0","Hamatsika","Hamatsika"
"LP","PIEPSLOOT","1","920211664.0","Piepsloot","Piepsloot"
"LP","NGWENANI","1","930350729.0","Ngwenani","Ngwenani"
"LP","MABILUNEXTTOGRAVEYARD","1","930350750.0","Mabilunexttograveyard","Mabilunexttograveyard"
"LP","MAKHUVHA","1","930350767.0","Makhuvha","Makhuvha"
"LP","NGUDZA","1","930350781.0","Ngudza","Ngudza"
"LP","MUKUMBANI","1","930350804.0","Mukumbani","Mukumbani"
"LP","LWAVUNE","1","930350828.0","Lwavune","Lwavune"
"LP","GUNDENI","1","930350835.0","Gundeni","Gundeni"
"LP","TSHITEKE","1","930350842.0","Tshiteke","Tshiteke"
"LP","NGUNDZA","1","930350859.0","Ngundza","Ngundza"
"LP","NGWENANIMAPHOLI","1","930350866.0","Ngwenanimapholi","Ngwenanimapholi"
"LP","NEXTRAPEARESTURANT","1","930350903.0","Nextrapearesturant","Nextrapearesturant"
"LP","TSHITEREKE","1","930350910.0","Tshitereke","Tshitereke"
"LP","SHIVUNGULULU","1","930350927.0","Shivungululu","Shivungululu"
"LP","GARAMMUTLA","1","920211657.0","Garammutla","Garammutla"
"LP","NAIRNVILLAGE","1","920211640.0","Nairnvillage","Nairnvillage"
"LP","NGULUMBI","1","930351142.0","Ngulumbi","Ngulumbi"
"LP","MASHAKADZA","1","930351166.0","Mashakadza","Mashakadza"
"LP","MANGONDI","1","930351210.0","Mangondi","Mangondi"
"LP","MURAGA","1","930351258.0","Muraga","Muraga"
"LP","MANIILI","1","930351272.0","Maniili","Maniili"
"LP","TSHIKAMBE","1","930351296.0","Tshikambe","Tshikambe"
"LP","LADUMABAKERY","1","930351326.0","Ladumabakery","Ladumabakery"
"LP","TSHIVHILWI","1","930351333.0","Tshivhilwi","Tshivhilwi"
"LP","TSHIVHASETC","1","930351340.0","Tshivhasetc","Tshivhasetc"
"LP","PHIPHIDI","1","930351364.0","Phiphidi","Phiphidi"
"LP","TSHIFIFI","1","930351371.0","Tshififi","Tshififi"
"LP","PHIHIDI","1","930351388.0","Phihidi","Phihidi"
"LP","RADALI","1","930351463.0","Radali","Radali"
"LP","POVHUFULI","1","930351524.0","Povhufuli","Povhufuli"
"LP","VONDWE","1","930351555.0","Vondwe","Vondwe"
"LP","BLOCKK","1","930351704.0","Blockk","Blockk"
"LP","NEXTTOMVUDIPARK","1","930351726.0","Nexttomvudipark","Nexttomvudipark"
"LP","HADALI","1","930351748.0","Hadali","Hadali"
"LP","TSHAMUTILIKWA","1","930351783.0","Tshamutilikwa","Tshamutilikwa"
"LP","GONDENI","1","930352075.0","Gondeni","Gondeni"
"LP","DRIEKOPPIESVILLAGE","1","920211633.0","Driekoppiesvillage","Driekoppiesvillage"
"LP","MANGHENAVILLAGE","1","930360467.0","Manghenavillage","Manghenavillage"
"LP","BEGWA","1","930360498.0","Begwa","Begwa"
"LP","TSHIDZINI","1","930360535.0","Tshidzini","Tshidzini"
"LP","THAALANEVILLAGE","1","920211589.0","Thaalanevillage","Thaalanevillage"
"LP","GATHONI","1","930360979.0","Gathoni","Gathoni"
"LP","THOYNDOU","1","930360993.0","Thoyndou","Thoyndou"
"LP","LAMBANI","1","930361001.0","Lambani","Lambani"
"LP","TSHAMULAVHU","1","930361002.0","Tshamulavhu","Tshamulavhu"
"LP","LAMBANIMAHAGALA","1","930361064.0","Lambanimahagala","Lambanimahagala"
"LP","MADZHAMU","1","930361088.0","Madzhamu","Madzhamu"
"LP","MAHAJALA","1","930361095.0","Mahajala","Mahajala"
"LP","MUSHIRO","1","930361149.0","Mushiro","Mushiro"
"LP","POTSHIFUDI","1","930361156.0","Potshifudi","Potshifudi"
"LP","DZWABONI","1","930361170.0","Dzwaboni","Dzwaboni"
"LP","GABA","1","930361187.0","Gaba","Gaba"
"LP","TOVHOWANI","1","930361736.0","Tovhowani","Tovhowani"
"LP","TSHISAHULUVILLAGE","1","931321952.0","Tshisahuluvillage","Tshisahuluvillage"
"LP","MUFUNWE","1","939311182.0","Mufunwe","Mufunwe"
"LP","XITLHELANI VILLAGE","1","993301101.0","Xitlhelani","Xitlhelani"
"LP","SEFIHLAMPYANAVILLAGE","1","920211541.0","Sefihlampyanavillage","Sefihlampyanavillage"
"LP","CHIEF MADONSI","1","993301106.0","Chief Madonsi","Chief Madonsi"
"LP","MADONSI","1","993301107.0","Madonsi","Madonsi"
"LP","GROOTDRAAIVILLAGE","1","920211534.0","Grootdraaivillage","Grootdraaivillage"
"LP","NGHOMUNGHOMU VILLAGE","1","993301202.0","Nghomunghomu","Nghomunghomu"
"LP","MTITITI-ALTEIN VILLAGE","1","993301205.0","Mtititi Altein","Mtititi Altein"
"LP","PHAPHAZELA VILLAGE","1","993301206.0","Phaphazela","Phaphazela"
"LP","MAPHOPHE","1","993301301.0","Maphophe","Maphophe"
"LP","Masia Tshikonelo","1","993301400.0","Masia Tshikonelo","Masia Tshikonelo"
"LP","Dumela Village","1","993301403.0","Dumela","Dumela"
"LP","MHINGA VILLAGE","1","993301404.0","Mhinga","Mhinga"
"LP","MUSWANE VILLAGE","1","993301500.0","Muswane","Muswane"
"LP","MUHUYU VILLAGE","1","993302101.0","Muhuyu","Muhuyu"
"LP","Tshithuthuni Village","1","993302102.0","Tshithuthuni","Tshithuthuni"
"LP","MUKULA SATANE","1","993305200.0","Mukula Satane","Mukula Satane"
"LP","NGULUMI","1","993305402.0","Ngulumi","Ngulumi"
"LP","DZINGANE","1","993305405.0","Dzingane","Dzingane"
"LP","LUFULE 1 VILLAGE","1","993305406.0","Lufule 1","Lufule 1"
"LP","ZWAVHAVHILI","1","993306103.0","Zwavhavhili","Zwavhavhili"
"LP","PUNDAMARIAROADNEXTTOMHINGACLINIC","1","911361675.0","Pundamariaroadnexttomhingaclinic","Pundamariaroadnexttomhingaclinic"
"LP","NEXTTOSCRAPYARD","1","993305501.0","Nexttoscrapyard","Nexttoscrapyard"
"LP","NEXTTOGRAVEYARD","1","911360795.0","Nexttograveyard","Nexttograveyard"
"LP","LUFULE","1","993305407.0","Lufule","Lufule"
"LP","CHAMAVHUDZI","1","902331582.0","Chamavhudzi","Chamavhudzi"
"LP","HOPEFARM","1","902331605.0","Hopefarm","Hopefarm"
"LP","MWALISTREET","1","902331612.0","Mwalistreet","Mwalistreet"
"LP","SCHUITDRIFTFARM","1","902331667.0","Schuitdriftfarm","Schuitdriftfarm"
"LP","BLACKHILL","1","920211527.0","Blackhill","Blackhill"
"LP","DRIEKOPPIES","1","920211497.0","Driekoppies","Driekoppies"
"LP","WUPPERTOE","1","920211480.0","Wuppertoe","Wuppertoe"
"LP","MAROIFARM","1","902332554.0","Maroifarm","Maroifarm"
"LP","WUPPETOE","1","920211473.0","Wuppetoe","Wuppetoe"
"LP","OPPOSITESAPEKOE","1","905321417.0","Oppositesapekoe","Oppositesapekoe"
"LP","ONGEDACHTL","1","905321462.0","Ongedachtl","Ongedachtl"
"LP","DANTZIGVILLAGE","1","920211466.0","Dantzigvillage","Dantzigvillage"
"LP","BETWEENMASIAANDVYEBOOM","1","905321592.0","Betweenmasiaandvyeboom","Betweenmasiaandvyeboom"
"LP","GAMONYEBODIVILLAGE","1","920211435.0","Gamonyebodivillage","Gamonyebodivillage"
"LP","SONGOZWI","1","905331063.0","Songozwi","Songozwi"
"LP","STANDNOVM","1","905331124.0","Standnovm","Standnovm"
"LP","SPRINGFIELDVILLAGE","1","920211404.0","Springfieldvillage","Springfieldvillage"
"LP","ELTIVILLAS","1","905331414.0","Eltivillas","Eltivillas"
"LP","BUYSDORP","1","905332004.0","Buysdorp","Buysdorp"
"LP","KONINGKRAANTZ","1","920211343.0","Koningkraantz","Koningkraantz"
"LP","RONDEBOSCHPLOTS","1","905332486.0","Rondeboschplots","Rondeboschplots"
"LP","MUSEKWA","1","905332853.0","Musekwa","Musekwa"
"LP","ELIMSHIRLEYTRIBALAUTHORITY","1","912111542.0","Elimshirleytribalauthority","Elimshirleytribalauthority"
"LP","KONINGKRANS","1","920211312.0","Koningkrans","Koningkrans"
"LP","MOKWENANALEDI","1","920211305.0","Mokwenanaledi","Mokwenanaledi"
"LP","GABROEKMAN","1","920211282.0","Gabroekman","Gabroekman"
"LP","HLANGANANISOUTH","1","912520016.0","Hlangananisouth","Hlangananisouth"
"LP","BARIKWA","1","920211275.0","Barikwa","Barikwa"
"LP","MAJOSIVILLAGE","1","912520115.0","Majosivillage","Majosivillage"
"LP","MYDARLINGVILLAGE","1","920211268.0","Mydarlingvillage","Mydarlingvillage"
"LP","HLANGANAMI","1","912520160.0","Hlanganami","Hlanganami"
"LP","NEXTTOBUNGENISTADIUM","1","912520375.0","Nexttobungenistadium","Nexttobungenistadium"
"LP","POKHOMANANI","1","912520429.0","Pokhomanani","Pokhomanani"
"LP","SHIHIMU","1","912520436.0","Shihimu","Shihimu"
"LP","MBOKOTAVILLAGE","1","912520689.0","Mbokotavillage","Mbokotavillage"
"LP","BASANI","1","912520771.0","Basani","Basani"
"LP","HLANGANANIDISTRICT","1","912520856.0","Hlangananidistrict","Hlangananidistrict"
"LP","AUTHORITY","1","912520863.0","Authority","Authority"
"LP","MAVINAWARDKHENSANITRIBAL","1","912520993.0","Mavinawardkhensanitribal","Mavinawardkhensanitribal"
"LP","SERENI","1","912521224.0","Sereni","Sereni"
"LP","TIYANIVILLAGE","1","912521565.0","Tiyanivillage","Tiyanivillage"
"LP","KWAAIDRAAI","1","919341897.0","Kwaaidraai","Kwaaidraai"
"LP","INDERMARKVILLAGE","1","920211244.0","Indermarkvillage","Indermarkvillage"
"LP","STETTIN","1","920211152.0","Stettin","Stettin"
"LP","MADIBENG","1","920211121.0","Madibeng","Madibeng"
"LP","DEVILLIERSDALE","1","920211107.0","Devilliersdale","Devilliersdale"
"LP","DZUMBATHOHO","1","928330541.0","Dzumbathoho","Dzumbathoho"
"LP","BOCHUMAREA","1","920211046.0","Bochumarea","Bochumarea"
"LP","ZANZANI","1","928330565.0","Zanzani","Zanzani"
"LP","HAMATSA","1","928330572.0","Hamatsa","Hamatsa"
"LP","LETHALENGVILLAGE","1","920211022.0","Lethalengvillage","Lethalengvillage"
"LP","TSHEDZA","1","928330725.0","Tshedza","Tshedza"
"LP","NZELELE","1","928330824.0","Nzelele","Nzelele"
"LP","RALIPHASWA","1","928330893.0","Raliphaswa","Raliphaswa"
"LP","WITVLAGROAD","1","928330930.0","Witvlagroad","Witvlagroad"
"LP","PHADZIMA","1","928330954.0","Phadzima","Phadzima"
"LP","MAKHADOMAGISTRATE","1","928331193.0","Makhadomagistrate","Makhadomagistrate"
"LP","MADOMBIDZHA","1","928331285.0","Madombidzha","Madombidzha"
"LP","KMSFROMMAKHADOONTHEWITVLAGROAD","1","928331315.0","Kmsfrommakhadoonthewitvlagroad","Kmsfrommakhadoonthewitvlagroad"
"LP","ARCHIEBUILDVILLAGE","1","920210951.0","Archiebuildvillage","Archiebuildvillage"
"LP","STRAIGHTHARDT","1","928331681.0","Straighthardt","Straighthardt"
"LP","GALLSHIELSVILLAGE","1","920210906.0","Gallshielsvillage","Gallshielsvillage"
"LP","WURTHSDORP","1","920210876.0","Wurthsdorp","Wurthsdorp"
"LP","MUDEMELI","1","928331827.0","Mudemeli","Mudemeli"
"LP","DZANA","1","928331889.0","Dzana","Dzana"
"LP","MPHEPHUTRIBAL","1","928331957.0","Mphephutribal","Mphephutribal"
"LP","MURALENIVILLAGE","1","928331971.0","Muralenivillage","Muralenivillage"
"LP","NEXTTOELDORADOVILLAGE","1","920210814.0","Nexttoeldoradovillage","Nexttoeldoradovillage"
"LP","MADODONGA","1","928332035.0","Madodonga","Madodonga"
"LP","BLACKHILLVILLAGE","1","920210791.0","Blackhillvillage","Blackhillvillage"
"LP","TSHIWAVHUSIKU","1","928332219.0","Tshiwavhusiku","Tshiwavhusiku"
"LP","RAMAHANTSHAVILLAGE","1","928332257.0","Ramahantshavillage","Ramahantshavillage"
"LP","HAKUTAMA","1","928332288.0","Hakutama","Hakutama"
"LP","NEXTTORDPHOUSES","1","928332431.0","Nexttordphouses","Nexttordphouses"
"LP","MADODONGAVILLAGE","1","928332592.0","Madodongavillage","Madodongavillage"
"LP","SHESHE","1","929311236.0","Sheshe","Sheshe"
"LP","LWOMONDO","1","930320018.0","Lwomondo","Lwomondo"
"LP","LETHALENLVILLAGE","1","920210784.0","Lethalenlvillage","Lethalenlvillage"
"LP","TSHIVHALEVILLAGE","1","930320315.0","Tshivhalevillage","Tshivhalevillage"
"LP","TSMAKHUMA","1","930320384.0","Tsmakhuma","Tsmakhuma"
"LP","TSHACHUMA","1","930320414.0","Tshachuma","Tshachuma"
"LP","NEARTHELUTHERANCHURCH","1","930320445.0","Nearthelutheranchurch","Nearthelutheranchurch"
"LP","TSHIFULANANI","1","930320452.0","Tshifulanani","Tshifulanani"
"LP","EASTOFBLOUBERGHOSPITAL","1","920210760.0","Eastofblouberghospital","Eastofblouberghospital"
"LP","TSHIDZETELWAMONDO","1","930320483.0","Tshidzetelwamondo","Tshidzetelwamondo"
"LP","MAGUVHUNI","1","930320506.0","Maguvhuni","Maguvhuni"
"LP","MAMPOTE","1","920210753.0","Mampote","Mampote"
"LP","GARAMASHAKO","1","920210739.0","Garamashako","Garamashako"
"LP","MATHULE","1","930320537.0","Mathule","Mathule"
"LP","MUTSIMONI","1","930320568.0","Mutsimoni","Mutsimoni"
"LP","NEXTTOHEADMAN","1","930320582.0","Nexttoheadman","Nexttoheadman"
"LP","DZANANWAVILLAGE","1","930320629.0","Dzananwavillage","Dzananwavillage"
"LP","LUVHALANI","1","930320711.0","Luvhalani","Luvhalani"
"LP","SPRINGIELDVILLAGE","1","920210708.0","Springieldvillage","Springieldvillage"
"LP","TSHIRANGADZI","1","930320766.0","Tshirangadzi","Tshirangadzi"
"LP","RAMUKHUBAVILLAGE","1","930321059.0","Ramukhubavillage","Ramukhubavillage"
"LP","NEXTTOSOLLYSSUPERMARKET","1","920210661.0","Nexttosollyssupermarket","Nexttosollyssupermarket"
"LP","VYEBOOM","1","930321455.0","Vyeboom","Vyeboom"
"LP","VHANGANIVILLAGE","1","930321547.0","Vhanganivillage","Vhanganivillage"
"LP","MATSILA","1","930321578.0","Matsila","Matsila"
"LP","VAREDIG","1","920210616.0","Varedig","Varedig"
"LP","NEXTTOSILOAMHOSPITAL","1","930332370.0","Nexttosiloamhospital","Nexttosiloamhospital"
"LP","VLEIFONTEIN","1","931331506.0","Vleifontein","Vleifontein"
"LP","WATERVALTOWNSHIP","1","931332523.0","Watervaltownship","Watervaltownship"
"LP","PHANANANI","1","931340012.0","Phananani","Phananani"
"LP","CHIEFNTHABALALA","1","931340029.0","Chiefnthabalala","Chiefnthabalala"
"LP","MADADZHI","1","931340036.0","Madadzhi","Madadzhi"
"LP","GOEDVERWACHT","1","931340050.0","Goedverwacht","Goedverwacht"
"LP","DONKERHOEK","1","931340067.0","Donkerhoek","Donkerhoek"
"LP","NTHABALABALA","1","931340074.0","Nthabalabala","Nthabalabala"
"LP","MOTLANA","1","920210586.0","Motlana","Motlana"
"LP","LETSWATLAVILLAGE","1","920210449.0","Letswatlavillage","Letswatlavillage"
"LP","LIPZIGVILLAGE","1","920210432.0","Lipzigvillage","Lipzigvillage"
"LP","HAMULIMS","1","931340142.0","Hamulims","Hamulims"
"LP","NTHABALALA","1","931340173.0","Nthabalala","Nthabalala"
"LP","BLOUBERG","1","920210364.0","Blouberg","Blouberg"
"LP","DAIRY","1","931340203.0","Dairy","Dairy"
"LP","MOHODI","1","920210340.0","Mohodi","Mohodi"
"LP","MAKHADOMUNICIPALITYVHEMBEDISTRICT","1","931520320.0","Makhadomunicipalityvhembedistrict","Makhadomunicipalityvhembedistrict"
"LP","HAMULIMA","1","931520528.0","Hamulima","Hamulima"
"LP","MASAKONA","1","931520627.0","Masakona","Masakona"
"LP","BUFFELSHOEKMOKGWENG","1","920210333.0","Buffelshoekmokgweng","Buffelshoekmokgweng"
"LP","TRIBALCOUNCILOFFICE","1","931520757.0","Tribalcounciloffice","Tribalcounciloffice"
"LP","SENWAMOKGOPE","1","931520948.0","Senwamokgope","Senwamokgope"
"LP","NKHENSANITRIBALAUTHORITY","1","931520955.0","Nkhensanitribalauthority","Nkhensanitribalauthority"
"LP","HAMASHAMBATSHITALE","1","931521026.0","Hamashambatshitale","Hamashambatshitale"
"LP","RIVERPIAATSVILLAGE","1","931521046.0","Riverpiaatsvillage","Riverpiaatsvillage"
"LP","NJHAKANJHAKA BUNGENI","1","993303102.0","Njhakanjhaka Bungeni","Njhakanjhaka Bungeni"
"LP","MUUMONI","1","993303202.0","Muumoni","Muumoni"
"LP","GARAPHUKULA","1","920210319.0","Garaphukula","Garaphukula"
"LP","NzheleleMatanda Village","1","993304101.0","Nzhelele Matanda","Nzhelele Matanda"
"LP","SOUTPANSBERG","1","993304103.0","Soutpansberg","Soutpansberg"
"LP","PARADISE VILLAGE","1","993304202.0","Paradise","Paradise"
"LP","Dzanani","1","993304203.0","Dzanani","Dzanani"
"LP","TSHITUNI TSHAFHASI","1","993304207.0","Tshituni Tshafhasi","Tshituni Tshafhasi"
"LP","RABALI VILLAGE","1","993304209.0","Rabali","Rabali"
"LP","TSHIKOTA","1","993304300.0","Tshikota","Tshikota"
"LP","MODAMBIDZHA ZONE2","1","993304309.0","Modambidzha Zone2","Modambidzha Zone2"
"LP","MILTONDUFF","1","920210210.0","Miltonduff","Miltonduff"
"LP","MATSWALE","1","993304403.0","Matswale","Matswale"
"LP","UITENPAS","1","993304406.0","Uitenpas","Uitenpas"
"LP","CNRROADTOMILITARYBASE","1","993306301.0","Cnrroadtomilitarybase","Cnrroadtomilitarybase"
"LP","HAMANGILASI","1","993306302.0","Hamangilasi","Hamangilasi"
"LP","MASIA-MATSILA VILLAGE","1","995502102.0","Masia Matsila","Masia Matsila"
"LP","MLAGANANI","1","995502201.0","Mlaganani","Mlaganani"
"LP","MPANI C VILLAGE","1","993304210.0","Mpani C","Mpani C"
"LP","DITATSUVILLAGE","1","920210142.0","Ditatsuvillage","Ditatsuvillage"
"LP","MILTONDUFFVILLAGE","1","920210128.0","Miltonduffvillage","Miltonduffvillage"
"LP","SWEETHOMEVILLAGE","1","920210098.0","Sweethomevillage","Sweethomevillage"
"LP","DIEPSLOOTVILLAGE","1","920210074.0","Diepslootvillage","Diepslootvillage"
"LP","BOSEHLAGAMALEBOHO","1","920210050.0","Bosehlagamaleboho","Bosehlagamaleboho"
"LP","NABOOMSPRIUT","1","906120324.0","Naboomspriut","Naboomspriut"
"LP","DIPATANE","1","919341114.0","Dipatane","Dipatane"
"LP","LETSATSANA","1","919340944.0","Letsatsana","Letsatsana"
"LP","ELLISRASVAALWATERRD","1","907111092.0","Ellisrasvaalwaterrd","Ellisrasvaalwaterrd"
"LP","SEKAKENE","1","919340920.0","Sekakene","Sekakene"
"LP","PHAGAMENGLOC","1","907130130.0","Phagamengloc","Phagamengloc"
"LP","DIPATENGVILLAGE","1","919340913.0","Dipatengvillage","Dipatengvillage"
"LP","RESTVGED","1","907130574.0","Restvged","Restvged"
"LP","MELKRIVIER","1","907130840.0","Melkrivier","Melkrivier"
"LP","INDIANTOWNSHIP","1","907131249.0","Indiantownship","Indiantownship"
"LP","BOTLOKWAGAPOLATA","1","919340890.0","Botlokwagapolata","Botlokwagapolata"
"LP","GAMACHAKA","1","919340869.0","Gamachaka","Gamachaka"
"LP","MTOKS","1","919340838.0","Mtoks","Mtoks"
"LP","RAMOKGOPA","1","919340784.0","Ramokgopa","Ramokgopa"
"LP","MATOKSIRAMOKGOPA","1","919340647.0","Matoksiramokgopa","Matoksiramokgopa"
"LP","ELLISRAS","1","908110198.0","Ellisras","Ellisras"
"LP","MACHAKADWARSREVIER","1","919340609.0","Machakadwarsrevier","Machakadwarsrevier"
"LP","STEENBOKPAN","1","908110389.0","Steenbokpan","Steenbokpan"
"LP","PALALANORTH","1","908110761.0","Palalanorth","Palalanorth"
"LP","SHONGOANE","1","908111528.0","Shongoane","Shongoane"
"LP","CHROMITE","1","909130109.0","Chromite","Chromite"
"LP","MADIEHE","1","919340463.0","Madiehe","Madiehe"
"LP","MPHAKANE","1","919340456.0","Mphakane","Mphakane"
"LP","DWAALBOOM","1","909130512.0","Dwaalboom","Dwaalboom"
"LP","KOEDOESKOP","1","909130536.0","Koedoeskop","Koedoeskop"
"LP","GEDEELTE","1","909130543.0","Gedeelte","Gedeelte"
"LP","MAKOPPA","1","909130598.0","Makoppa","Makoppa"
"LP","KOEDOESKOPDISTTHABAZIMBI","1","909131164.0","Koedoeskopdistthabazimbi","Koedoeskopdistthabazimbi"
"LP","SWARTKLIP","1","909131317.0","Swartklip","Swartklip"
"LP","VANWYKSKRAAL","1","909131324.0","Vanwykskraal","Vanwykskraal"
"LP","SENTRUM","1","909131423.0","Sentrum","Sentrum"
"LP","ROOIBOKKRAAL","1","909131539.0","Rooibokkraal","Rooibokkraal"
"LP","RETHABILE","1","909131699.0","Rethabile","Rethabile"
"LP","RADIUM","1","910130055.0","Radium","Radium"
"LP","RAMOKGOPASECTION","1","919340432.0","Ramokgopasection","Ramokgopasection"
"LP","LUUEPOORT","1","910130635.0","Luuepoort","Luuepoort"
"LP","SETTLERS","1","910130673.0","Settlers","Settlers"
"LP","NOODHULPVILLAGE","1","910130765.0","Noodhulpvillage","Noodhulpvillage"
"LP","MOKOMENE","1","919340395.0","Mokomene","Mokomene"
"LP","PIENAARSRIVIER","1","910131294.0","Pienaarsrivier","Pienaarsrivier"
"LP","SEKONYE","1","919340340.0","Sekonye","Sekonye"
"LP","SETTLERSDISTRICT","1","910131560.0","Settlersdistrict","Settlersdistrict"
"LP","SOEKMEKAARTOWN","1","915340586.0","Soekmekaartown","Soekmekaartown"
"LP","SPAPARK","1","910131805.0","Spapark","Spapark"
"LP","JINNAHPARK","1","910132099.0","Jinnahpark","Jinnahpark"
"LP","KEDOESDORINGROAD","1","910133033.0","Kedoesdoringroad","Kedoesdoringroad"
"LP","NOODHULP","1","910133089.0","Noodhulp","Noodhulp"
"LP","NEXTTOMAZWE","1","921110068.0","Nexttomazwe","Nexttomazwe"
"LP","BOTSALANONG","1","921110242.0","Botsalanong","Botsalanong"
"LP","NTABESENG","1","905341183.0","Ntabeseng","Ntabeseng"
"LP","THABISENG","1","905340562.0","Thabiseng","Thabiseng"
"LP","LEPHALALA","1","921110600.0","Lephalala","Lephalala"
"LP","DITLOUNGVILLAGE","1","921110679.0","Ditloungvillage","Ditloungvillage"
"LP","HLAGALAKWENA","1","921110747.0","Hlagalakwena","Hlagalakwena"
"LP","SEFILHOGDVILLAGE","1","921110754.0","Sefilhogdvillage","Sefilhogdvillage"
"LP","ABBOTSPOORT","1","921110877.0","Abbotspoort","Abbotspoort"
"LP","MMATLADI","1","921110921.0","Mmatladi","Mmatladi"
"LP","POVILLANORA","1","921111085.0","Povillanora","Povillanora"
"LP","GANONYEKIVILLAGE","1","921111191.0","Ganonyekivillage","Ganonyekivillage"
"LP","GAMACHABAVILLAGE","1","904211442.0","Gamachabavillage","Gamachabavillage"
"LP","MORWEVILLAGE","1","921111450.0","Morwevillage","Morwevillage"
"LP","DEENDFARM","1","921111474.0","Deendfarm","Deendfarm"
"LP","PURASPANVILLAGE","1","904210500.0","Puraspanvillage","Puraspanvillage"
"LP","LEPELLE","1","925621193.0","Lepelle","Lepelle"
"LP","AVONVILLAGE","1","904210159.0","Avonvillage","Avonvillage"
"LP","Phahladira Village","1","991103401.0","Phahladira","Phahladira"
"LP","Phagameng","1","991104200.0","Phagameng","Phagameng"
"LP","BELA BELA","1","991104503.0","Bela Bela","Bela Bela"
"LP","FARM SPITSKOP","1","961104300.0","Farm Spitskop","Farm Spitskop"
